-- phpMyAdmin SQL Dump
-- version 4.1.12
-- http://www.phpmyadmin.net
--
-- Host: 127.0.0.1
-- Generation Time: Apr 07, 2015 at 01:11 PM
-- Server version: 5.6.16
-- PHP Version: 5.5.11

SET SQL_MODE = "NO_AUTO_VALUE_ON_ZERO";
SET time_zone = "+00:00";


/*!40101 SET @OLD_CHARACTER_SET_CLIENT=@@CHARACTER_SET_CLIENT */;
/*!40101 SET @OLD_CHARACTER_SET_RESULTS=@@CHARACTER_SET_RESULTS */;
/*!40101 SET @OLD_COLLATION_CONNECTION=@@COLLATION_CONNECTION */;
/*!40101 SET NAMES utf8 */;

--
-- Database: `inkop_pamsi`
--

-- --------------------------------------------------------

--
-- Table structure for table `accounts`
--

CREATE TABLE IF NOT EXISTS `accounts` (
  `id` varchar(10) COLLATE utf8_unicode_ci NOT NULL,
  `account_name` varchar(60) COLLATE utf8_unicode_ci NOT NULL,
  `created_by` varchar(60) COLLATE utf8_unicode_ci NOT NULL,
  `grade` varchar(1) COLLATE utf8_unicode_ci NOT NULL,
  `created_at` timestamp NOT NULL DEFAULT '0000-00-00 00:00:00',
  `updated_at` timestamp NOT NULL DEFAULT '0000-00-00 00:00:00',
  PRIMARY KEY (`id`)
) ENGINE=InnoDB DEFAULT CHARSET=utf8 COLLATE=utf8_unicode_ci;

-- --------------------------------------------------------

--
-- Table structure for table `acc_journal_details`
--

CREATE TABLE IF NOT EXISTS `acc_journal_details` (
  `id` int(4) NOT NULL AUTO_INCREMENT,
  `no_bukti` varchar(10) NOT NULL,
  `id_rekening` int(6) NOT NULL,
  `debet` decimal(15,2) NOT NULL DEFAULT '0.00',
  `kredit` decimal(15,2) NOT NULL DEFAULT '0.00',
  `created_at` timestamp NOT NULL DEFAULT '0000-00-00 00:00:00',
  `updated_at` timestamp NOT NULL DEFAULT '0000-00-00 00:00:00',
  PRIMARY KEY (`id`),
  KEY `no_bukti` (`no_bukti`)
) ENGINE=InnoDB  DEFAULT CHARSET=latin1 AUTO_INCREMENT=39 ;

--
-- Dumping data for table `acc_journal_details`
--

INSERT INTO `acc_journal_details` (`id`, `no_bukti`, `id_rekening`, `debet`, `kredit`, `created_at`, `updated_at`) VALUES
(5, '6', 100004, '0.00', '10000.00', '2015-03-23 08:14:22', '2015-03-23 08:14:22'),
(6, '52000', 100004, '0.00', '10000.00', '2015-03-23 08:24:59', '2015-03-23 08:24:59'),
(13, '2015030007', 100000, '10000.00', '0.00', '2015-03-23 08:45:37', '2015-03-23 08:45:37'),
(14, '2015030008', 100000, '10000.00', '0.00', '2015-03-23 08:46:23', '2015-03-23 08:46:23'),
(15, '2015030009', 100000, '10000.00', '0.00', '2015-03-23 08:46:34', '2015-03-23 08:46:34'),
(16, '2015030010', 100000, '10000.00', '0.00', '2015-03-23 08:46:55', '2015-03-23 08:46:55'),
(17, '2015030011', 100000, '10000.00', '0.00', '2015-03-23 08:47:41', '2015-03-23 08:47:41'),
(18, '2015030012', 100000, '10000.00', '0.00', '2015-03-23 08:48:52', '2015-03-23 08:48:52'),
(20, '2015030014', 100000, '10000.00', '0.00', '2015-03-23 08:49:48', '2015-03-23 08:49:48'),
(22, '2015030016', 100000, '10000.00', '0.00', '2015-03-23 08:50:55', '2015-03-23 08:50:55'),
(23, '2015030017', 100000, '10000.00', '0.00', '2015-03-23 08:51:28', '2015-03-23 08:51:28'),
(24, '2015030018', 100000, '10000.00', '0.00', '2015-03-23 08:51:38', '2015-03-23 08:51:38'),
(25, '2015030019', 100000, '10000.00', '0.00', '2015-03-23 08:51:58', '2015-03-23 08:51:58'),
(26, '2015030020', 100000, '10000.00', '0.00', '2015-03-23 08:52:13', '2015-03-23 08:52:13'),
(27, '2015030021', 100000, '10000.00', '0.00', '2015-03-23 08:52:28', '2015-03-23 08:52:28'),
(28, '2015030022', 100000, '10000.00', '0.00', '2015-03-23 08:52:35', '2015-03-23 08:52:35'),
(29, '2015030023', 100000, '10000.00', '0.00', '2015-03-23 08:53:16', '2015-03-23 08:53:16'),
(30, '2015030024', 100000, '10000.00', '0.00', '2015-03-23 08:53:25', '2015-03-23 08:53:25'),
(31, '2015030025', 100000, '10000.00', '0.00', '2015-03-23 08:53:34', '2015-03-23 08:53:34'),
(32, '2015030026', 100000, '10000.00', '0.00', '2015-03-23 08:54:40', '2015-03-23 08:54:40'),
(33, '2015030027', 100000, '10000.00', '0.00', '2015-03-23 08:55:29', '2015-03-23 08:55:29'),
(34, '2015030028', 100000, '10000.00', '0.00', '2015-03-23 08:58:24', '2015-03-23 08:58:24'),
(35, '2015030029', 100000, '10000.00', '0.00', '2015-03-23 08:59:01', '2015-03-23 08:59:01'),
(36, '2015030029', 100000, '10000.00', '0.00', '2015-03-23 09:01:03', '2015-03-23 09:01:03'),
(37, '2015030030', 100000, '10000.00', '0.00', '2015-03-23 09:01:14', '2015-03-23 09:01:14'),
(38, '2015030031', 100000, '10000.00', '0.00', '2015-03-23 09:01:46', '2015-03-23 09:01:46');

-- --------------------------------------------------------

--
-- Table structure for table `acc_journal_headers`
--

CREATE TABLE IF NOT EXISTS `acc_journal_headers` (
  `no_bukti` varchar(10) NOT NULL,
  `tanggal` timestamp NOT NULL DEFAULT CURRENT_TIMESTAMP,
  `keterangan` varchar(255) NOT NULL,
  `debet` decimal(15,2) NOT NULL DEFAULT '0.00',
  `kredit` decimal(15,2) NOT NULL DEFAULT '0.00',
  `created_at` timestamp NOT NULL DEFAULT '0000-00-00 00:00:00',
  `updated_at` timestamp NOT NULL DEFAULT '0000-00-00 00:00:00',
  PRIMARY KEY (`no_bukti`)
) ENGINE=InnoDB DEFAULT CHARSET=latin1;

--
-- Dumping data for table `acc_journal_headers`
--

INSERT INTO `acc_journal_headers` (`no_bukti`, `tanggal`, `keterangan`, `debet`, `kredit`, `created_at`, `updated_at`) VALUES
('2015030007', '2015-03-23 15:56:27', 'oke banget sih lo', '160000.00', '0.00', '2015-03-23 08:46:23', '2015-03-23 08:56:27'),
('2015030008', '2015-03-03 17:00:00', 'oke banget sih lo', '10000.00', '0.00', '2015-03-23 08:46:34', '2015-03-23 08:46:34'),
('2015030009', '2015-03-03 17:00:00', 'oke banget sih lo', '10000.00', '0.00', '2015-03-23 08:46:55', '2015-03-23 08:46:55'),
('2015030010', '2015-03-03 17:00:00', 'oke banget sih lo', '10000.00', '0.00', '2015-03-23 08:47:41', '2015-03-23 08:47:41'),
('2015030011', '2015-03-03 17:00:00', 'oke banget sih lo', '10000.00', '0.00', '2015-03-23 08:48:52', '2015-03-23 08:48:52'),
('2015030012', '2015-03-03 17:00:00', 'oke banget sih lo', '10000.00', '0.00', '2015-03-23 08:49:08', '2015-03-23 08:49:08'),
('2015030014', '2015-03-03 17:00:00', 'oke banget sih lo', '10000.00', '0.00', '2015-03-23 08:50:01', '2015-03-23 08:50:01'),
('2015030016', '2015-03-03 17:00:00', 'oke banget sih lo', '10000.00', '0.00', '2015-03-23 08:51:28', '2015-03-23 08:51:28'),
('2015030017', '2015-03-03 17:00:00', 'oke banget sih lo', '10000.00', '0.00', '2015-03-23 08:51:38', '2015-03-23 08:51:38'),
('2015030018', '2015-03-03 17:00:00', 'oke banget sih lo', '10000.00', '0.00', '2015-03-23 08:51:57', '2015-03-23 08:51:57'),
('2015030019', '2015-03-03 17:00:00', 'oke banget sih lo', '10000.00', '0.00', '2015-03-23 08:52:13', '2015-03-23 08:52:13'),
('2015030020', '2015-03-03 17:00:00', 'oke banget sih lo', '10000.00', '0.00', '2015-03-23 08:52:28', '2015-03-23 08:52:28'),
('2015030021', '2015-03-03 17:00:00', 'oke banget sih lo', '10000.00', '0.00', '2015-03-23 08:52:35', '2015-03-23 08:52:35'),
('2015030022', '2015-03-03 17:00:00', 'oke banget sih lo', '10000.00', '0.00', '2015-03-23 08:53:15', '2015-03-23 08:53:15'),
('2015030023', '2015-03-03 17:00:00', 'oke banget sih lo', '10000.00', '0.00', '2015-03-23 08:53:25', '2015-03-23 08:53:25'),
('2015030024', '2015-03-03 17:00:00', 'oke banget sih lo', '10000.00', '0.00', '2015-03-23 08:53:34', '2015-03-23 08:53:34'),
('2015030025', '2015-03-03 17:00:00', 'oke banget sih lo', '10000.00', '0.00', '2015-03-23 08:54:40', '2015-03-23 08:54:40'),
('2015030026', '2015-03-03 17:00:00', 'oke banget sih lo', '10000.00', '0.00', '2015-03-23 08:55:29', '2015-03-23 08:55:29'),
('2015030027', '2015-03-03 17:00:00', 'oke banget sih lo', '10000.00', '0.00', '2015-03-23 08:58:23', '2015-03-23 08:58:23'),
('2015030028', '2015-03-03 17:00:00', 'oke banget sih lo', '10000.00', '0.00', '2015-03-23 08:59:01', '2015-03-23 08:59:01'),
('2015030029', '2015-03-03 17:00:00', 'oke banget sih lo', '10000.00', '0.00', '2015-03-23 09:01:03', '2015-03-23 09:01:03'),
('2015030030', '2015-03-03 17:00:00', 'oke banget sih lo', '10000.00', '0.00', '2015-03-23 09:01:14', '2015-03-23 09:01:14'),
('2015030031', '2015-03-23 16:08:47', 'oke banget sih lo', '1510000.00', '0.00', '2015-03-23 09:01:46', '2015-03-23 09:08:47'),
('52000', '0000-00-00 00:00:00', 'pembayaran konsumsi', '0.00', '10000.00', '2015-03-23 08:24:59', '2015-03-23 08:24:59');

-- --------------------------------------------------------

--
-- Table structure for table `acc_klasifikasis`
--

CREATE TABLE IF NOT EXISTS `acc_klasifikasis` (
  `id_klasifikasi` int(1) NOT NULL,
  `keterangan` varchar(60) NOT NULL,
  `created_at` timestamp NOT NULL DEFAULT '0000-00-00 00:00:00',
  `updated_at` timestamp NOT NULL DEFAULT '0000-00-00 00:00:00'
) ENGINE=InnoDB DEFAULT CHARSET=latin1;

--
-- Dumping data for table `acc_klasifikasis`
--

INSERT INTO `acc_klasifikasis` (`id_klasifikasi`, `keterangan`, `created_at`, `updated_at`) VALUES
(1, 'KLASIFIKASI UTAMA', '2015-02-02 16:24:51', '0000-00-00 00:00:00'),
(2, 'GOLONGAN', '2015-02-02 16:25:06', '0000-00-00 00:00:00'),
(3, 'KELOMPOK', '2015-02-02 16:25:20', '0000-00-00 00:00:00'),
(4, 'RINCIAN', '2015-02-02 16:25:33', '0000-00-00 00:00:00'),
(5, 'JENIS', '2015-02-02 16:25:46', '0000-00-00 00:00:00');

-- --------------------------------------------------------

--
-- Table structure for table `acc_posisis`
--

CREATE TABLE IF NOT EXISTS `acc_posisis` (
  `id_posisi` varchar(6) NOT NULL DEFAULT '0',
  `keterangan` varchar(255) NOT NULL,
  `created_at` timestamp NOT NULL DEFAULT '0000-00-00 00:00:00',
  `updated_at` timestamp NOT NULL DEFAULT '0000-00-00 00:00:00'
) ENGINE=InnoDB DEFAULT CHARSET=latin1;

--
-- Dumping data for table `acc_posisis`
--

INSERT INTO `acc_posisis` (`id_posisi`, `keterangan`, `created_at`, `updated_at`) VALUES
('DEBET', 'DEBET', '2015-03-01 20:00:06', '0000-00-00 00:00:00'),
('KREDIT', 'KREDIT', '2015-03-01 20:00:06', '0000-00-00 00:00:00');

-- --------------------------------------------------------

--
-- Table structure for table `acc_profils`
--

CREATE TABLE IF NOT EXISTS `acc_profils` (
  `id` int(4) NOT NULL AUTO_INCREMENT,
  `nama_perusahaan` varchar(100) NOT NULL,
  `alamat` varchar(255) NOT NULL,
  `telpon` varchar(15) NOT NULL,
  `fax` varchar(15) NOT NULL,
  `email` varchar(255) NOT NULL,
  `website` varchar(255) NOT NULL,
  `created_at` timestamp NOT NULL DEFAULT CURRENT_TIMESTAMP,
  `updated_at` timestamp NOT NULL DEFAULT '0000-00-00 00:00:00',
  PRIMARY KEY (`id`)
) ENGINE=InnoDB  DEFAULT CHARSET=latin1 AUTO_INCREMENT=2 ;

--
-- Dumping data for table `acc_profils`
--

INSERT INTO `acc_profils` (`id`, `nama_perusahaan`, `alamat`, `telpon`, `fax`, `email`, `website`, `created_at`, `updated_at`) VALUES
(1, 'INKOPPAMSI', 'JL. BATU', '021 786787878', '021786787878', 'inkoppamsi@gmail.com', 'http://www.inkoppamsi.co.id', '2015-03-03 13:15:25', '2015-03-03 13:15:48');

-- --------------------------------------------------------

--
-- Table structure for table `acc_rekenings`
--

CREATE TABLE IF NOT EXISTS `acc_rekenings` (
  `id_rekening` int(6) NOT NULL,
  `nama_rekening` varchar(255) NOT NULL,
  `id_klasifikasi` int(1) NOT NULL,
  `parent_id` int(6) NOT NULL,
  `normal_balance` varchar(10) NOT NULL,
  `posisi` varchar(10) NOT NULL,
  `saldo_awal_debet` decimal(15,2) NOT NULL,
  `saldo_awal_kredit` decimal(15,2) NOT NULL,
  `created_at` timestamp NOT NULL DEFAULT '0000-00-00 00:00:00',
  `updated_at` timestamp NOT NULL DEFAULT '0000-00-00 00:00:00'
) ENGINE=InnoDB DEFAULT CHARSET=latin1;

--
-- Dumping data for table `acc_rekenings`
--

INSERT INTO `acc_rekenings` (`id_rekening`, `nama_rekening`, `id_klasifikasi`, `parent_id`, `normal_balance`, `posisi`, `saldo_awal_debet`, `saldo_awal_kredit`, `created_at`, `updated_at`) VALUES
(100000, 'AKTIVA', 1, 100000, 'DEBET', 'NERACA', '0.00', '0.00', '2015-03-03 20:14:24', '2015-03-03 13:14:24'),
(100004, 'PENGELUARAN SABUN', 1, 100000, 'DEBET', 'NERACA', '0.00', '0.00', '2015-03-04 14:13:00', '2015-03-04 14:13:00');

-- --------------------------------------------------------

--
-- Table structure for table `banks`
--

CREATE TABLE IF NOT EXISTS `banks` (
  `id_bank` varchar(3) NOT NULL,
  `nama_bank` varchar(60) NOT NULL,
  `created_at` timestamp NOT NULL DEFAULT '0000-00-00 00:00:00',
  `updated_at` timestamp NOT NULL DEFAULT '0000-00-00 00:00:00',
  PRIMARY KEY (`id_bank`)
) ENGINE=InnoDB DEFAULT CHARSET=latin1;

--
-- Dumping data for table `banks`
--

INSERT INTO `banks` (`id_bank`, `nama_bank`, `created_at`, `updated_at`) VALUES
('BRI', 'BRI', '2015-02-23 20:41:50', '0000-00-00 00:00:00'),
('MDR', 'MANDIRI', '2015-02-23 20:42:10', '0000-00-00 00:00:00'),
('XXX', 'NOT DEFINE', '2015-02-23 19:36:15', '0000-00-00 00:00:00');

-- --------------------------------------------------------

--
-- Table structure for table `bulan`
--

CREATE TABLE IF NOT EXISTS `bulan` (
  `id_bulan` int(4) NOT NULL AUTO_INCREMENT,
  `nama_bulan` varchar(60) NOT NULL,
  PRIMARY KEY (`id_bulan`)
) ENGINE=InnoDB  DEFAULT CHARSET=latin1 AUTO_INCREMENT=13 ;

--
-- Dumping data for table `bulan`
--

INSERT INTO `bulan` (`id_bulan`, `nama_bulan`) VALUES
(1, 'JANUARI'),
(2, 'FEBRUARI'),
(3, 'MARET'),
(4, 'APRIL'),
(5, 'MEI'),
(6, 'JUNI'),
(7, 'JUNI'),
(8, 'AGUSTUS'),
(9, 'SEPTEMBER'),
(10, 'OKTOBER'),
(11, 'NOVEMBER'),
(12, 'DESEMBER');

-- --------------------------------------------------------

--
-- Table structure for table `claims`
--

CREATE TABLE IF NOT EXISTS `claims` (
  `id_claim` int(8) NOT NULL,
  `tanggal_claim` date NOT NULL,
  `nama_lengkap` varchar(60) NOT NULL,
  `tempat_lahir` varchar(60) NOT NULL,
  `tanggal_lahir` date NOT NULL,
  `alamat_rumah` varchar(255) NOT NULL,
  `hubungan` varchar(20) NOT NULL,
  `jenis_pengajuan` varchar(30) NOT NULL,
  `id_peserta` int(8) NOT NULL,
  `id_status` int(2) NOT NULL,
  `keterangan` varchar(255) NOT NULL,
  `id_bank` varchar(3) NOT NULL,
  `cabang` varchar(60) NOT NULL,
  `nama_rekening` varchar(60) NOT NULL,
  `no_rekening` varchar(60) NOT NULL,
  `created_at` timestamp NOT NULL DEFAULT '0000-00-00 00:00:00',
  `updated_at` timestamp NOT NULL DEFAULT '0000-00-00 00:00:00',
  PRIMARY KEY (`id_claim`),
  KEY `id_peserta` (`id_peserta`),
  KEY `id_status` (`id_status`),
  KEY `id_bank` (`id_bank`)
) ENGINE=InnoDB DEFAULT CHARSET=latin1;

--
-- Dumping data for table `claims`
--

INSERT INTO `claims` (`id_claim`, `tanggal_claim`, `nama_lengkap`, `tempat_lahir`, `tanggal_lahir`, `alamat_rumah`, `hubungan`, `jenis_pengajuan`, `id_peserta`, `id_status`, `keterangan`, `id_bank`, `cabang`, `nama_rekening`, `no_rekening`, `created_at`, `updated_at`) VALUES
(2015010001, '2015-01-08', 'TOEKO TRIYANTO', 'YOGYAKARTA', '1984-06-19', 'GRIYA KOTA BEKASI 2 BLOK B29/2', 'Peserta', 'Manfaat Nilai Tunai', 2015010002, 1, '', 'MDR', 'KRAMAT', 'TOEKO TRIYANTO', '8736656546464', '2015-03-19 14:23:14', '2015-02-23 13:37:18'),
(2015010002, '2015-01-14', 'LINA TRIKUSUMA', 'MAGELANG', '0000-00-00', 'GRIYA KOTA BEKASI 2 BLOK B29/2', 'Ahli Waris', 'Manfaat Nilai Tunai', 2015010002, 1, '', 'BRI', 'KRAMAT', 'GIGOLO BALI', '8777877777', '2015-03-19 14:23:14', '2015-02-23 13:37:00'),
(2015030001, '2015-03-19', 'eko', 'JAKARTA', '0000-00-00', 'ddfdf', 'Peserta', 'Manfaat Nilai Tunai', 2014080001, 0, 'sdfsfd', 'BRI', 'dsfsdfs', 'dsadadasd', '21321312313', '2015-03-18 02:32:44', '2015-03-18 02:32:44'),
(2015030002, '2015-03-19', 'eko', 'JAKARTA', '0000-00-00', 'dsf', 'Peserta', 'Manfaat Nilai Tunai', 2014080001, 0, 'kjlj', 'BRI', 'kjl', 'kljlk', '9898798879', '2015-03-18 03:15:57', '2015-03-18 03:15:57');

-- --------------------------------------------------------

--
-- Table structure for table `coas`
--

CREATE TABLE IF NOT EXISTS `coas` (
  `id` varchar(11) COLLATE utf8_unicode_ci NOT NULL,
  `created_at` timestamp NOT NULL DEFAULT '0000-00-00 00:00:00',
  `updated_at` timestamp NOT NULL DEFAULT '0000-00-00 00:00:00',
  PRIMARY KEY (`id`)
) ENGINE=InnoDB DEFAULT CHARSET=utf8 COLLATE=utf8_unicode_ci;

-- --------------------------------------------------------

--
-- Table structure for table `divisions`
--

CREATE TABLE IF NOT EXISTS `divisions` (
  `id` varchar(4) COLLATE utf8_unicode_ci NOT NULL,
  `division_name` varchar(60) COLLATE utf8_unicode_ci NOT NULL,
  `created_at` timestamp NOT NULL DEFAULT '0000-00-00 00:00:00',
  `updated_at` timestamp NOT NULL DEFAULT '0000-00-00 00:00:00',
  PRIMARY KEY (`id`)
) ENGINE=InnoDB DEFAULT CHARSET=utf8 COLLATE=utf8_unicode_ci;

-- --------------------------------------------------------

--
-- Table structure for table `groups`
--

CREATE TABLE IF NOT EXISTS `groups` (
  `id` int(10) unsigned NOT NULL AUTO_INCREMENT,
  `name` varchar(255) COLLATE utf8_unicode_ci NOT NULL,
  `permissions` text COLLATE utf8_unicode_ci,
  `created_at` timestamp NOT NULL DEFAULT '0000-00-00 00:00:00',
  `updated_at` timestamp NOT NULL DEFAULT '0000-00-00 00:00:00',
  PRIMARY KEY (`id`),
  UNIQUE KEY `groups_name_unique` (`name`)
) ENGINE=InnoDB  DEFAULT CHARSET=utf8 COLLATE=utf8_unicode_ci AUTO_INCREMENT=3 ;

--
-- Dumping data for table `groups`
--

INSERT INTO `groups` (`id`, `name`, `permissions`, `created_at`, `updated_at`) VALUES
(1, 'admin', '{"account.read":1,"account.create":1,"account.update":1,"account.destroy":1,"subaccount.read":1,"subaccount.create":1,"subaccount.update":1,"subaccount.destroy":1,"coa.read":1,"coa.create":1,"coa.update":1,"coa.destroy":1,"register.read":1,"register.create":1,"register.update":1,"register.destroy":1,"group.read":1,"group.create":1,"group.update":1,"group.destroy":1,"user.read":1,"user.create":1,"user.update":1,"user.destroy":1}', '2015-01-06 01:32:38', '2015-01-06 01:32:38'),
(2, 'user', '{"account.read":1,"account.create":1,"account.update":1,"account.destroy":1,"subaccount.read":1,"subaccount.create":1,"subaccount.update":1,"subaccount.destroy":1,"coa.read":1,"coa.create":1,"coa.update":1,"coa.destroy":1,"register.read":1,"register.create":1,"register.update":1,"register.destroy":1,"group.read":1,"group.create":1,"group.update":1,"group.destroy":1,"user.read":1,"user.create":1,"user.update":1,"user.destroy":1}', '2015-01-06 01:33:01', '2015-01-06 01:33:01');

-- --------------------------------------------------------

--
-- Table structure for table `iurans`
--

CREATE TABLE IF NOT EXISTS `iurans` (
  `id` int(4) NOT NULL AUTO_INCREMENT,
  `id_peserta` int(8) NOT NULL,
  `cicilan_ke` int(4) NOT NULL,
  `bln_thn` varchar(10) NOT NULL,
  `iuran` decimal(18,2) NOT NULL,
  `tanggal_bayar` timestamp NOT NULL DEFAULT '0000-00-00 00:00:00',
  `id_bank` varchar(3) NOT NULL DEFAULT 'XXX',
  `status` varchar(10) NOT NULL,
  `keterangan` varchar(255) NOT NULL,
  `created_at` timestamp NOT NULL DEFAULT '0000-00-00 00:00:00',
  `updated_at` timestamp NOT NULL DEFAULT '0000-00-00 00:00:00',
  PRIMARY KEY (`id`),
  UNIQUE KEY `id_peserta` (`id_peserta`,`cicilan_ke`),
  KEY `id_bank` (`id_bank`)
) ENGINE=InnoDB  DEFAULT CHARSET=latin1 AUTO_INCREMENT=2572 ;

--
-- Dumping data for table `iurans`
--

INSERT INTO `iurans` (`id`, `id_peserta`, `cicilan_ke`, `bln_thn`, `iuran`, `tanggal_bayar`, `id_bank`, `status`, `keterangan`, `created_at`, `updated_at`) VALUES
(1, 2015010002, 1, '02-2015', '50000.00', '2015-03-17 01:03:30', 'BRI', 'LUNAS', '', '2015-03-17 08:41:30', '2015-03-17 01:41:30'),
(2, 2015010002, 2, '02-2014', '50000.00', '2015-03-11 18:17:43', 'BRI', 'TUNDA', 'oke jono', '2015-03-11 18:17:43', '2015-03-02 06:33:07'),
(3, 2015010003, 1, '02-2015', '50000.00', '2015-03-17 04:03:54', 'MDR', 'LUNAS', 'oke sudah lunas nih', '2015-03-17 11:22:54', '2015-03-17 04:22:54'),
(353, 2015030004, 1, '02-2015', '50000.00', '2015-03-17 01:03:37', 'BRI', 'LUNAS', '', '2015-03-17 08:41:37', '2015-03-17 01:41:37'),
(354, 2015030004, 2, '02-2015', '50000.00', '2015-03-17 01:03:41', 'BRI', 'LUNAS', '', '2015-03-17 08:41:41', '2015-03-17 01:41:41'),
(355, 2015030004, 3, '02-2015', '50000.00', '2015-03-17 01:03:46', 'XXX', 'LUNAS', '', '2015-03-17 08:41:46', '2015-03-17 01:41:46'),
(356, 2015030004, 4, '02-2015', '50000.00', '2015-03-17 01:03:49', 'XXX', 'LUNAS', '', '2015-03-17 08:41:49', '2015-03-17 01:41:49'),
(357, 2015030004, 5, '02-2015', '50000.00', '2015-03-17 01:03:54', 'XXX', 'LUNAS', '', '2015-03-17 08:41:54', '2015-03-17 01:41:54'),
(358, 2015030004, 6, '', '50000.00', '2015-02-23 17:00:00', 'XXX', 'LUNAS', '', '2015-03-24 03:17:29', '2015-03-23 20:17:29'),
(359, 2015030004, 7, '', '50000.00', '2015-02-23 19:38:16', 'XXX', 'TUNDA', '', '2015-02-23 19:38:16', '2015-02-19 14:09:12'),
(360, 2015030004, 8, '', '50000.00', '2015-02-23 19:38:16', 'XXX', 'TUNDA', '', '2015-02-23 19:38:16', '2015-02-19 14:09:12'),
(361, 2015030004, 9, '', '50000.00', '2015-02-23 19:38:16', 'XXX', 'TUNDA', '', '2015-02-23 19:38:16', '2015-02-19 14:09:12'),
(362, 2015030004, 10, '', '50000.00', '2015-02-23 19:38:16', 'XXX', 'TUNDA', '', '2015-02-23 19:38:16', '2015-02-19 14:09:12'),
(363, 2015030004, 11, '', '50000.00', '2015-02-23 19:38:16', 'XXX', 'TUNDA', '', '2015-02-23 19:38:16', '2015-02-19 14:09:12'),
(364, 2015030004, 12, '', '50000.00', '2015-02-23 19:38:16', 'XXX', 'TUNDA', '', '2015-02-23 19:38:16', '2015-02-19 14:09:12'),
(365, 2015030004, 13, '', '50000.00', '2015-02-23 19:38:16', 'XXX', 'TUNDA', '', '2015-02-23 19:38:16', '2015-02-19 14:09:12'),
(366, 2015030004, 14, '', '50000.00', '2015-02-23 19:38:16', 'XXX', 'TUNDA', '', '2015-02-23 19:38:16', '2015-02-19 14:09:12'),
(367, 2015030004, 15, '', '50000.00', '2015-02-23 19:38:16', 'XXX', 'TUNDA', '', '2015-02-23 19:38:16', '2015-02-19 14:09:12'),
(368, 2015030004, 16, '', '50000.00', '2015-02-23 19:38:16', 'XXX', 'TUNDA', '', '2015-02-23 19:38:16', '2015-02-19 14:09:12'),
(369, 2015030004, 17, '', '50000.00', '2015-02-23 19:38:16', 'XXX', 'TUNDA', '', '2015-02-23 19:38:16', '2015-02-19 14:09:12'),
(370, 2015030004, 18, '', '50000.00', '2015-02-23 19:38:16', 'XXX', 'TUNDA', '', '2015-02-23 19:38:16', '2015-02-19 14:09:12'),
(371, 2015030004, 19, '', '50000.00', '2015-02-23 19:38:16', 'XXX', 'TUNDA', '', '2015-02-23 19:38:16', '2015-02-19 14:09:12'),
(372, 2015030004, 20, '', '50000.00', '2015-02-23 19:38:16', 'XXX', 'TUNDA', '', '2015-02-23 19:38:16', '2015-02-19 14:09:12'),
(373, 2015030004, 21, '', '50000.00', '2015-02-23 19:38:16', 'XXX', 'TUNDA', '', '2015-02-23 19:38:16', '2015-02-19 14:09:12'),
(374, 2015030004, 22, '', '50000.00', '2015-02-23 19:38:16', 'XXX', 'TUNDA', '', '2015-02-23 19:38:16', '2015-02-19 14:09:12'),
(375, 2015030004, 23, '', '50000.00', '2015-02-23 19:38:16', 'XXX', 'TUNDA', '', '2015-02-23 19:38:16', '2015-02-19 14:09:12'),
(376, 2015030004, 24, '', '50000.00', '2015-02-23 19:38:16', 'XXX', 'TUNDA', '', '2015-02-23 19:38:16', '2015-02-19 14:09:12'),
(377, 2015030004, 25, '', '50000.00', '2015-02-23 19:38:16', 'XXX', 'TUNDA', '', '2015-02-23 19:38:16', '2015-02-19 14:09:12'),
(378, 2015030004, 26, '', '50000.00', '2015-02-23 19:38:16', 'XXX', 'TUNDA', '', '2015-02-23 19:38:16', '2015-02-19 14:09:12'),
(379, 2015030004, 27, '', '50000.00', '2015-02-23 19:38:16', 'XXX', 'TUNDA', '', '2015-02-23 19:38:16', '2015-02-19 14:09:12'),
(380, 2015030004, 28, '', '50000.00', '2015-02-23 19:38:16', 'XXX', 'TUNDA', '', '2015-02-23 19:38:16', '2015-02-19 14:09:12'),
(381, 2015030004, 29, '', '50000.00', '2015-02-23 19:38:16', 'XXX', 'TUNDA', '', '2015-02-23 19:38:16', '2015-02-19 14:09:12'),
(382, 2015030004, 30, '', '50000.00', '2015-02-23 19:38:16', 'XXX', 'TUNDA', '', '2015-02-23 19:38:16', '2015-02-19 14:09:12'),
(383, 2015030004, 31, '', '50000.00', '2015-02-23 19:38:16', 'XXX', 'TUNDA', '', '2015-02-23 19:38:16', '2015-02-19 14:09:12'),
(384, 2015030004, 32, '', '50000.00', '2015-02-23 19:38:16', 'XXX', 'TUNDA', '', '2015-02-23 19:38:16', '2015-02-19 14:09:12'),
(385, 2015030004, 33, '', '50000.00', '2015-02-23 19:38:16', 'XXX', 'TUNDA', '', '2015-02-23 19:38:16', '2015-02-19 14:09:12'),
(386, 2015030004, 34, '', '50000.00', '2015-02-23 19:38:16', 'XXX', 'TUNDA', '', '2015-02-23 19:38:16', '2015-02-19 14:09:12'),
(387, 2015030004, 35, '', '50000.00', '2015-02-23 19:38:16', 'XXX', 'TUNDA', '', '2015-02-23 19:38:16', '2015-02-19 14:09:13'),
(388, 2015030004, 36, '', '50000.00', '2015-02-23 19:38:16', 'XXX', 'TUNDA', '', '2015-02-23 19:38:16', '2015-02-19 14:09:13'),
(389, 2015030004, 37, '', '50000.00', '2015-02-23 19:38:16', 'XXX', 'TUNDA', '', '2015-02-23 19:38:16', '2015-02-19 14:09:13'),
(390, 2015030004, 38, '', '50000.00', '2015-02-23 19:38:16', 'XXX', 'TUNDA', '', '2015-02-23 19:38:16', '2015-02-19 14:09:13'),
(391, 2015030004, 39, '', '50000.00', '2015-02-23 19:38:16', 'XXX', 'TUNDA', '', '2015-02-23 19:38:16', '2015-02-19 14:09:13'),
(392, 2015030004, 40, '', '50000.00', '2015-02-23 19:38:16', 'XXX', 'TUNDA', '', '2015-02-23 19:38:16', '2015-02-19 14:09:13'),
(393, 2015030004, 41, '', '50000.00', '2015-02-23 19:38:16', 'XXX', 'TUNDA', '', '2015-02-23 19:38:16', '2015-02-19 14:09:13'),
(394, 2015030004, 42, '', '50000.00', '2015-02-23 19:38:16', 'XXX', 'TUNDA', '', '2015-02-23 19:38:16', '2015-02-19 14:09:13'),
(395, 2015030004, 43, '', '50000.00', '2015-02-23 19:38:16', 'XXX', 'TUNDA', '', '2015-02-23 19:38:16', '2015-02-19 14:09:13'),
(396, 2015030004, 44, '', '50000.00', '2015-02-23 19:38:16', 'XXX', 'TUNDA', '', '2015-02-23 19:38:16', '2015-02-19 14:09:13'),
(397, 2015030004, 45, '', '50000.00', '2015-02-23 19:38:16', 'XXX', 'TUNDA', '', '2015-02-23 19:38:16', '2015-02-19 14:09:13'),
(398, 2015030004, 46, '', '50000.00', '2015-02-23 19:38:16', 'XXX', 'TUNDA', '', '2015-02-23 19:38:16', '2015-02-19 14:09:13'),
(399, 2015030004, 47, '', '50000.00', '2015-02-23 19:38:16', 'XXX', 'TUNDA', '', '2015-02-23 19:38:16', '2015-02-19 14:09:13'),
(400, 2015030004, 48, '', '50000.00', '2015-02-23 19:38:16', 'XXX', 'TUNDA', '', '2015-02-23 19:38:16', '2015-02-19 14:09:13'),
(401, 2015030004, 49, '', '50000.00', '2015-02-23 19:38:16', 'XXX', 'TUNDA', '', '2015-02-23 19:38:16', '2015-02-19 14:09:13'),
(402, 2015030004, 50, '', '50000.00', '2015-02-23 19:38:16', 'XXX', 'TUNDA', '', '2015-02-23 19:38:16', '2015-02-19 14:09:13'),
(403, 2015030004, 51, '', '50000.00', '2015-02-23 19:38:16', 'XXX', 'TUNDA', '', '2015-02-23 19:38:16', '2015-02-19 14:09:13'),
(404, 2015030004, 52, '', '50000.00', '2015-02-23 19:38:16', 'XXX', 'TUNDA', '', '2015-02-23 19:38:16', '2015-02-19 14:09:13'),
(405, 2015030004, 53, '', '50000.00', '2015-02-23 19:38:16', 'XXX', 'TUNDA', '', '2015-02-23 19:38:16', '2015-02-19 14:09:13'),
(406, 2015030004, 54, '', '50000.00', '2015-02-23 19:38:16', 'XXX', 'TUNDA', '', '2015-02-23 19:38:16', '2015-02-19 14:09:13'),
(407, 2015030004, 55, '', '50000.00', '2015-02-23 19:38:16', 'XXX', 'TUNDA', '', '2015-02-23 19:38:16', '2015-02-19 14:09:13'),
(408, 2015030004, 56, '', '50000.00', '2015-02-23 19:38:16', 'XXX', 'TUNDA', '', '2015-02-23 19:38:16', '2015-02-19 14:09:13'),
(409, 2015030004, 57, '', '50000.00', '2015-02-23 19:38:16', 'XXX', 'TUNDA', '', '2015-02-23 19:38:16', '2015-02-19 14:09:13'),
(410, 2015030004, 58, '', '50000.00', '2015-02-23 19:38:16', 'XXX', 'TUNDA', '', '2015-02-23 19:38:16', '2015-02-19 14:09:13'),
(411, 2015030004, 59, '', '50000.00', '2015-02-23 19:38:16', 'XXX', 'TUNDA', '', '2015-02-23 19:38:16', '2015-02-19 14:09:13'),
(412, 2015030004, 60, '', '50000.00', '2015-02-23 19:38:16', 'XXX', 'TUNDA', '', '2015-02-23 19:38:16', '2015-02-19 14:09:13'),
(413, 2015030004, 61, '', '50000.00', '2015-02-23 19:38:16', 'XXX', 'TUNDA', '', '2015-02-23 19:38:16', '2015-02-19 14:09:13'),
(414, 2015030004, 62, '', '50000.00', '2015-02-23 19:38:16', 'XXX', 'TUNDA', '', '2015-02-23 19:38:16', '2015-02-19 14:09:13'),
(415, 2015030004, 63, '', '50000.00', '2015-02-23 19:38:16', 'XXX', 'TUNDA', '', '2015-02-23 19:38:16', '2015-02-19 14:09:13'),
(416, 2015030004, 64, '', '50000.00', '2015-02-23 19:38:16', 'XXX', 'TUNDA', '', '2015-02-23 19:38:16', '2015-02-19 14:09:13'),
(417, 2015030004, 65, '', '50000.00', '2015-02-23 19:38:16', 'XXX', 'TUNDA', '', '2015-02-23 19:38:16', '2015-02-19 14:09:13'),
(418, 2015030004, 66, '', '50000.00', '2015-02-23 19:38:16', 'XXX', 'TUNDA', '', '2015-02-23 19:38:16', '2015-02-19 14:09:13'),
(419, 2015030004, 67, '', '50000.00', '2015-02-23 19:38:16', 'XXX', 'TUNDA', '', '2015-02-23 19:38:16', '2015-02-19 14:09:13'),
(420, 2015030004, 68, '', '50000.00', '2015-02-23 19:38:16', 'XXX', 'TUNDA', '', '2015-02-23 19:38:16', '2015-02-19 14:09:14'),
(421, 2015030004, 69, '', '50000.00', '2015-02-23 19:38:16', 'XXX', 'TUNDA', '', '2015-02-23 19:38:16', '2015-02-19 14:09:14'),
(422, 2015030004, 70, '', '50000.00', '2015-02-23 19:38:16', 'XXX', 'TUNDA', '', '2015-02-23 19:38:16', '2015-02-19 14:09:14'),
(423, 2015030004, 71, '', '50000.00', '2015-02-23 19:38:16', 'XXX', 'TUNDA', '', '2015-02-23 19:38:16', '2015-02-19 14:09:14'),
(424, 2015030004, 72, '', '50000.00', '2015-02-23 19:38:16', 'XXX', 'TUNDA', '', '2015-02-23 19:38:16', '2015-02-19 14:09:14'),
(425, 2015030004, 73, '', '50000.00', '2015-02-23 19:38:16', 'XXX', 'TUNDA', '', '2015-02-23 19:38:16', '2015-02-19 14:09:14'),
(426, 2015030004, 74, '', '50000.00', '2015-02-23 19:38:16', 'XXX', 'TUNDA', '', '2015-02-23 19:38:16', '2015-02-19 14:09:14'),
(427, 2015030004, 75, '', '50000.00', '2015-02-23 19:38:16', 'XXX', 'TUNDA', '', '2015-02-23 19:38:16', '2015-02-19 14:09:14'),
(428, 2015030004, 76, '', '50000.00', '2015-02-23 19:38:16', 'XXX', 'TUNDA', '', '2015-02-23 19:38:16', '2015-02-19 14:09:14'),
(429, 2015030004, 77, '', '50000.00', '2015-02-23 19:38:16', 'XXX', 'TUNDA', '', '2015-02-23 19:38:16', '2015-02-19 14:09:14'),
(430, 2015030004, 78, '', '50000.00', '2015-02-23 19:38:16', 'XXX', 'TUNDA', '', '2015-02-23 19:38:16', '2015-02-19 14:09:14'),
(431, 2015030004, 79, '', '50000.00', '2015-02-23 19:38:16', 'XXX', 'TUNDA', '', '2015-02-23 19:38:16', '2015-02-19 14:09:14'),
(432, 2015030004, 80, '', '50000.00', '2015-02-23 19:38:16', 'XXX', 'TUNDA', '', '2015-02-23 19:38:16', '2015-02-19 14:09:14'),
(433, 2015030004, 81, '', '50000.00', '2015-02-23 19:38:16', 'XXX', 'TUNDA', '', '2015-02-23 19:38:16', '2015-02-19 14:09:14'),
(434, 2015030004, 82, '', '50000.00', '2015-02-23 19:38:16', 'XXX', 'TUNDA', '', '2015-02-23 19:38:16', '2015-02-19 14:09:14'),
(435, 2015030004, 83, '', '50000.00', '2015-02-23 19:38:16', 'XXX', 'TUNDA', '', '2015-02-23 19:38:16', '2015-02-19 14:09:14'),
(436, 2015030004, 84, '', '50000.00', '2015-02-23 19:38:16', 'XXX', 'TUNDA', '', '2015-02-23 19:38:16', '2015-02-19 14:09:14'),
(437, 2015030004, 85, '', '50000.00', '2015-02-23 19:38:16', 'XXX', 'TUNDA', '', '2015-02-23 19:38:16', '2015-02-19 14:09:14'),
(438, 2015030004, 86, '', '50000.00', '2015-02-23 19:38:16', 'XXX', 'TUNDA', '', '2015-02-23 19:38:16', '2015-02-19 14:09:14'),
(439, 2015030004, 87, '', '50000.00', '2015-02-23 19:38:16', 'XXX', 'TUNDA', '', '2015-02-23 19:38:16', '2015-02-19 14:09:14'),
(440, 2015030004, 88, '', '50000.00', '2015-02-23 19:38:16', 'XXX', 'TUNDA', '', '2015-02-23 19:38:16', '2015-02-19 14:09:14'),
(441, 2015030004, 89, '', '50000.00', '2015-02-23 19:38:16', 'XXX', 'TUNDA', '', '2015-02-23 19:38:16', '2015-02-19 14:09:14'),
(442, 2015030004, 90, '', '50000.00', '2015-02-23 19:38:16', 'XXX', 'TUNDA', '', '2015-02-23 19:38:16', '2015-02-19 14:09:14'),
(443, 2015030004, 91, '', '50000.00', '2015-02-23 19:38:16', 'XXX', 'TUNDA', '', '2015-02-23 19:38:16', '2015-02-19 14:09:14'),
(444, 2015030004, 92, '', '50000.00', '2015-02-23 19:38:16', 'XXX', 'TUNDA', '', '2015-02-23 19:38:16', '2015-02-19 14:09:14'),
(445, 2015030004, 93, '', '50000.00', '2015-02-23 19:38:16', 'XXX', 'TUNDA', '', '2015-02-23 19:38:16', '2015-02-19 14:09:14'),
(446, 2015030004, 94, '', '50000.00', '2015-02-23 19:38:16', 'XXX', 'TUNDA', '', '2015-02-23 19:38:16', '2015-02-19 14:09:14'),
(447, 2015030004, 95, '', '50000.00', '2015-02-23 19:38:16', 'XXX', 'TUNDA', '', '2015-02-23 19:38:16', '2015-02-19 14:09:14'),
(448, 2015030004, 96, '', '50000.00', '2015-02-23 19:38:16', 'XXX', 'TUNDA', '', '2015-02-23 19:38:16', '2015-02-19 14:09:14'),
(449, 2015030004, 97, '', '50000.00', '2015-02-23 19:38:16', 'XXX', 'TUNDA', '', '2015-02-23 19:38:16', '2015-02-19 14:09:14'),
(450, 2015030004, 98, '', '50000.00', '2015-02-23 19:38:16', 'XXX', 'TUNDA', '', '2015-02-23 19:38:16', '2015-02-19 14:09:14'),
(451, 2015030004, 99, '', '50000.00', '2015-02-23 19:38:16', 'XXX', 'TUNDA', '', '2015-02-23 19:38:16', '2015-02-19 14:09:14'),
(452, 2015030004, 100, '', '50000.00', '2015-02-23 19:38:16', 'XXX', 'TUNDA', '', '2015-02-23 19:38:16', '2015-02-19 14:09:15'),
(453, 2015030004, 101, '', '50000.00', '2015-02-23 19:38:16', 'XXX', 'TUNDA', '', '2015-02-23 19:38:16', '2015-02-19 14:09:15'),
(454, 2015030004, 102, '', '50000.00', '2015-02-23 19:38:16', 'XXX', 'TUNDA', '', '2015-02-23 19:38:16', '2015-02-19 14:09:15'),
(455, 2015030004, 103, '', '50000.00', '2015-02-23 19:38:16', 'XXX', 'TUNDA', '', '2015-02-23 19:38:16', '2015-02-19 14:09:15'),
(456, 2015030004, 104, '', '50000.00', '2015-02-23 19:38:16', 'XXX', 'TUNDA', '', '2015-02-23 19:38:16', '2015-02-19 14:09:15'),
(457, 2015030004, 105, '', '50000.00', '2015-02-23 19:38:16', 'XXX', 'TUNDA', '', '2015-02-23 19:38:16', '2015-02-19 14:09:15'),
(458, 2015030004, 106, '', '50000.00', '2015-02-23 19:38:16', 'XXX', 'TUNDA', '', '2015-02-23 19:38:16', '2015-02-19 14:09:15'),
(459, 2015030004, 107, '', '50000.00', '2015-02-23 19:38:16', 'XXX', 'TUNDA', '', '2015-02-23 19:38:16', '2015-02-19 14:09:15'),
(460, 2015030004, 108, '', '50000.00', '2015-02-23 19:38:16', 'XXX', 'TUNDA', '', '2015-02-23 19:38:16', '2015-02-19 14:09:15'),
(461, 2015030004, 109, '', '50000.00', '2015-02-23 19:38:16', 'XXX', 'TUNDA', '', '2015-02-23 19:38:16', '2015-02-19 14:09:15'),
(462, 2015030004, 110, '', '50000.00', '2015-02-23 19:38:16', 'XXX', 'TUNDA', '', '2015-02-23 19:38:16', '2015-02-19 14:09:15'),
(463, 2015030004, 111, '', '50000.00', '2015-02-23 19:38:16', 'XXX', 'TUNDA', '', '2015-02-23 19:38:16', '2015-02-19 14:09:15'),
(464, 2015030004, 112, '', '50000.00', '2015-02-23 19:38:16', 'XXX', 'TUNDA', '', '2015-02-23 19:38:16', '2015-02-19 14:09:15'),
(465, 2015030004, 113, '', '50000.00', '2015-02-23 19:38:16', 'XXX', 'TUNDA', '', '2015-02-23 19:38:16', '2015-02-19 14:09:15'),
(466, 2015030004, 114, '', '50000.00', '2015-02-23 19:38:16', 'XXX', 'TUNDA', '', '2015-02-23 19:38:16', '2015-02-19 14:09:15'),
(467, 2015030004, 115, '', '50000.00', '2015-02-23 19:38:16', 'XXX', 'TUNDA', '', '2015-02-23 19:38:16', '2015-02-19 14:09:15'),
(468, 2015030004, 116, '', '50000.00', '2015-02-23 19:38:16', 'XXX', 'TUNDA', '', '2015-02-23 19:38:16', '2015-02-19 14:09:15'),
(469, 2015030004, 117, '', '50000.00', '2015-02-23 19:38:16', 'XXX', 'TUNDA', '', '2015-02-23 19:38:16', '2015-02-19 14:09:15'),
(470, 2015030004, 118, '', '50000.00', '2015-02-23 19:38:16', 'XXX', 'TUNDA', '', '2015-02-23 19:38:16', '2015-02-19 14:09:15'),
(471, 2015030004, 119, '', '50000.00', '2015-02-23 19:38:16', 'XXX', 'TUNDA', '', '2015-02-23 19:38:16', '2015-02-19 14:09:15'),
(472, 2015030004, 120, '', '50000.00', '2015-02-23 19:38:16', 'XXX', 'TUNDA', '', '2015-02-23 19:38:16', '2015-02-19 14:09:15'),
(473, 2015030004, 121, '', '50000.00', '2015-02-23 19:38:16', 'XXX', 'TUNDA', '', '2015-02-23 19:38:16', '2015-02-19 14:09:15'),
(474, 2015030004, 122, '', '50000.00', '2015-02-23 19:38:16', 'XXX', 'TUNDA', '', '2015-02-23 19:38:16', '2015-02-19 14:09:15'),
(475, 2015030004, 123, '', '50000.00', '2015-02-23 19:38:16', 'XXX', 'TUNDA', '', '2015-02-23 19:38:16', '2015-02-19 14:09:15'),
(476, 2015030004, 124, '', '50000.00', '2015-02-23 19:38:16', 'XXX', 'TUNDA', '', '2015-02-23 19:38:16', '2015-02-19 14:09:15'),
(477, 2015030004, 125, '', '50000.00', '2015-02-23 19:38:16', 'XXX', 'TUNDA', '', '2015-02-23 19:38:16', '2015-02-19 14:09:15'),
(478, 2015030004, 126, '', '50000.00', '2015-02-23 19:38:16', 'XXX', 'TUNDA', '', '2015-02-23 19:38:16', '2015-02-19 14:09:15'),
(479, 2015030004, 127, '', '50000.00', '2015-02-23 19:38:16', 'XXX', 'TUNDA', '', '2015-02-23 19:38:16', '2015-02-19 14:09:15'),
(480, 2015030004, 128, '', '50000.00', '2015-02-23 19:38:16', 'XXX', 'TUNDA', '', '2015-02-23 19:38:16', '2015-02-19 14:09:15'),
(481, 2015030004, 129, '', '50000.00', '2015-02-23 19:38:16', 'XXX', 'TUNDA', '', '2015-02-23 19:38:16', '2015-02-19 14:09:15'),
(482, 2015030004, 130, '', '50000.00', '2015-02-23 19:38:16', 'XXX', 'TUNDA', '', '2015-02-23 19:38:16', '2015-02-19 14:09:15'),
(483, 2015030004, 131, '', '50000.00', '2015-02-23 19:38:16', 'XXX', 'TUNDA', '', '2015-02-23 19:38:16', '2015-02-19 14:09:15'),
(484, 2015030004, 132, '', '50000.00', '2015-02-23 19:38:16', 'XXX', 'TUNDA', '', '2015-02-23 19:38:16', '2015-02-19 14:09:15'),
(485, 2015030004, 133, '', '50000.00', '2015-02-23 19:38:16', 'XXX', 'TUNDA', '', '2015-02-23 19:38:16', '2015-02-19 14:09:15'),
(486, 2015030004, 134, '', '50000.00', '2015-02-23 19:38:16', 'XXX', 'TUNDA', '', '2015-02-23 19:38:16', '2015-02-19 14:09:15'),
(487, 2015030004, 135, '', '50000.00', '2015-02-23 19:38:16', 'XXX', 'TUNDA', '', '2015-02-23 19:38:16', '2015-02-19 14:09:15'),
(488, 2015030004, 136, '', '50000.00', '2015-02-23 19:38:16', 'XXX', 'TUNDA', '', '2015-02-23 19:38:16', '2015-02-19 14:09:16'),
(489, 2015030004, 137, '', '50000.00', '2015-02-23 19:38:16', 'XXX', 'TUNDA', '', '2015-02-23 19:38:16', '2015-02-19 14:09:16'),
(490, 2015030004, 138, '', '50000.00', '2015-02-23 19:38:16', 'XXX', 'TUNDA', '', '2015-02-23 19:38:16', '2015-02-19 14:09:16'),
(491, 2015030004, 139, '', '50000.00', '2015-02-23 19:38:16', 'XXX', 'TUNDA', '', '2015-02-23 19:38:16', '2015-02-19 14:09:16'),
(492, 2015030004, 140, '', '50000.00', '2015-02-23 19:38:16', 'XXX', 'TUNDA', '', '2015-02-23 19:38:16', '2015-02-19 14:09:16'),
(493, 2015030004, 141, '', '50000.00', '2015-02-23 19:38:16', 'XXX', 'TUNDA', '', '2015-02-23 19:38:16', '2015-02-19 14:09:16'),
(494, 2015030004, 142, '', '50000.00', '2015-02-23 19:38:16', 'XXX', 'TUNDA', '', '2015-02-23 19:38:16', '2015-02-19 14:09:16'),
(495, 2015030004, 143, '', '50000.00', '2015-02-23 19:38:16', 'XXX', 'TUNDA', '', '2015-02-23 19:38:16', '2015-02-19 14:09:16'),
(496, 2015030004, 144, '', '50000.00', '2015-02-23 19:38:16', 'XXX', 'TUNDA', '', '2015-02-23 19:38:16', '2015-02-19 14:09:16'),
(497, 2015030004, 145, '', '50000.00', '2015-02-23 19:38:16', 'XXX', 'TUNDA', '', '2015-02-23 19:38:16', '2015-02-19 14:09:16'),
(498, 2015030004, 146, '', '50000.00', '2015-02-23 19:38:16', 'XXX', 'TUNDA', '', '2015-02-23 19:38:16', '2015-02-19 14:09:16'),
(499, 2015030004, 147, '', '50000.00', '2015-02-23 19:38:16', 'XXX', 'TUNDA', '', '2015-02-23 19:38:16', '2015-02-19 14:09:16'),
(500, 2015030004, 148, '', '50000.00', '2015-02-23 19:38:16', 'XXX', 'TUNDA', '', '2015-02-23 19:38:16', '2015-02-19 14:09:16'),
(501, 2015030004, 149, '', '50000.00', '2015-02-23 19:38:16', 'XXX', 'TUNDA', '', '2015-02-23 19:38:16', '2015-02-19 14:09:16'),
(502, 2015030004, 150, '', '50000.00', '2015-02-23 19:38:16', 'XXX', 'TUNDA', '', '2015-02-23 19:38:16', '2015-02-19 14:09:16'),
(503, 2015030004, 151, '', '50000.00', '2015-02-23 19:38:16', 'XXX', 'TUNDA', '', '2015-02-23 19:38:16', '2015-02-19 14:09:16'),
(504, 2015030004, 152, '', '50000.00', '2015-02-23 19:38:16', 'XXX', 'TUNDA', '', '2015-02-23 19:38:16', '2015-02-19 14:09:16'),
(505, 2015030004, 153, '', '50000.00', '2015-02-23 19:38:16', 'XXX', 'TUNDA', '', '2015-02-23 19:38:16', '2015-02-19 14:09:16'),
(506, 2015030004, 154, '', '50000.00', '2015-02-23 19:38:16', 'XXX', 'TUNDA', '', '2015-02-23 19:38:16', '2015-02-19 14:09:16'),
(507, 2015030004, 155, '', '50000.00', '2015-02-23 19:38:16', 'XXX', 'TUNDA', '', '2015-02-23 19:38:16', '2015-02-19 14:09:16'),
(508, 2015030004, 156, '', '50000.00', '2015-02-23 19:38:16', 'XXX', 'TUNDA', '', '2015-02-23 19:38:16', '2015-02-19 14:09:16'),
(509, 2015030004, 157, '', '50000.00', '2015-02-23 19:38:16', 'XXX', 'TUNDA', '', '2015-02-23 19:38:16', '2015-02-19 14:09:16'),
(510, 2015030004, 158, '', '50000.00', '2015-02-23 19:38:16', 'XXX', 'TUNDA', '', '2015-02-23 19:38:16', '2015-02-19 14:09:16'),
(511, 2015030004, 159, '', '50000.00', '2015-02-23 19:38:16', 'XXX', 'TUNDA', '', '2015-02-23 19:38:16', '2015-02-19 14:09:16'),
(512, 2015030004, 160, '', '50000.00', '2015-02-23 19:38:16', 'XXX', 'TUNDA', '', '2015-02-23 19:38:16', '2015-02-19 14:09:16'),
(513, 2015030004, 161, '', '50000.00', '2015-02-23 19:38:16', 'XXX', 'TUNDA', '', '2015-02-23 19:38:16', '2015-02-19 14:09:16'),
(514, 2015030004, 162, '', '50000.00', '2015-02-23 19:38:16', 'XXX', 'TUNDA', '', '2015-02-23 19:38:16', '2015-02-19 14:09:16'),
(515, 2015030004, 163, '', '50000.00', '2015-02-23 19:38:16', 'XXX', 'TUNDA', '', '2015-02-23 19:38:16', '2015-02-19 14:09:16'),
(516, 2015030004, 164, '', '50000.00', '2015-02-23 19:38:16', 'XXX', 'TUNDA', '', '2015-02-23 19:38:16', '2015-02-19 14:09:16'),
(517, 2015030004, 165, '', '50000.00', '2015-02-23 19:38:16', 'XXX', 'TUNDA', '', '2015-02-23 19:38:16', '2015-02-19 14:09:16'),
(518, 2015030004, 166, '', '50000.00', '2015-02-23 19:38:16', 'XXX', 'TUNDA', '', '2015-02-23 19:38:16', '2015-02-19 14:09:17'),
(519, 2015030004, 167, '', '50000.00', '2015-02-23 19:38:16', 'XXX', 'TUNDA', '', '2015-02-23 19:38:16', '2015-02-19 14:09:17'),
(520, 2015030004, 168, '', '50000.00', '2015-02-23 19:38:16', 'XXX', 'TUNDA', '', '2015-02-23 19:38:16', '2015-02-19 14:09:17'),
(521, 2015030004, 169, '', '50000.00', '2015-02-23 19:38:16', 'XXX', 'TUNDA', '', '2015-02-23 19:38:16', '2015-02-19 14:09:17'),
(522, 2015030004, 170, '', '50000.00', '2015-02-23 19:38:16', 'XXX', 'TUNDA', '', '2015-02-23 19:38:16', '2015-02-19 14:09:17'),
(523, 2015030004, 171, '', '50000.00', '2015-02-23 19:38:16', 'XXX', 'TUNDA', '', '2015-02-23 19:38:16', '2015-02-19 14:09:17'),
(524, 2015030004, 172, '', '50000.00', '2015-02-23 19:38:16', 'XXX', 'TUNDA', '', '2015-02-23 19:38:16', '2015-02-19 14:09:17'),
(525, 2015030004, 173, '', '50000.00', '2015-02-23 19:38:16', 'XXX', 'TUNDA', '', '2015-02-23 19:38:16', '2015-02-19 14:09:17'),
(526, 2015030004, 174, '', '50000.00', '2015-02-23 19:38:16', 'XXX', 'TUNDA', '', '2015-02-23 19:38:16', '2015-02-19 14:09:17'),
(527, 2015030004, 175, '', '50000.00', '2015-02-23 19:38:16', 'XXX', 'TUNDA', '', '2015-02-23 19:38:16', '2015-02-19 14:09:17'),
(528, 2015030004, 176, '', '50000.00', '2015-02-23 19:38:16', 'XXX', 'TUNDA', '', '2015-02-23 19:38:16', '2015-02-19 14:09:17'),
(529, 2015030004, 177, '', '50000.00', '2015-02-23 19:38:16', 'XXX', 'TUNDA', '', '2015-02-23 19:38:16', '2015-02-19 14:09:17'),
(530, 2015030004, 178, '', '50000.00', '2015-02-23 19:38:16', 'XXX', 'TUNDA', '', '2015-02-23 19:38:16', '2015-02-19 14:09:17'),
(531, 2015030004, 179, '', '50000.00', '2015-02-23 19:38:16', 'XXX', 'TUNDA', '', '2015-02-23 19:38:16', '2015-02-19 14:09:17'),
(532, 2015030004, 180, '', '50000.00', '2015-02-23 19:38:16', 'XXX', 'TUNDA', '', '2015-02-23 19:38:16', '2015-02-19 14:09:17'),
(533, 2015030004, 181, '', '50000.00', '2015-02-23 19:38:16', 'XXX', 'TUNDA', '', '2015-02-23 19:38:16', '2015-02-19 14:09:17'),
(534, 2015030004, 182, '', '50000.00', '2015-02-23 19:38:16', 'XXX', 'TUNDA', '', '2015-02-23 19:38:16', '2015-02-19 14:09:17'),
(535, 2015030004, 183, '', '50000.00', '2015-02-23 19:38:16', 'XXX', 'TUNDA', '', '2015-02-23 19:38:16', '2015-02-19 14:09:17'),
(536, 2015030004, 184, '', '50000.00', '2015-02-23 19:38:16', 'XXX', 'TUNDA', '', '2015-02-23 19:38:16', '2015-02-19 14:09:17'),
(537, 2015030004, 185, '', '50000.00', '2015-02-23 19:38:16', 'XXX', 'TUNDA', '', '2015-02-23 19:38:16', '2015-02-19 14:09:17'),
(538, 2015030004, 186, '', '50000.00', '2015-02-23 19:38:16', 'XXX', 'TUNDA', '', '2015-02-23 19:38:16', '2015-02-19 14:09:17'),
(539, 2015030004, 187, '', '50000.00', '2015-02-23 19:38:16', 'XXX', 'TUNDA', '', '2015-02-23 19:38:16', '2015-02-19 14:09:17'),
(540, 2015030004, 188, '', '50000.00', '2015-02-23 19:38:16', 'XXX', 'TUNDA', '', '2015-02-23 19:38:16', '2015-02-19 14:09:17'),
(541, 2015030004, 189, '', '50000.00', '2015-02-23 19:38:16', 'XXX', 'TUNDA', '', '2015-02-23 19:38:16', '2015-02-19 14:09:17'),
(542, 2015030004, 190, '', '50000.00', '2015-02-23 19:38:16', 'XXX', 'TUNDA', '', '2015-02-23 19:38:16', '2015-02-19 14:09:17'),
(543, 2015030004, 191, '', '50000.00', '2015-02-23 19:38:16', 'XXX', 'TUNDA', '', '2015-02-23 19:38:16', '2015-02-19 14:09:17'),
(544, 2015030004, 192, '', '50000.00', '2015-02-23 19:38:16', 'XXX', 'TUNDA', '', '2015-02-23 19:38:16', '2015-02-19 14:09:17'),
(545, 2015030004, 193, '', '50000.00', '2015-02-23 19:38:16', 'XXX', 'TUNDA', '', '2015-02-23 19:38:16', '2015-02-19 14:09:17'),
(546, 2015030004, 194, '', '50000.00', '2015-02-23 19:38:16', 'XXX', 'TUNDA', '', '2015-02-23 19:38:16', '2015-02-19 14:09:17'),
(547, 2015030004, 195, '', '50000.00', '2015-02-23 19:38:16', 'XXX', 'TUNDA', '', '2015-02-23 19:38:16', '2015-02-19 14:09:17'),
(548, 2015030004, 196, '', '50000.00', '2015-02-23 19:38:16', 'XXX', 'TUNDA', '', '2015-02-23 19:38:16', '2015-02-19 14:09:17'),
(549, 2015030004, 197, '', '50000.00', '2015-02-23 19:38:16', 'XXX', 'TUNDA', '', '2015-02-23 19:38:16', '2015-02-19 14:09:17'),
(550, 2015030004, 198, '', '50000.00', '2015-02-23 19:38:16', 'XXX', 'TUNDA', '', '2015-02-23 19:38:16', '2015-02-19 14:09:17'),
(551, 2015030004, 199, '', '50000.00', '2015-02-23 19:38:16', 'XXX', 'TUNDA', '', '2015-02-23 19:38:16', '2015-02-19 14:09:17'),
(552, 2015030004, 200, '', '50000.00', '2015-02-23 19:38:16', 'XXX', 'TUNDA', '', '2015-02-23 19:38:16', '2015-02-19 14:09:17'),
(553, 2015030004, 201, '', '50000.00', '2015-02-23 19:38:16', 'XXX', 'TUNDA', '', '2015-02-23 19:38:16', '2015-02-19 14:09:17'),
(554, 2015030004, 202, '', '50000.00', '2015-02-23 19:38:16', 'XXX', 'TUNDA', '', '2015-02-23 19:38:16', '2015-02-19 14:09:17'),
(555, 2015030004, 203, '', '50000.00', '2015-02-23 19:38:16', 'XXX', 'TUNDA', '', '2015-02-23 19:38:16', '2015-02-19 14:09:17'),
(556, 2015030004, 204, '', '50000.00', '2015-02-23 19:38:16', 'XXX', 'TUNDA', '', '2015-02-23 19:38:16', '2015-02-19 14:09:18'),
(557, 2015030004, 205, '', '50000.00', '2015-02-23 19:38:16', 'XXX', 'TUNDA', '', '2015-02-23 19:38:16', '2015-02-19 14:09:18'),
(558, 2015030004, 206, '', '50000.00', '2015-02-23 19:38:16', 'XXX', 'TUNDA', '', '2015-02-23 19:38:16', '2015-02-19 14:09:18'),
(559, 2015030004, 207, '', '50000.00', '2015-02-23 19:38:16', 'XXX', 'TUNDA', '', '2015-02-23 19:38:16', '2015-02-19 14:09:18'),
(560, 2015030004, 208, '', '50000.00', '2015-02-23 19:38:16', 'XXX', 'TUNDA', '', '2015-02-23 19:38:16', '2015-02-19 14:09:18'),
(561, 2015030004, 209, '', '50000.00', '2015-02-23 19:38:16', 'XXX', 'TUNDA', '', '2015-02-23 19:38:16', '2015-02-19 14:09:18'),
(562, 2015030004, 210, '', '50000.00', '2015-02-23 19:38:16', 'XXX', 'TUNDA', '', '2015-02-23 19:38:16', '2015-02-19 14:09:18'),
(563, 2015030004, 211, '', '50000.00', '2015-02-23 19:38:16', 'XXX', 'TUNDA', '', '2015-02-23 19:38:16', '2015-02-19 14:09:18'),
(564, 2015030004, 212, '', '50000.00', '2015-02-23 19:38:16', 'XXX', 'TUNDA', '', '2015-02-23 19:38:16', '2015-02-19 14:09:18'),
(565, 2015030004, 213, '', '50000.00', '2015-02-23 19:38:16', 'XXX', 'TUNDA', '', '2015-02-23 19:38:16', '2015-02-19 14:09:18'),
(566, 2015030004, 214, '', '50000.00', '2015-02-23 19:38:16', 'XXX', 'TUNDA', '', '2015-02-23 19:38:16', '2015-02-19 14:09:18'),
(567, 2015030004, 215, '', '50000.00', '2015-02-23 19:38:16', 'XXX', 'TUNDA', '', '2015-02-23 19:38:16', '2015-02-19 14:09:18'),
(568, 2015030004, 216, '', '50000.00', '2015-02-23 19:38:16', 'XXX', 'TUNDA', '', '2015-02-23 19:38:16', '2015-02-19 14:09:18'),
(569, 2015030004, 217, '', '50000.00', '2015-02-23 19:38:16', 'XXX', 'TUNDA', '', '2015-02-23 19:38:16', '2015-02-19 14:09:18'),
(570, 2015030004, 218, '', '50000.00', '2015-02-23 19:38:16', 'XXX', 'TUNDA', '', '2015-02-23 19:38:16', '2015-02-19 14:09:18'),
(571, 2015030004, 219, '', '50000.00', '2015-02-23 19:38:16', 'XXX', 'TUNDA', '', '2015-02-23 19:38:16', '2015-02-19 14:09:18'),
(572, 2015030004, 220, '', '50000.00', '2015-02-23 19:38:16', 'XXX', 'TUNDA', '', '2015-02-23 19:38:16', '2015-02-19 14:09:18'),
(573, 2015030004, 221, '', '50000.00', '2015-02-23 19:38:16', 'XXX', 'TUNDA', '', '2015-02-23 19:38:16', '2015-02-19 14:09:18'),
(574, 2015030004, 222, '', '50000.00', '2015-02-23 19:38:16', 'XXX', 'TUNDA', '', '2015-02-23 19:38:16', '2015-02-19 14:09:18'),
(575, 2015030004, 223, '', '50000.00', '2015-02-23 19:38:16', 'XXX', 'TUNDA', '', '2015-02-23 19:38:16', '2015-02-19 14:09:18'),
(576, 2015030004, 224, '', '50000.00', '2015-02-23 19:38:16', 'XXX', 'TUNDA', '', '2015-02-23 19:38:16', '2015-02-19 14:09:18'),
(577, 2015030004, 225, '', '50000.00', '2015-02-23 19:38:16', 'XXX', 'TUNDA', '', '2015-02-23 19:38:16', '2015-02-19 14:09:18'),
(578, 2015030004, 226, '', '50000.00', '2015-02-23 19:38:16', 'XXX', 'TUNDA', '', '2015-02-23 19:38:16', '2015-02-19 14:09:18'),
(579, 2015030004, 227, '', '50000.00', '2015-02-23 19:38:16', 'XXX', 'TUNDA', '', '2015-02-23 19:38:16', '2015-02-19 14:09:18'),
(580, 2015030004, 228, '', '50000.00', '2015-02-23 19:38:16', 'XXX', 'TUNDA', '', '2015-02-23 19:38:16', '2015-02-19 14:09:18'),
(581, 2015030004, 229, '', '50000.00', '2015-02-23 19:38:16', 'XXX', 'TUNDA', '', '2015-02-23 19:38:16', '2015-02-19 14:09:18'),
(582, 2015030004, 230, '', '50000.00', '2015-02-23 19:38:16', 'XXX', 'TUNDA', '', '2015-02-23 19:38:16', '2015-02-19 14:09:18'),
(583, 2015030004, 231, '', '50000.00', '2015-02-23 19:38:16', 'XXX', 'TUNDA', '', '2015-02-23 19:38:16', '2015-02-19 14:09:18'),
(584, 2015030004, 232, '', '50000.00', '2015-02-23 19:38:16', 'XXX', 'TUNDA', '', '2015-02-23 19:38:16', '2015-02-19 14:09:18'),
(585, 2015030004, 233, '', '50000.00', '2015-02-23 19:38:16', 'XXX', 'TUNDA', '', '2015-02-23 19:38:16', '2015-02-19 14:09:18'),
(586, 2015030004, 234, '', '50000.00', '2015-02-23 19:38:16', 'XXX', 'TUNDA', '', '2015-02-23 19:38:16', '2015-02-19 14:09:18'),
(587, 2015030004, 235, '', '50000.00', '2015-02-23 19:38:16', 'XXX', 'TUNDA', '', '2015-02-23 19:38:16', '2015-02-19 14:09:18'),
(588, 2015030004, 236, '', '50000.00', '2015-02-23 19:38:16', 'XXX', 'TUNDA', '', '2015-02-23 19:38:16', '2015-02-19 14:09:18'),
(589, 2015030004, 237, '', '50000.00', '2015-02-23 19:38:16', 'XXX', 'TUNDA', '', '2015-02-23 19:38:16', '2015-02-19 14:09:18'),
(590, 2015030004, 238, '', '50000.00', '2015-02-23 19:38:16', 'XXX', 'TUNDA', '', '2015-02-23 19:38:16', '2015-02-19 14:09:18'),
(591, 2015030004, 239, '', '50000.00', '2015-02-23 19:38:16', 'XXX', 'TUNDA', '', '2015-02-23 19:38:16', '2015-02-19 14:09:19'),
(592, 2015030004, 240, '', '50000.00', '2015-02-23 19:38:16', 'XXX', 'TUNDA', '', '2015-02-23 19:38:16', '2015-02-19 14:09:19'),
(593, 2015030004, 241, '', '50000.00', '2015-02-23 19:38:16', 'XXX', 'TUNDA', '', '2015-02-23 19:38:16', '2015-02-19 14:09:19'),
(594, 2015030004, 242, '', '50000.00', '2015-02-23 19:38:16', 'XXX', 'TUNDA', '', '2015-02-23 19:38:16', '2015-02-19 14:09:19'),
(595, 2015030004, 243, '', '50000.00', '2015-02-23 19:38:16', 'XXX', 'TUNDA', '', '2015-02-23 19:38:16', '2015-02-19 14:09:19'),
(596, 2015030004, 244, '', '50000.00', '2015-02-23 19:38:16', 'XXX', 'TUNDA', '', '2015-02-23 19:38:16', '2015-02-19 14:09:19'),
(597, 2015030004, 245, '', '50000.00', '2015-02-23 19:38:16', 'XXX', 'TUNDA', '', '2015-02-23 19:38:16', '2015-02-19 14:09:19'),
(598, 2015030004, 246, '', '50000.00', '2015-02-23 19:38:16', 'XXX', 'TUNDA', '', '2015-02-23 19:38:16', '2015-02-19 14:09:19'),
(599, 2015030004, 247, '', '50000.00', '2015-02-23 19:38:16', 'XXX', 'TUNDA', '', '2015-02-23 19:38:16', '2015-02-19 14:09:19'),
(600, 2015030004, 248, '', '50000.00', '2015-02-23 19:38:16', 'XXX', 'TUNDA', '', '2015-02-23 19:38:16', '2015-02-19 14:09:19'),
(601, 2015030004, 249, '', '50000.00', '2015-02-23 19:38:16', 'XXX', 'TUNDA', '', '2015-02-23 19:38:16', '2015-02-19 14:09:19'),
(602, 2015030004, 250, '', '50000.00', '2015-02-23 19:38:16', 'XXX', 'TUNDA', '', '2015-02-23 19:38:16', '2015-02-19 14:09:19'),
(603, 2015030004, 251, '', '50000.00', '2015-02-23 19:38:16', 'XXX', 'TUNDA', '', '2015-02-23 19:38:16', '2015-02-19 14:09:19'),
(604, 2015030004, 252, '', '50000.00', '2015-02-23 19:38:16', 'XXX', 'TUNDA', '', '2015-02-23 19:38:16', '2015-02-19 14:09:19'),
(605, 2015030004, 253, '', '50000.00', '2015-02-23 19:38:16', 'XXX', 'TUNDA', '', '2015-02-23 19:38:16', '2015-02-19 14:09:19'),
(606, 2015030004, 254, '', '50000.00', '2015-02-23 19:38:16', 'XXX', 'TUNDA', '', '2015-02-23 19:38:16', '2015-02-19 14:09:19'),
(607, 2015030004, 255, '', '50000.00', '2015-02-23 19:38:16', 'XXX', 'TUNDA', '', '2015-02-23 19:38:16', '2015-02-19 14:09:19'),
(608, 2015030004, 256, '', '50000.00', '2015-02-23 19:38:16', 'XXX', 'TUNDA', '', '2015-02-23 19:38:16', '2015-02-19 14:09:19'),
(609, 2015030004, 257, '', '50000.00', '2015-02-23 19:38:16', 'XXX', 'TUNDA', '', '2015-02-23 19:38:16', '2015-02-19 14:09:19'),
(610, 2015030004, 258, '', '50000.00', '2015-02-23 19:38:16', 'XXX', 'TUNDA', '', '2015-02-23 19:38:16', '2015-02-19 14:09:19'),
(611, 2015030004, 259, '', '50000.00', '2015-02-23 19:38:16', 'XXX', 'TUNDA', '', '2015-02-23 19:38:16', '2015-02-19 14:09:19'),
(612, 2015030004, 260, '', '50000.00', '2015-02-23 19:38:16', 'XXX', 'TUNDA', '', '2015-02-23 19:38:16', '2015-02-19 14:09:19'),
(613, 2015030004, 261, '', '50000.00', '2015-02-23 19:38:16', 'XXX', 'TUNDA', '', '2015-02-23 19:38:16', '2015-02-19 14:09:19'),
(614, 2015030004, 262, '', '50000.00', '2015-02-23 19:38:16', 'XXX', 'TUNDA', '', '2015-02-23 19:38:16', '2015-02-19 14:09:19'),
(615, 2015030004, 263, '', '50000.00', '2015-02-23 19:38:16', 'XXX', 'TUNDA', '', '2015-02-23 19:38:16', '2015-02-19 14:09:19'),
(616, 2015030004, 264, '', '50000.00', '2015-02-23 19:38:16', 'XXX', 'TUNDA', '', '2015-02-23 19:38:16', '2015-02-19 14:09:19'),
(617, 2015030004, 265, '', '50000.00', '2015-02-23 19:38:16', 'XXX', 'TUNDA', '', '2015-02-23 19:38:16', '2015-02-19 14:09:19'),
(618, 2015030004, 266, '', '50000.00', '2015-02-23 19:38:16', 'XXX', 'TUNDA', '', '2015-02-23 19:38:16', '2015-02-19 14:09:19'),
(619, 2015030004, 267, '', '50000.00', '2015-02-23 19:38:16', 'XXX', 'TUNDA', '', '2015-02-23 19:38:16', '2015-02-19 14:09:19'),
(620, 2015030004, 268, '', '50000.00', '2015-02-23 19:38:16', 'XXX', 'TUNDA', '', '2015-02-23 19:38:16', '2015-02-19 14:09:19'),
(621, 2015030004, 269, '', '50000.00', '2015-02-23 19:38:16', 'XXX', 'TUNDA', '', '2015-02-23 19:38:16', '2015-02-19 14:09:19'),
(622, 2015030004, 270, '', '50000.00', '2015-02-23 19:38:16', 'XXX', 'TUNDA', '', '2015-02-23 19:38:16', '2015-02-19 14:09:19'),
(623, 2015030004, 271, '', '50000.00', '2015-02-23 19:38:16', 'XXX', 'TUNDA', '', '2015-02-23 19:38:16', '2015-02-19 14:09:19'),
(624, 2015030004, 272, '', '50000.00', '2015-02-23 19:38:16', 'XXX', 'TUNDA', '', '2015-02-23 19:38:16', '2015-02-19 14:09:19'),
(625, 2015030004, 273, '', '50000.00', '2015-02-23 19:38:16', 'XXX', 'TUNDA', '', '2015-02-23 19:38:16', '2015-02-19 14:09:19'),
(626, 2015030004, 274, '', '50000.00', '2015-02-23 19:38:16', 'XXX', 'TUNDA', '', '2015-02-23 19:38:16', '2015-02-19 14:09:19'),
(627, 2015030004, 275, '', '50000.00', '2015-02-23 19:38:16', 'XXX', 'TUNDA', '', '2015-02-23 19:38:16', '2015-02-19 14:09:19'),
(628, 2015030004, 276, '', '50000.00', '2015-02-23 19:38:16', 'XXX', 'TUNDA', '', '2015-02-23 19:38:16', '2015-02-19 14:09:20'),
(629, 2015030004, 277, '', '50000.00', '2015-02-23 19:38:16', 'XXX', 'TUNDA', '', '2015-02-23 19:38:16', '2015-02-19 14:09:20'),
(630, 2015030004, 278, '', '50000.00', '2015-02-23 19:38:16', 'XXX', 'TUNDA', '', '2015-02-23 19:38:16', '2015-02-19 14:09:20'),
(631, 2015030004, 279, '', '50000.00', '2015-02-23 19:38:16', 'XXX', 'TUNDA', '', '2015-02-23 19:38:16', '2015-02-19 14:09:20'),
(632, 2015030004, 280, '', '50000.00', '2015-02-23 19:38:16', 'XXX', 'TUNDA', '', '2015-02-23 19:38:16', '2015-02-19 14:09:20'),
(633, 2015030004, 281, '', '50000.00', '2015-02-23 19:38:16', 'XXX', 'TUNDA', '', '2015-02-23 19:38:16', '2015-02-19 14:09:20'),
(634, 2015030004, 282, '', '50000.00', '2015-02-23 19:38:16', 'XXX', 'TUNDA', '', '2015-02-23 19:38:16', '2015-02-19 14:09:20'),
(635, 2015030004, 283, '', '50000.00', '2015-02-23 19:38:16', 'XXX', 'TUNDA', '', '2015-02-23 19:38:16', '2015-02-19 14:09:20'),
(636, 2015030004, 284, '', '50000.00', '2015-02-23 19:38:16', 'XXX', 'TUNDA', '', '2015-02-23 19:38:16', '2015-02-19 14:09:20'),
(637, 2015030004, 285, '', '50000.00', '2015-02-23 19:38:16', 'XXX', 'TUNDA', '', '2015-02-23 19:38:16', '2015-02-19 14:09:20'),
(638, 2015030004, 286, '', '50000.00', '2015-02-23 19:38:16', 'XXX', 'TUNDA', '', '2015-02-23 19:38:16', '2015-02-19 14:09:20'),
(639, 2015030004, 287, '', '50000.00', '2015-02-23 19:38:16', 'XXX', 'TUNDA', '', '2015-02-23 19:38:16', '2015-02-19 14:09:20'),
(640, 2015030004, 288, '', '50000.00', '2015-02-23 19:38:16', 'XXX', 'TUNDA', '', '2015-02-23 19:38:16', '2015-02-19 14:09:20'),
(641, 2015030004, 289, '', '50000.00', '2015-02-23 19:38:16', 'XXX', 'TUNDA', '', '2015-02-23 19:38:16', '2015-02-19 14:09:20'),
(642, 2015030004, 290, '', '50000.00', '2015-02-23 19:38:16', 'XXX', 'TUNDA', '', '2015-02-23 19:38:16', '2015-02-19 14:09:20'),
(643, 2015030004, 291, '', '50000.00', '2015-02-23 19:38:16', 'XXX', 'TUNDA', '', '2015-02-23 19:38:16', '2015-02-19 14:09:20'),
(644, 2015030004, 292, '', '50000.00', '2015-02-23 19:38:16', 'XXX', 'TUNDA', '', '2015-02-23 19:38:16', '2015-02-19 14:09:20'),
(645, 2015030004, 293, '', '50000.00', '2015-02-23 19:38:16', 'XXX', 'TUNDA', '', '2015-02-23 19:38:16', '2015-02-19 14:09:20'),
(646, 2015030004, 294, '', '50000.00', '2015-02-23 19:38:16', 'XXX', 'TUNDA', '', '2015-02-23 19:38:16', '2015-02-19 14:09:20'),
(647, 2015030004, 295, '', '50000.00', '2015-02-23 19:38:16', 'XXX', 'TUNDA', '', '2015-02-23 19:38:16', '2015-02-19 14:09:20'),
(648, 2015030004, 296, '', '50000.00', '2015-02-23 19:38:16', 'XXX', 'TUNDA', '', '2015-02-23 19:38:16', '2015-02-19 14:09:20'),
(649, 2015030004, 297, '', '50000.00', '2015-02-23 19:38:16', 'XXX', 'TUNDA', '', '2015-02-23 19:38:16', '2015-02-19 14:09:20'),
(650, 2015030004, 298, '', '50000.00', '2015-02-23 19:38:16', 'XXX', 'TUNDA', '', '2015-02-23 19:38:16', '2015-02-19 14:09:20'),
(651, 2015030004, 299, '', '50000.00', '2015-02-23 19:38:16', 'XXX', 'TUNDA', '', '2015-02-23 19:38:16', '2015-02-19 14:09:20'),
(652, 2015030004, 300, '', '50000.00', '2015-02-23 19:38:16', 'XXX', 'TUNDA', '', '2015-02-23 19:38:16', '2015-02-19 14:09:20'),
(653, 2015030004, 301, '', '50000.00', '2015-02-23 19:38:16', 'XXX', 'TUNDA', '', '2015-02-23 19:38:16', '2015-02-19 14:09:20'),
(654, 2015030004, 302, '', '50000.00', '2015-02-23 19:38:16', 'XXX', 'TUNDA', '', '2015-02-23 19:38:16', '2015-02-19 14:09:20'),
(655, 2015030004, 303, '', '50000.00', '2015-02-23 19:38:16', 'XXX', 'TUNDA', '', '2015-02-23 19:38:16', '2015-02-19 14:09:20'),
(656, 2015030004, 304, '', '50000.00', '2015-02-23 19:38:16', 'XXX', 'TUNDA', '', '2015-02-23 19:38:16', '2015-02-19 14:09:20'),
(657, 2015030004, 305, '', '50000.00', '2015-02-23 19:38:16', 'XXX', 'TUNDA', '', '2015-02-23 19:38:16', '2015-02-19 14:09:20'),
(658, 2015030004, 306, '', '50000.00', '2015-02-23 19:38:16', 'XXX', 'TUNDA', '', '2015-02-23 19:38:16', '2015-02-19 14:09:20'),
(659, 2015030004, 307, '', '50000.00', '2015-02-23 19:38:16', 'XXX', 'TUNDA', '', '2015-02-23 19:38:16', '2015-02-19 14:09:20'),
(660, 2015030004, 308, '', '50000.00', '2015-02-23 19:38:16', 'XXX', 'TUNDA', '', '2015-02-23 19:38:16', '2015-02-19 14:09:20'),
(661, 2015030004, 309, '', '50000.00', '2015-02-23 19:38:16', 'XXX', 'TUNDA', '', '2015-02-23 19:38:16', '2015-02-19 14:09:20'),
(662, 2015030004, 310, '', '50000.00', '2015-02-23 19:38:16', 'XXX', 'TUNDA', '', '2015-02-23 19:38:16', '2015-02-19 14:09:20'),
(663, 2015030004, 311, '', '50000.00', '2015-02-23 19:38:16', 'XXX', 'TUNDA', '', '2015-02-23 19:38:16', '2015-02-19 14:09:20'),
(664, 2015030004, 312, '', '50000.00', '2015-02-23 19:38:16', 'XXX', 'TUNDA', '', '2015-02-23 19:38:16', '2015-02-19 14:09:21'),
(665, 2015030004, 313, '', '50000.00', '2015-02-23 19:38:16', 'XXX', 'TUNDA', '', '2015-02-23 19:38:16', '2015-02-19 14:09:21'),
(666, 2015030004, 314, '', '50000.00', '2015-02-23 19:38:16', 'XXX', 'TUNDA', '', '2015-02-23 19:38:16', '2015-02-19 14:09:21'),
(667, 2015030004, 315, '', '50000.00', '2015-02-23 19:38:16', 'XXX', 'TUNDA', '', '2015-02-23 19:38:16', '2015-02-19 14:09:21'),
(668, 2015030004, 316, '', '50000.00', '2015-02-23 19:38:16', 'XXX', 'TUNDA', '', '2015-02-23 19:38:16', '2015-02-19 14:09:21'),
(669, 2015030004, 317, '', '50000.00', '2015-02-23 19:38:16', 'XXX', 'TUNDA', '', '2015-02-23 19:38:16', '2015-02-19 14:09:21'),
(670, 2015030004, 318, '', '50000.00', '2015-02-23 19:38:16', 'XXX', 'TUNDA', '', '2015-02-23 19:38:16', '2015-02-19 14:09:21'),
(671, 2015030004, 319, '', '50000.00', '2015-02-23 19:38:16', 'XXX', 'TUNDA', '', '2015-02-23 19:38:16', '2015-02-19 14:09:21'),
(672, 2015030004, 320, '', '50000.00', '2015-02-23 19:38:16', 'XXX', 'TUNDA', '', '2015-02-23 19:38:16', '2015-02-19 14:09:21'),
(673, 2015030004, 321, '', '50000.00', '2015-02-23 19:38:16', 'XXX', 'TUNDA', '', '2015-02-23 19:38:16', '2015-02-19 14:09:21'),
(674, 2015030004, 322, '', '50000.00', '2015-02-23 19:38:16', 'XXX', 'TUNDA', '', '2015-02-23 19:38:16', '2015-02-19 14:09:21'),
(675, 2015030004, 323, '', '50000.00', '2015-02-23 19:38:16', 'XXX', 'TUNDA', '', '2015-02-23 19:38:16', '2015-02-19 14:09:21'),
(676, 2015030004, 324, '', '50000.00', '2015-02-23 19:38:16', 'XXX', 'TUNDA', '', '2015-02-23 19:38:16', '2015-02-19 14:09:21'),
(677, 2015030004, 325, '', '50000.00', '2015-02-23 19:38:16', 'XXX', 'TUNDA', '', '2015-02-23 19:38:16', '2015-02-19 14:09:21'),
(678, 2015030004, 326, '', '50000.00', '2015-02-23 19:38:16', 'XXX', 'TUNDA', '', '2015-02-23 19:38:16', '2015-02-19 14:09:21'),
(679, 2015030004, 327, '', '50000.00', '2015-02-23 19:38:16', 'XXX', 'TUNDA', '', '2015-02-23 19:38:16', '2015-02-19 14:09:21'),
(680, 2015030004, 328, '', '50000.00', '2015-02-23 19:38:16', 'XXX', 'TUNDA', '', '2015-02-23 19:38:16', '2015-02-19 14:09:21'),
(681, 2015030004, 329, '', '50000.00', '2015-02-23 19:38:16', 'XXX', 'TUNDA', '', '2015-02-23 19:38:16', '2015-02-19 14:09:21'),
(682, 2015030004, 330, '', '50000.00', '2015-02-23 19:38:16', 'XXX', 'TUNDA', '', '2015-02-23 19:38:16', '2015-02-19 14:09:21'),
(683, 2015030004, 331, '', '50000.00', '2015-02-23 19:38:16', 'XXX', 'TUNDA', '', '2015-02-23 19:38:16', '2015-02-19 14:09:21'),
(684, 2015030004, 332, '', '50000.00', '2015-02-23 19:38:16', 'XXX', 'TUNDA', '', '2015-02-23 19:38:16', '2015-02-19 14:09:21'),
(685, 2015030004, 333, '', '50000.00', '2015-02-23 19:38:16', 'XXX', 'TUNDA', '', '2015-02-23 19:38:16', '2015-02-19 14:09:21'),
(686, 2015030004, 334, '', '50000.00', '2015-02-23 19:38:16', 'XXX', 'TUNDA', '', '2015-02-23 19:38:16', '2015-02-19 14:09:21'),
(687, 2015030004, 335, '', '50000.00', '2015-02-23 19:38:16', 'XXX', 'TUNDA', '', '2015-02-23 19:38:16', '2015-02-19 14:09:21'),
(688, 2015030004, 336, '', '50000.00', '2015-02-23 19:38:16', 'XXX', 'TUNDA', '', '2015-02-23 19:38:16', '2015-02-19 14:09:21'),
(689, 2015030004, 337, '', '50000.00', '2015-02-23 19:38:16', 'XXX', 'TUNDA', '', '2015-02-23 19:38:16', '2015-02-19 14:09:21'),
(690, 2015030004, 338, '', '50000.00', '2015-02-23 19:38:16', 'XXX', 'TUNDA', '', '2015-02-23 19:38:16', '2015-02-19 14:09:21'),
(691, 2015030004, 339, '', '50000.00', '2015-02-23 19:38:16', 'XXX', 'TUNDA', '', '2015-02-23 19:38:16', '2015-02-19 14:09:21'),
(692, 2015030004, 340, '', '50000.00', '2015-02-23 19:38:16', 'XXX', 'TUNDA', '', '2015-02-23 19:38:16', '2015-02-19 14:09:21'),
(693, 2015030004, 341, '', '50000.00', '2015-02-23 19:38:16', 'XXX', 'TUNDA', '', '2015-02-23 19:38:16', '2015-02-19 14:09:21'),
(694, 2015030004, 342, '', '50000.00', '2015-02-23 19:38:16', 'XXX', 'TUNDA', '', '2015-02-23 19:38:16', '2015-02-19 14:09:21'),
(695, 2015030004, 343, '', '50000.00', '2015-02-23 19:38:16', 'XXX', 'TUNDA', '', '2015-02-23 19:38:16', '2015-02-19 14:09:21'),
(696, 2015030004, 344, '', '50000.00', '2015-02-23 19:38:16', 'XXX', 'TUNDA', '', '2015-02-23 19:38:16', '2015-02-19 14:09:21'),
(697, 2015030004, 345, '', '50000.00', '2015-02-23 19:38:16', 'XXX', 'TUNDA', '', '2015-02-23 19:38:16', '2015-02-19 14:09:21'),
(698, 2015030004, 346, '', '50000.00', '2015-02-23 19:38:16', 'XXX', 'TUNDA', '', '2015-02-23 19:38:16', '2015-02-19 14:09:21'),
(699, 2014080002, 1, '', '50000.00', '0000-00-00 00:00:00', 'XXX', 'TUNDA', '', '2015-03-07 21:42:28', '2015-03-07 21:42:28'),
(700, 2014080002, 2, '', '50000.00', '0000-00-00 00:00:00', 'XXX', 'TUNDA', '', '2015-03-07 21:42:28', '2015-03-07 21:42:28'),
(701, 2014080002, 3, '', '50000.00', '0000-00-00 00:00:00', 'XXX', 'TUNDA', '', '2015-03-07 21:42:28', '2015-03-07 21:42:28'),
(702, 2014080002, 4, '', '50000.00', '0000-00-00 00:00:00', 'XXX', 'TUNDA', '', '2015-03-07 21:42:28', '2015-03-07 21:42:28'),
(703, 2014080002, 5, '', '50000.00', '0000-00-00 00:00:00', 'XXX', 'TUNDA', '', '2015-03-07 21:42:28', '2015-03-07 21:42:28'),
(704, 2014080002, 6, '', '50000.00', '0000-00-00 00:00:00', 'XXX', 'TUNDA', '', '2015-03-07 21:42:28', '2015-03-07 21:42:28'),
(705, 2014080002, 7, '', '50000.00', '0000-00-00 00:00:00', 'XXX', 'TUNDA', '', '2015-03-07 21:42:28', '2015-03-07 21:42:28'),
(706, 2014080002, 8, '', '50000.00', '0000-00-00 00:00:00', 'XXX', 'TUNDA', '', '2015-03-07 21:42:28', '2015-03-07 21:42:28'),
(707, 2014080002, 9, '', '50000.00', '0000-00-00 00:00:00', 'XXX', 'TUNDA', '', '2015-03-07 21:42:28', '2015-03-07 21:42:28'),
(708, 2014080002, 10, '', '50000.00', '0000-00-00 00:00:00', 'XXX', 'TUNDA', '', '2015-03-07 21:42:28', '2015-03-07 21:42:28'),
(709, 2014080002, 11, '', '50000.00', '0000-00-00 00:00:00', 'XXX', 'TUNDA', '', '2015-03-07 21:42:28', '2015-03-07 21:42:28'),
(710, 2014080002, 12, '', '50000.00', '0000-00-00 00:00:00', 'XXX', 'TUNDA', '', '2015-03-07 21:42:28', '2015-03-07 21:42:28'),
(711, 2014080002, 13, '', '50000.00', '0000-00-00 00:00:00', 'XXX', 'TUNDA', '', '2015-03-07 21:42:28', '2015-03-07 21:42:28'),
(712, 2014080002, 14, '', '50000.00', '0000-00-00 00:00:00', 'XXX', 'TUNDA', '', '2015-03-07 21:42:28', '2015-03-07 21:42:28'),
(713, 2014080002, 15, '', '50000.00', '0000-00-00 00:00:00', 'XXX', 'TUNDA', '', '2015-03-07 21:42:28', '2015-03-07 21:42:28'),
(714, 2014080002, 16, '', '50000.00', '0000-00-00 00:00:00', 'XXX', 'TUNDA', '', '2015-03-07 21:42:28', '2015-03-07 21:42:28'),
(715, 2014080002, 17, '', '50000.00', '0000-00-00 00:00:00', 'XXX', 'TUNDA', '', '2015-03-07 21:42:28', '2015-03-07 21:42:28'),
(716, 2014080002, 18, '', '50000.00', '0000-00-00 00:00:00', 'XXX', 'TUNDA', '', '2015-03-07 21:42:28', '2015-03-07 21:42:28'),
(717, 2014080002, 19, '', '50000.00', '0000-00-00 00:00:00', 'XXX', 'TUNDA', '', '2015-03-07 21:42:29', '2015-03-07 21:42:29'),
(718, 2014080002, 20, '', '50000.00', '0000-00-00 00:00:00', 'XXX', 'TUNDA', '', '2015-03-07 21:42:29', '2015-03-07 21:42:29'),
(719, 2014080002, 21, '', '50000.00', '0000-00-00 00:00:00', 'XXX', 'TUNDA', '', '2015-03-07 21:42:29', '2015-03-07 21:42:29'),
(720, 2014080002, 22, '', '50000.00', '0000-00-00 00:00:00', 'XXX', 'TUNDA', '', '2015-03-07 21:42:29', '2015-03-07 21:42:29'),
(721, 2014080002, 23, '', '50000.00', '0000-00-00 00:00:00', 'XXX', 'TUNDA', '', '2015-03-07 21:42:29', '2015-03-07 21:42:29'),
(722, 2014080002, 24, '', '50000.00', '0000-00-00 00:00:00', 'XXX', 'TUNDA', '', '2015-03-07 21:42:29', '2015-03-07 21:42:29'),
(723, 2014080002, 25, '', '50000.00', '0000-00-00 00:00:00', 'XXX', 'TUNDA', '', '2015-03-07 21:42:29', '2015-03-07 21:42:29'),
(724, 2014080002, 26, '', '50000.00', '0000-00-00 00:00:00', 'XXX', 'TUNDA', '', '2015-03-07 21:42:29', '2015-03-07 21:42:29'),
(725, 2014080002, 27, '', '50000.00', '0000-00-00 00:00:00', 'XXX', 'TUNDA', '', '2015-03-07 21:42:29', '2015-03-07 21:42:29'),
(726, 2014080002, 28, '', '50000.00', '0000-00-00 00:00:00', 'XXX', 'TUNDA', '', '2015-03-07 21:42:29', '2015-03-07 21:42:29'),
(727, 2014080002, 29, '', '50000.00', '0000-00-00 00:00:00', 'XXX', 'TUNDA', '', '2015-03-07 21:42:29', '2015-03-07 21:42:29'),
(728, 2014080002, 30, '', '50000.00', '0000-00-00 00:00:00', 'XXX', 'TUNDA', '', '2015-03-07 21:42:29', '2015-03-07 21:42:29'),
(729, 2014080002, 31, '', '50000.00', '0000-00-00 00:00:00', 'XXX', 'TUNDA', '', '2015-03-07 21:42:29', '2015-03-07 21:42:29'),
(730, 2014080002, 32, '', '50000.00', '0000-00-00 00:00:00', 'XXX', 'TUNDA', '', '2015-03-07 21:42:29', '2015-03-07 21:42:29'),
(731, 2014080002, 33, '', '50000.00', '0000-00-00 00:00:00', 'XXX', 'TUNDA', '', '2015-03-07 21:42:29', '2015-03-07 21:42:29'),
(732, 2014080002, 34, '', '50000.00', '0000-00-00 00:00:00', 'XXX', 'TUNDA', '', '2015-03-07 21:42:29', '2015-03-07 21:42:29'),
(733, 2014080002, 35, '', '50000.00', '0000-00-00 00:00:00', 'XXX', 'TUNDA', '', '2015-03-07 21:42:29', '2015-03-07 21:42:29'),
(734, 2014080002, 36, '', '50000.00', '0000-00-00 00:00:00', 'XXX', 'TUNDA', '', '2015-03-07 21:42:29', '2015-03-07 21:42:29'),
(735, 2014080002, 37, '', '50000.00', '0000-00-00 00:00:00', 'XXX', 'TUNDA', '', '2015-03-07 21:42:29', '2015-03-07 21:42:29'),
(736, 2014080002, 38, '', '50000.00', '0000-00-00 00:00:00', 'XXX', 'TUNDA', '', '2015-03-07 21:42:29', '2015-03-07 21:42:29'),
(737, 2014080002, 39, '', '50000.00', '0000-00-00 00:00:00', 'XXX', 'TUNDA', '', '2015-03-07 21:42:29', '2015-03-07 21:42:29'),
(738, 2014080002, 40, '', '50000.00', '0000-00-00 00:00:00', 'XXX', 'TUNDA', '', '2015-03-07 21:42:29', '2015-03-07 21:42:29'),
(739, 2014080002, 41, '', '50000.00', '0000-00-00 00:00:00', 'XXX', 'TUNDA', '', '2015-03-07 21:42:29', '2015-03-07 21:42:29'),
(740, 2014080002, 42, '', '50000.00', '0000-00-00 00:00:00', 'XXX', 'TUNDA', '', '2015-03-07 21:42:30', '2015-03-07 21:42:30'),
(741, 2014080002, 43, '', '50000.00', '0000-00-00 00:00:00', 'XXX', 'TUNDA', '', '2015-03-07 21:42:30', '2015-03-07 21:42:30'),
(742, 2014080002, 44, '', '50000.00', '0000-00-00 00:00:00', 'XXX', 'TUNDA', '', '2015-03-07 21:42:30', '2015-03-07 21:42:30');
INSERT INTO `iurans` (`id`, `id_peserta`, `cicilan_ke`, `bln_thn`, `iuran`, `tanggal_bayar`, `id_bank`, `status`, `keterangan`, `created_at`, `updated_at`) VALUES
(743, 2014080002, 45, '', '50000.00', '0000-00-00 00:00:00', 'XXX', 'TUNDA', '', '2015-03-07 21:42:30', '2015-03-07 21:42:30'),
(744, 2014080002, 46, '', '50000.00', '0000-00-00 00:00:00', 'XXX', 'TUNDA', '', '2015-03-07 21:42:30', '2015-03-07 21:42:30'),
(745, 2014080002, 47, '', '50000.00', '0000-00-00 00:00:00', 'XXX', 'TUNDA', '', '2015-03-07 21:42:30', '2015-03-07 21:42:30'),
(746, 2014080002, 48, '', '50000.00', '0000-00-00 00:00:00', 'XXX', 'TUNDA', '', '2015-03-07 21:42:30', '2015-03-07 21:42:30'),
(747, 2014080002, 49, '', '50000.00', '0000-00-00 00:00:00', 'XXX', 'TUNDA', '', '2015-03-07 21:42:30', '2015-03-07 21:42:30'),
(748, 2014080002, 50, '', '50000.00', '0000-00-00 00:00:00', 'XXX', 'TUNDA', '', '2015-03-07 21:42:30', '2015-03-07 21:42:30'),
(749, 2014080002, 51, '', '50000.00', '0000-00-00 00:00:00', 'XXX', 'TUNDA', '', '2015-03-07 21:42:30', '2015-03-07 21:42:30'),
(750, 2014080002, 52, '', '50000.00', '0000-00-00 00:00:00', 'XXX', 'TUNDA', '', '2015-03-07 21:42:30', '2015-03-07 21:42:30'),
(751, 2014080002, 53, '', '50000.00', '0000-00-00 00:00:00', 'XXX', 'TUNDA', '', '2015-03-07 21:42:30', '2015-03-07 21:42:30'),
(752, 2014080002, 54, '', '50000.00', '0000-00-00 00:00:00', 'XXX', 'TUNDA', '', '2015-03-07 21:42:30', '2015-03-07 21:42:30'),
(753, 2014080002, 55, '', '50000.00', '0000-00-00 00:00:00', 'XXX', 'TUNDA', '', '2015-03-07 21:42:30', '2015-03-07 21:42:30'),
(754, 2014080002, 56, '', '50000.00', '0000-00-00 00:00:00', 'XXX', 'TUNDA', '', '2015-03-07 21:42:30', '2015-03-07 21:42:30'),
(755, 2014080002, 57, '', '50000.00', '0000-00-00 00:00:00', 'XXX', 'TUNDA', '', '2015-03-07 21:42:30', '2015-03-07 21:42:30'),
(756, 2014080002, 58, '', '50000.00', '0000-00-00 00:00:00', 'XXX', 'TUNDA', '', '2015-03-07 21:42:30', '2015-03-07 21:42:30'),
(757, 2014080002, 59, '', '50000.00', '0000-00-00 00:00:00', 'XXX', 'TUNDA', '', '2015-03-07 21:42:30', '2015-03-07 21:42:30'),
(758, 2014080002, 60, '', '50000.00', '0000-00-00 00:00:00', 'XXX', 'TUNDA', '', '2015-03-07 21:42:30', '2015-03-07 21:42:30'),
(759, 2014080002, 61, '', '50000.00', '0000-00-00 00:00:00', 'XXX', 'TUNDA', '', '2015-03-07 21:42:30', '2015-03-07 21:42:30'),
(760, 2014080002, 62, '', '50000.00', '0000-00-00 00:00:00', 'XXX', 'TUNDA', '', '2015-03-07 21:42:30', '2015-03-07 21:42:30'),
(761, 2014080002, 63, '', '50000.00', '0000-00-00 00:00:00', 'XXX', 'TUNDA', '', '2015-03-07 21:42:30', '2015-03-07 21:42:30'),
(762, 2014080002, 64, '', '50000.00', '0000-00-00 00:00:00', 'XXX', 'TUNDA', '', '2015-03-07 21:42:31', '2015-03-07 21:42:31'),
(763, 2014080002, 65, '', '50000.00', '0000-00-00 00:00:00', 'XXX', 'TUNDA', '', '2015-03-07 21:42:31', '2015-03-07 21:42:31'),
(764, 2014080002, 66, '', '50000.00', '0000-00-00 00:00:00', 'XXX', 'TUNDA', '', '2015-03-07 21:42:31', '2015-03-07 21:42:31'),
(765, 2014080002, 67, '', '50000.00', '0000-00-00 00:00:00', 'XXX', 'TUNDA', '', '2015-03-07 21:42:31', '2015-03-07 21:42:31'),
(766, 2014080002, 68, '', '50000.00', '0000-00-00 00:00:00', 'XXX', 'TUNDA', '', '2015-03-07 21:42:31', '2015-03-07 21:42:31'),
(767, 2014080002, 69, '', '50000.00', '0000-00-00 00:00:00', 'XXX', 'TUNDA', '', '2015-03-07 21:42:31', '2015-03-07 21:42:31'),
(768, 2014080002, 70, '', '50000.00', '0000-00-00 00:00:00', 'XXX', 'TUNDA', '', '2015-03-07 21:42:31', '2015-03-07 21:42:31'),
(769, 2014080002, 71, '', '50000.00', '0000-00-00 00:00:00', 'XXX', 'TUNDA', '', '2015-03-07 21:42:31', '2015-03-07 21:42:31'),
(770, 2014080002, 72, '', '50000.00', '0000-00-00 00:00:00', 'XXX', 'TUNDA', '', '2015-03-07 21:42:31', '2015-03-07 21:42:31'),
(771, 2014080002, 73, '', '50000.00', '0000-00-00 00:00:00', 'XXX', 'TUNDA', '', '2015-03-07 21:42:31', '2015-03-07 21:42:31'),
(772, 2014080002, 74, '', '50000.00', '0000-00-00 00:00:00', 'XXX', 'TUNDA', '', '2015-03-07 21:42:31', '2015-03-07 21:42:31'),
(773, 2014080002, 75, '', '50000.00', '0000-00-00 00:00:00', 'XXX', 'TUNDA', '', '2015-03-07 21:42:31', '2015-03-07 21:42:31'),
(774, 2014080002, 76, '', '50000.00', '0000-00-00 00:00:00', 'XXX', 'TUNDA', '', '2015-03-07 21:42:31', '2015-03-07 21:42:31'),
(775, 2014080002, 77, '', '50000.00', '0000-00-00 00:00:00', 'XXX', 'TUNDA', '', '2015-03-07 21:42:31', '2015-03-07 21:42:31'),
(776, 2014080002, 78, '', '50000.00', '0000-00-00 00:00:00', 'XXX', 'TUNDA', '', '2015-03-07 21:42:31', '2015-03-07 21:42:31'),
(777, 2014080002, 79, '', '50000.00', '0000-00-00 00:00:00', 'XXX', 'TUNDA', '', '2015-03-07 21:42:31', '2015-03-07 21:42:31'),
(778, 2014080002, 80, '', '50000.00', '0000-00-00 00:00:00', 'XXX', 'TUNDA', '', '2015-03-07 21:42:31', '2015-03-07 21:42:31'),
(779, 2014080002, 81, '', '50000.00', '0000-00-00 00:00:00', 'XXX', 'TUNDA', '', '2015-03-07 21:42:31', '2015-03-07 21:42:31'),
(780, 2014080002, 82, '', '50000.00', '0000-00-00 00:00:00', 'XXX', 'TUNDA', '', '2015-03-07 21:42:31', '2015-03-07 21:42:31'),
(781, 2014080002, 83, '', '50000.00', '0000-00-00 00:00:00', 'XXX', 'TUNDA', '', '2015-03-07 21:42:31', '2015-03-07 21:42:31'),
(782, 2014080002, 84, '', '50000.00', '0000-00-00 00:00:00', 'XXX', 'TUNDA', '', '2015-03-07 21:42:31', '2015-03-07 21:42:31'),
(783, 2014080002, 85, '', '50000.00', '0000-00-00 00:00:00', 'XXX', 'TUNDA', '', '2015-03-07 21:42:31', '2015-03-07 21:42:31'),
(784, 2014080002, 86, '', '50000.00', '0000-00-00 00:00:00', 'XXX', 'TUNDA', '', '2015-03-07 21:42:31', '2015-03-07 21:42:31'),
(785, 2014080002, 87, '', '50000.00', '0000-00-00 00:00:00', 'XXX', 'TUNDA', '', '2015-03-07 21:42:31', '2015-03-07 21:42:31'),
(786, 2014080002, 88, '', '50000.00', '0000-00-00 00:00:00', 'XXX', 'TUNDA', '', '2015-03-07 21:42:31', '2015-03-07 21:42:31'),
(787, 2014080002, 89, '', '50000.00', '0000-00-00 00:00:00', 'XXX', 'TUNDA', '', '2015-03-07 21:42:31', '2015-03-07 21:42:31'),
(788, 2014080002, 90, '', '50000.00', '0000-00-00 00:00:00', 'XXX', 'TUNDA', '', '2015-03-07 21:42:31', '2015-03-07 21:42:31'),
(789, 2014080002, 91, '', '50000.00', '0000-00-00 00:00:00', 'XXX', 'TUNDA', '', '2015-03-07 21:42:31', '2015-03-07 21:42:31'),
(790, 2014080002, 92, '', '50000.00', '0000-00-00 00:00:00', 'XXX', 'TUNDA', '', '2015-03-07 21:42:31', '2015-03-07 21:42:31'),
(791, 2014080002, 93, '', '50000.00', '0000-00-00 00:00:00', 'XXX', 'TUNDA', '', '2015-03-07 21:42:31', '2015-03-07 21:42:31'),
(792, 2014080002, 94, '', '50000.00', '0000-00-00 00:00:00', 'XXX', 'TUNDA', '', '2015-03-07 21:42:31', '2015-03-07 21:42:31'),
(793, 2014080002, 95, '', '50000.00', '0000-00-00 00:00:00', 'XXX', 'TUNDA', '', '2015-03-07 21:42:31', '2015-03-07 21:42:31'),
(794, 2014080002, 96, '', '50000.00', '0000-00-00 00:00:00', 'XXX', 'TUNDA', '', '2015-03-07 21:42:32', '2015-03-07 21:42:32'),
(795, 2014080002, 97, '', '50000.00', '0000-00-00 00:00:00', 'XXX', 'TUNDA', '', '2015-03-07 21:42:32', '2015-03-07 21:42:32'),
(796, 2014080002, 98, '', '50000.00', '0000-00-00 00:00:00', 'XXX', 'TUNDA', '', '2015-03-07 21:42:32', '2015-03-07 21:42:32'),
(797, 2014080002, 99, '', '50000.00', '0000-00-00 00:00:00', 'XXX', 'TUNDA', '', '2015-03-07 21:42:32', '2015-03-07 21:42:32'),
(798, 2014080002, 100, '', '50000.00', '0000-00-00 00:00:00', 'XXX', 'TUNDA', '', '2015-03-07 21:42:32', '2015-03-07 21:42:32'),
(799, 2014080002, 101, '', '50000.00', '0000-00-00 00:00:00', 'XXX', 'TUNDA', '', '2015-03-07 21:42:32', '2015-03-07 21:42:32'),
(800, 2014080002, 102, '', '50000.00', '0000-00-00 00:00:00', 'XXX', 'TUNDA', '', '2015-03-07 21:42:32', '2015-03-07 21:42:32'),
(801, 2014080002, 103, '', '50000.00', '0000-00-00 00:00:00', 'XXX', 'TUNDA', '', '2015-03-07 21:42:32', '2015-03-07 21:42:32'),
(802, 2014080002, 104, '', '50000.00', '0000-00-00 00:00:00', 'XXX', 'TUNDA', '', '2015-03-07 21:42:32', '2015-03-07 21:42:32'),
(803, 2014080002, 105, '', '50000.00', '0000-00-00 00:00:00', 'XXX', 'TUNDA', '', '2015-03-07 21:42:32', '2015-03-07 21:42:32'),
(804, 2014080002, 106, '', '50000.00', '0000-00-00 00:00:00', 'XXX', 'TUNDA', '', '2015-03-07 21:42:32', '2015-03-07 21:42:32'),
(805, 2014080002, 107, '', '50000.00', '0000-00-00 00:00:00', 'XXX', 'TUNDA', '', '2015-03-07 21:42:32', '2015-03-07 21:42:32'),
(806, 2014080002, 108, '', '50000.00', '0000-00-00 00:00:00', 'XXX', 'TUNDA', '', '2015-03-07 21:42:32', '2015-03-07 21:42:32'),
(807, 2014080002, 109, '', '50000.00', '0000-00-00 00:00:00', 'XXX', 'TUNDA', '', '2015-03-07 21:42:32', '2015-03-07 21:42:32'),
(808, 2014080002, 110, '', '50000.00', '0000-00-00 00:00:00', 'XXX', 'TUNDA', '', '2015-03-07 21:42:32', '2015-03-07 21:42:32'),
(809, 2014080002, 111, '', '50000.00', '0000-00-00 00:00:00', 'XXX', 'TUNDA', '', '2015-03-07 21:42:32', '2015-03-07 21:42:32'),
(810, 2014080002, 112, '', '50000.00', '0000-00-00 00:00:00', 'XXX', 'TUNDA', '', '2015-03-07 21:42:32', '2015-03-07 21:42:32'),
(811, 2014080002, 113, '', '50000.00', '0000-00-00 00:00:00', 'XXX', 'TUNDA', '', '2015-03-07 21:42:32', '2015-03-07 21:42:32'),
(812, 2014080002, 114, '', '50000.00', '0000-00-00 00:00:00', 'XXX', 'TUNDA', '', '2015-03-07 21:42:32', '2015-03-07 21:42:32'),
(813, 2014080002, 115, '', '50000.00', '0000-00-00 00:00:00', 'XXX', 'TUNDA', '', '2015-03-07 21:42:32', '2015-03-07 21:42:32'),
(814, 2014080002, 116, '', '50000.00', '0000-00-00 00:00:00', 'XXX', 'TUNDA', '', '2015-03-07 21:42:32', '2015-03-07 21:42:32'),
(815, 2014080002, 117, '', '50000.00', '0000-00-00 00:00:00', 'XXX', 'TUNDA', '', '2015-03-07 21:42:32', '2015-03-07 21:42:32'),
(816, 2014080002, 118, '', '50000.00', '0000-00-00 00:00:00', 'XXX', 'TUNDA', '', '2015-03-07 21:42:32', '2015-03-07 21:42:32'),
(817, 2014080002, 119, '', '50000.00', '0000-00-00 00:00:00', 'XXX', 'TUNDA', '', '2015-03-07 21:42:32', '2015-03-07 21:42:32'),
(818, 2014080002, 120, '', '50000.00', '0000-00-00 00:00:00', 'XXX', 'TUNDA', '', '2015-03-07 21:42:32', '2015-03-07 21:42:32'),
(819, 2014080002, 121, '', '50000.00', '0000-00-00 00:00:00', 'XXX', 'TUNDA', '', '2015-03-07 21:42:32', '2015-03-07 21:42:32'),
(820, 2014080002, 122, '', '50000.00', '0000-00-00 00:00:00', 'XXX', 'TUNDA', '', '2015-03-07 21:42:32', '2015-03-07 21:42:32'),
(821, 2014080002, 123, '', '50000.00', '0000-00-00 00:00:00', 'XXX', 'TUNDA', '', '2015-03-07 21:42:32', '2015-03-07 21:42:32'),
(822, 2014080002, 124, '', '50000.00', '0000-00-00 00:00:00', 'XXX', 'TUNDA', '', '2015-03-07 21:42:32', '2015-03-07 21:42:32'),
(823, 2014080002, 125, '', '50000.00', '0000-00-00 00:00:00', 'XXX', 'TUNDA', '', '2015-03-07 21:42:32', '2015-03-07 21:42:32'),
(824, 2014080002, 126, '', '50000.00', '0000-00-00 00:00:00', 'XXX', 'TUNDA', '', '2015-03-07 21:42:32', '2015-03-07 21:42:32'),
(825, 2014080002, 127, '', '50000.00', '0000-00-00 00:00:00', 'XXX', 'TUNDA', '', '2015-03-07 21:42:32', '2015-03-07 21:42:32'),
(826, 2014080002, 128, '', '50000.00', '0000-00-00 00:00:00', 'XXX', 'TUNDA', '', '2015-03-07 21:42:32', '2015-03-07 21:42:32'),
(827, 2014080002, 129, '', '50000.00', '0000-00-00 00:00:00', 'XXX', 'TUNDA', '', '2015-03-07 21:42:32', '2015-03-07 21:42:32'),
(1082, 2015030005, 1, '03-2015', '50000.00', '0000-00-00 00:00:00', 'XXX', 'TUNDA', '', '2015-03-16 23:32:19', '2015-03-16 23:32:19'),
(1083, 2015030005, 2, '03-2015', '50000.00', '0000-00-00 00:00:00', 'XXX', 'TUNDA', '', '2015-03-16 23:32:19', '2015-03-16 23:32:19'),
(1084, 2015030005, 3, '03-2015', '50000.00', '0000-00-00 00:00:00', 'XXX', 'TUNDA', '', '2015-03-16 23:32:19', '2015-03-16 23:32:19'),
(1085, 2015030005, 4, '03-2015', '50000.00', '0000-00-00 00:00:00', 'XXX', 'TUNDA', '', '2015-03-16 23:32:19', '2015-03-16 23:32:19'),
(1086, 2015030005, 5, '03-2015', '50000.00', '0000-00-00 00:00:00', 'XXX', 'TUNDA', '', '2015-03-16 23:32:19', '2015-03-16 23:32:19'),
(1087, 2015030005, 6, '03-2015', '50000.00', '0000-00-00 00:00:00', 'XXX', 'TUNDA', '', '2015-03-16 23:32:19', '2015-03-16 23:32:19'),
(1088, 2015030005, 7, '03-2015', '50000.00', '0000-00-00 00:00:00', 'XXX', 'TUNDA', '', '2015-03-16 23:32:19', '2015-03-16 23:32:19'),
(1089, 2015030005, 8, '03-2015', '50000.00', '0000-00-00 00:00:00', 'XXX', 'TUNDA', '', '2015-03-16 23:32:19', '2015-03-16 23:32:19'),
(1090, 2015030005, 9, '03-2015', '50000.00', '0000-00-00 00:00:00', 'XXX', 'TUNDA', '', '2015-03-16 23:32:20', '2015-03-16 23:32:20'),
(1091, 2015030005, 10, '03-2015', '50000.00', '0000-00-00 00:00:00', 'XXX', 'TUNDA', '', '2015-03-16 23:32:20', '2015-03-16 23:32:20'),
(1092, 2015030005, 11, '03-2015', '50000.00', '0000-00-00 00:00:00', 'XXX', 'TUNDA', '', '2015-03-16 23:32:20', '2015-03-16 23:32:20'),
(1093, 2015030005, 12, '03-2015', '50000.00', '0000-00-00 00:00:00', 'XXX', 'TUNDA', '', '2015-03-16 23:32:20', '2015-03-16 23:32:20'),
(1094, 2015030005, 13, '03-2015', '50000.00', '0000-00-00 00:00:00', 'XXX', 'TUNDA', '', '2015-03-16 23:32:20', '2015-03-16 23:32:20'),
(1095, 2015030005, 14, '03-2015', '50000.00', '0000-00-00 00:00:00', 'XXX', 'TUNDA', '', '2015-03-16 23:32:20', '2015-03-16 23:32:20'),
(1096, 2015030005, 15, '03-2015', '50000.00', '0000-00-00 00:00:00', 'XXX', 'TUNDA', '', '2015-03-16 23:32:20', '2015-03-16 23:32:20'),
(1097, 2015030005, 16, '03-2015', '50000.00', '0000-00-00 00:00:00', 'XXX', 'TUNDA', '', '2015-03-16 23:32:20', '2015-03-16 23:32:20'),
(1098, 2015030005, 17, '03-2015', '50000.00', '0000-00-00 00:00:00', 'XXX', 'TUNDA', '', '2015-03-16 23:32:20', '2015-03-16 23:32:20'),
(1099, 2015030005, 18, '03-2015', '50000.00', '0000-00-00 00:00:00', 'XXX', 'TUNDA', '', '2015-03-16 23:32:20', '2015-03-16 23:32:20'),
(1100, 2015030005, 19, '03-2015', '50000.00', '0000-00-00 00:00:00', 'XXX', 'TUNDA', '', '2015-03-16 23:32:20', '2015-03-16 23:32:20'),
(1101, 2015030005, 20, '03-2015', '50000.00', '0000-00-00 00:00:00', 'XXX', 'TUNDA', '', '2015-03-16 23:32:20', '2015-03-16 23:32:20'),
(1102, 2015030005, 21, '03-2015', '50000.00', '0000-00-00 00:00:00', 'XXX', 'TUNDA', '', '2015-03-16 23:32:20', '2015-03-16 23:32:20'),
(1103, 2015030005, 22, '03-2015', '50000.00', '0000-00-00 00:00:00', 'XXX', 'TUNDA', '', '2015-03-16 23:32:20', '2015-03-16 23:32:20'),
(1104, 2015030005, 23, '03-2015', '50000.00', '0000-00-00 00:00:00', 'XXX', 'TUNDA', '', '2015-03-16 23:32:20', '2015-03-16 23:32:20'),
(1105, 2015030005, 24, '03-2015', '50000.00', '0000-00-00 00:00:00', 'XXX', 'TUNDA', '', '2015-03-16 23:32:20', '2015-03-16 23:32:20'),
(1106, 2015030005, 25, '03-2015', '50000.00', '0000-00-00 00:00:00', 'XXX', 'TUNDA', '', '2015-03-16 23:32:20', '2015-03-16 23:32:20'),
(1107, 2015030005, 26, '03-2015', '50000.00', '0000-00-00 00:00:00', 'XXX', 'TUNDA', '', '2015-03-16 23:32:20', '2015-03-16 23:32:20'),
(1108, 2015030005, 27, '03-2015', '50000.00', '0000-00-00 00:00:00', 'XXX', 'TUNDA', '', '2015-03-16 23:32:20', '2015-03-16 23:32:20'),
(1109, 2015030005, 28, '03-2015', '50000.00', '0000-00-00 00:00:00', 'XXX', 'TUNDA', '', '2015-03-16 23:32:20', '2015-03-16 23:32:20'),
(1110, 2015030005, 29, '03-2015', '50000.00', '0000-00-00 00:00:00', 'XXX', 'TUNDA', '', '2015-03-16 23:32:20', '2015-03-16 23:32:20'),
(1111, 2015030005, 30, '03-2015', '50000.00', '0000-00-00 00:00:00', 'XXX', 'TUNDA', '', '2015-03-16 23:32:20', '2015-03-16 23:32:20'),
(1112, 2015030005, 31, '03-2015', '50000.00', '0000-00-00 00:00:00', 'XXX', 'TUNDA', '', '2015-03-16 23:32:20', '2015-03-16 23:32:20'),
(1113, 2015030005, 32, '03-2015', '50000.00', '0000-00-00 00:00:00', 'XXX', 'TUNDA', '', '2015-03-16 23:32:20', '2015-03-16 23:32:20'),
(1114, 2015030005, 33, '03-2015', '50000.00', '0000-00-00 00:00:00', 'XXX', 'TUNDA', '', '2015-03-16 23:32:20', '2015-03-16 23:32:20'),
(1115, 2015030005, 34, '03-2015', '50000.00', '0000-00-00 00:00:00', 'XXX', 'TUNDA', '', '2015-03-16 23:32:20', '2015-03-16 23:32:20'),
(1116, 2015030005, 35, '03-2015', '50000.00', '0000-00-00 00:00:00', 'XXX', 'TUNDA', '', '2015-03-16 23:32:21', '2015-03-16 23:32:21'),
(1117, 2015030005, 36, '03-2015', '50000.00', '0000-00-00 00:00:00', 'XXX', 'TUNDA', '', '2015-03-16 23:32:21', '2015-03-16 23:32:21'),
(1118, 2015030005, 37, '03-2015', '50000.00', '0000-00-00 00:00:00', 'XXX', 'TUNDA', '', '2015-03-16 23:32:21', '2015-03-16 23:32:21'),
(1119, 2015030005, 38, '03-2015', '50000.00', '0000-00-00 00:00:00', 'XXX', 'TUNDA', '', '2015-03-16 23:32:21', '2015-03-16 23:32:21'),
(1120, 2015030005, 39, '03-2015', '50000.00', '0000-00-00 00:00:00', 'XXX', 'TUNDA', '', '2015-03-16 23:32:21', '2015-03-16 23:32:21'),
(1121, 2015030005, 40, '03-2015', '50000.00', '0000-00-00 00:00:00', 'XXX', 'TUNDA', '', '2015-03-16 23:32:21', '2015-03-16 23:32:21'),
(1122, 2015030005, 41, '03-2015', '50000.00', '0000-00-00 00:00:00', 'XXX', 'TUNDA', '', '2015-03-16 23:32:21', '2015-03-16 23:32:21'),
(1123, 2015030005, 42, '03-2015', '50000.00', '0000-00-00 00:00:00', 'XXX', 'TUNDA', '', '2015-03-16 23:32:21', '2015-03-16 23:32:21'),
(1124, 2015030005, 43, '03-2015', '50000.00', '0000-00-00 00:00:00', 'XXX', 'TUNDA', '', '2015-03-16 23:32:21', '2015-03-16 23:32:21'),
(1125, 2015030005, 44, '03-2015', '50000.00', '0000-00-00 00:00:00', 'XXX', 'TUNDA', '', '2015-03-16 23:32:21', '2015-03-16 23:32:21'),
(1126, 2015030005, 45, '03-2015', '50000.00', '0000-00-00 00:00:00', 'XXX', 'TUNDA', '', '2015-03-16 23:32:21', '2015-03-16 23:32:21'),
(1127, 2015030005, 46, '03-2015', '50000.00', '0000-00-00 00:00:00', 'XXX', 'TUNDA', '', '2015-03-16 23:32:21', '2015-03-16 23:32:21'),
(1128, 2015030005, 47, '03-2015', '50000.00', '0000-00-00 00:00:00', 'XXX', 'TUNDA', '', '2015-03-16 23:32:21', '2015-03-16 23:32:21'),
(1129, 2015030005, 48, '03-2015', '50000.00', '0000-00-00 00:00:00', 'XXX', 'TUNDA', '', '2015-03-16 23:32:21', '2015-03-16 23:32:21'),
(1130, 2015030005, 49, '03-2015', '50000.00', '0000-00-00 00:00:00', 'XXX', 'TUNDA', '', '2015-03-16 23:32:21', '2015-03-16 23:32:21'),
(1131, 2015030005, 50, '03-2015', '50000.00', '0000-00-00 00:00:00', 'XXX', 'TUNDA', '', '2015-03-16 23:32:21', '2015-03-16 23:32:21'),
(1132, 2015030005, 51, '03-2015', '50000.00', '0000-00-00 00:00:00', 'XXX', 'TUNDA', '', '2015-03-16 23:32:21', '2015-03-16 23:32:21'),
(1133, 2015030005, 52, '03-2015', '50000.00', '0000-00-00 00:00:00', 'XXX', 'TUNDA', '', '2015-03-16 23:32:21', '2015-03-16 23:32:21'),
(1134, 2015030005, 53, '03-2015', '50000.00', '0000-00-00 00:00:00', 'XXX', 'TUNDA', '', '2015-03-16 23:32:21', '2015-03-16 23:32:21'),
(1135, 2015030005, 54, '03-2015', '50000.00', '0000-00-00 00:00:00', 'XXX', 'TUNDA', '', '2015-03-16 23:32:21', '2015-03-16 23:32:21'),
(1136, 2015030005, 55, '03-2015', '50000.00', '0000-00-00 00:00:00', 'XXX', 'TUNDA', '', '2015-03-16 23:32:21', '2015-03-16 23:32:21'),
(1137, 2015030005, 56, '03-2015', '50000.00', '0000-00-00 00:00:00', 'XXX', 'TUNDA', '', '2015-03-16 23:32:21', '2015-03-16 23:32:21'),
(1138, 2015030005, 57, '03-2015', '50000.00', '0000-00-00 00:00:00', 'XXX', 'TUNDA', '', '2015-03-16 23:32:22', '2015-03-16 23:32:22'),
(1139, 2015030005, 58, '03-2015', '50000.00', '0000-00-00 00:00:00', 'XXX', 'TUNDA', '', '2015-03-16 23:32:22', '2015-03-16 23:32:22'),
(1140, 2015030005, 59, '03-2015', '50000.00', '0000-00-00 00:00:00', 'XXX', 'TUNDA', '', '2015-03-16 23:32:22', '2015-03-16 23:32:22'),
(1141, 2015030005, 60, '03-2015', '50000.00', '0000-00-00 00:00:00', 'XXX', 'TUNDA', '', '2015-03-16 23:32:22', '2015-03-16 23:32:22'),
(1142, 2015030005, 61, '03-2015', '50000.00', '0000-00-00 00:00:00', 'XXX', 'TUNDA', '', '2015-03-16 23:32:22', '2015-03-16 23:32:22'),
(1143, 2015030005, 62, '03-2015', '50000.00', '0000-00-00 00:00:00', 'XXX', 'TUNDA', '', '2015-03-16 23:32:22', '2015-03-16 23:32:22'),
(1144, 2015030005, 63, '03-2015', '50000.00', '0000-00-00 00:00:00', 'XXX', 'TUNDA', '', '2015-03-16 23:32:22', '2015-03-16 23:32:22'),
(1145, 2015030005, 64, '03-2015', '50000.00', '0000-00-00 00:00:00', 'XXX', 'TUNDA', '', '2015-03-16 23:32:22', '2015-03-16 23:32:22'),
(1146, 2015030005, 65, '03-2015', '50000.00', '0000-00-00 00:00:00', 'XXX', 'TUNDA', '', '2015-03-16 23:32:22', '2015-03-16 23:32:22'),
(1147, 2015030005, 66, '03-2015', '50000.00', '0000-00-00 00:00:00', 'XXX', 'TUNDA', '', '2015-03-16 23:32:22', '2015-03-16 23:32:22'),
(1148, 2015030005, 67, '03-2015', '50000.00', '0000-00-00 00:00:00', 'XXX', 'TUNDA', '', '2015-03-16 23:32:22', '2015-03-16 23:32:22'),
(1149, 2015030005, 68, '03-2015', '50000.00', '0000-00-00 00:00:00', 'XXX', 'TUNDA', '', '2015-03-16 23:32:22', '2015-03-16 23:32:22'),
(1150, 2015030005, 69, '03-2015', '50000.00', '0000-00-00 00:00:00', 'XXX', 'TUNDA', '', '2015-03-16 23:32:22', '2015-03-16 23:32:22'),
(1151, 2015030005, 70, '03-2015', '50000.00', '0000-00-00 00:00:00', 'XXX', 'TUNDA', '', '2015-03-16 23:32:22', '2015-03-16 23:32:22'),
(1152, 2015030005, 71, '03-2015', '50000.00', '0000-00-00 00:00:00', 'XXX', 'TUNDA', '', '2015-03-16 23:32:22', '2015-03-16 23:32:22'),
(1153, 2015030005, 72, '03-2015', '50000.00', '0000-00-00 00:00:00', 'XXX', 'TUNDA', '', '2015-03-16 23:32:22', '2015-03-16 23:32:22'),
(1154, 2015030005, 73, '03-2015', '50000.00', '0000-00-00 00:00:00', 'XXX', 'TUNDA', '', '2015-03-16 23:32:22', '2015-03-16 23:32:22'),
(1155, 2015030005, 74, '03-2015', '50000.00', '0000-00-00 00:00:00', 'XXX', 'TUNDA', '', '2015-03-16 23:32:22', '2015-03-16 23:32:22'),
(1156, 2015030005, 75, '03-2015', '50000.00', '0000-00-00 00:00:00', 'XXX', 'TUNDA', '', '2015-03-16 23:32:22', '2015-03-16 23:32:22'),
(1157, 2015030005, 76, '03-2015', '50000.00', '0000-00-00 00:00:00', 'XXX', 'TUNDA', '', '2015-03-16 23:32:22', '2015-03-16 23:32:22'),
(1158, 2015030005, 77, '03-2015', '50000.00', '0000-00-00 00:00:00', 'XXX', 'TUNDA', '', '2015-03-16 23:32:22', '2015-03-16 23:32:22'),
(1159, 2015030005, 78, '03-2015', '50000.00', '0000-00-00 00:00:00', 'XXX', 'TUNDA', '', '2015-03-16 23:32:22', '2015-03-16 23:32:22'),
(1160, 2015030005, 79, '03-2015', '50000.00', '0000-00-00 00:00:00', 'XXX', 'TUNDA', '', '2015-03-16 23:32:22', '2015-03-16 23:32:22'),
(1161, 2015030005, 80, '03-2015', '50000.00', '0000-00-00 00:00:00', 'XXX', 'TUNDA', '', '2015-03-16 23:32:22', '2015-03-16 23:32:22'),
(1162, 2015030005, 81, '03-2015', '50000.00', '0000-00-00 00:00:00', 'XXX', 'TUNDA', '', '2015-03-16 23:32:22', '2015-03-16 23:32:22'),
(1163, 2015030005, 82, '03-2015', '50000.00', '0000-00-00 00:00:00', 'XXX', 'TUNDA', '', '2015-03-16 23:32:22', '2015-03-16 23:32:22'),
(1164, 2015030005, 83, '03-2015', '50000.00', '0000-00-00 00:00:00', 'XXX', 'TUNDA', '', '2015-03-16 23:32:22', '2015-03-16 23:32:22'),
(1165, 2015030005, 84, '03-2015', '50000.00', '0000-00-00 00:00:00', 'XXX', 'TUNDA', '', '2015-03-16 23:32:23', '2015-03-16 23:32:23'),
(1166, 2015030005, 85, '03-2015', '50000.00', '0000-00-00 00:00:00', 'XXX', 'TUNDA', '', '2015-03-16 23:32:23', '2015-03-16 23:32:23'),
(1167, 2015030005, 86, '03-2015', '50000.00', '0000-00-00 00:00:00', 'XXX', 'TUNDA', '', '2015-03-16 23:32:23', '2015-03-16 23:32:23'),
(1168, 2015030005, 87, '03-2015', '50000.00', '0000-00-00 00:00:00', 'XXX', 'TUNDA', '', '2015-03-16 23:32:23', '2015-03-16 23:32:23'),
(1169, 2015030005, 88, '03-2015', '50000.00', '0000-00-00 00:00:00', 'XXX', 'TUNDA', '', '2015-03-16 23:32:23', '2015-03-16 23:32:23'),
(1170, 2015030005, 89, '03-2015', '50000.00', '0000-00-00 00:00:00', 'XXX', 'TUNDA', '', '2015-03-16 23:32:23', '2015-03-16 23:32:23'),
(1171, 2015030005, 90, '03-2015', '50000.00', '0000-00-00 00:00:00', 'XXX', 'TUNDA', '', '2015-03-16 23:32:23', '2015-03-16 23:32:23'),
(1172, 2015030005, 91, '03-2015', '50000.00', '0000-00-00 00:00:00', 'XXX', 'TUNDA', '', '2015-03-16 23:32:23', '2015-03-16 23:32:23'),
(1173, 2015030005, 92, '03-2015', '50000.00', '0000-00-00 00:00:00', 'XXX', 'TUNDA', '', '2015-03-16 23:32:23', '2015-03-16 23:32:23'),
(1174, 2015030005, 93, '03-2015', '50000.00', '0000-00-00 00:00:00', 'XXX', 'TUNDA', '', '2015-03-16 23:32:23', '2015-03-16 23:32:23'),
(1175, 2015030005, 94, '03-2015', '50000.00', '0000-00-00 00:00:00', 'XXX', 'TUNDA', '', '2015-03-16 23:32:23', '2015-03-16 23:32:23'),
(1176, 2015030005, 95, '03-2015', '50000.00', '0000-00-00 00:00:00', 'XXX', 'TUNDA', '', '2015-03-16 23:32:23', '2015-03-16 23:32:23'),
(1177, 2015030005, 96, '03-2015', '50000.00', '0000-00-00 00:00:00', 'XXX', 'TUNDA', '', '2015-03-16 23:32:23', '2015-03-16 23:32:23'),
(1178, 2015030005, 97, '03-2015', '50000.00', '0000-00-00 00:00:00', 'XXX', 'TUNDA', '', '2015-03-16 23:32:23', '2015-03-16 23:32:23'),
(1179, 2015030005, 98, '03-2015', '50000.00', '0000-00-00 00:00:00', 'XXX', 'TUNDA', '', '2015-03-16 23:32:23', '2015-03-16 23:32:23'),
(1180, 2015030005, 99, '03-2015', '50000.00', '0000-00-00 00:00:00', 'XXX', 'TUNDA', '', '2015-03-16 23:32:23', '2015-03-16 23:32:23'),
(1181, 2015030005, 100, '03-2015', '50000.00', '0000-00-00 00:00:00', 'XXX', 'TUNDA', '', '2015-03-16 23:32:23', '2015-03-16 23:32:23'),
(1182, 2015030005, 101, '03-2015', '50000.00', '0000-00-00 00:00:00', 'XXX', 'TUNDA', '', '2015-03-16 23:32:23', '2015-03-16 23:32:23'),
(1183, 2015030005, 102, '03-2015', '50000.00', '0000-00-00 00:00:00', 'XXX', 'TUNDA', '', '2015-03-16 23:32:23', '2015-03-16 23:32:23'),
(1184, 2015030005, 103, '03-2015', '50000.00', '0000-00-00 00:00:00', 'XXX', 'TUNDA', '', '2015-03-16 23:32:23', '2015-03-16 23:32:23'),
(1185, 2015030005, 104, '03-2015', '50000.00', '0000-00-00 00:00:00', 'XXX', 'TUNDA', '', '2015-03-16 23:32:23', '2015-03-16 23:32:23'),
(1186, 2015030005, 105, '03-2015', '50000.00', '0000-00-00 00:00:00', 'XXX', 'TUNDA', '', '2015-03-16 23:32:23', '2015-03-16 23:32:23'),
(1187, 2015030005, 106, '03-2015', '50000.00', '0000-00-00 00:00:00', 'XXX', 'TUNDA', '', '2015-03-16 23:32:23', '2015-03-16 23:32:23'),
(1188, 2015030005, 107, '03-2015', '50000.00', '0000-00-00 00:00:00', 'XXX', 'TUNDA', '', '2015-03-16 23:32:23', '2015-03-16 23:32:23'),
(1189, 2015030005, 108, '03-2015', '50000.00', '0000-00-00 00:00:00', 'XXX', 'TUNDA', '', '2015-03-16 23:32:23', '2015-03-16 23:32:23'),
(1190, 2015030005, 109, '03-2015', '50000.00', '0000-00-00 00:00:00', 'XXX', 'TUNDA', '', '2015-03-16 23:32:23', '2015-03-16 23:32:23'),
(1191, 2015030005, 110, '03-2015', '50000.00', '0000-00-00 00:00:00', 'XXX', 'TUNDA', '', '2015-03-16 23:32:23', '2015-03-16 23:32:23'),
(1192, 2015030005, 111, '03-2015', '50000.00', '0000-00-00 00:00:00', 'XXX', 'TUNDA', '', '2015-03-16 23:32:23', '2015-03-16 23:32:23'),
(1193, 2015030005, 112, '03-2015', '50000.00', '0000-00-00 00:00:00', 'XXX', 'TUNDA', '', '2015-03-16 23:32:23', '2015-03-16 23:32:23'),
(1194, 2015030005, 113, '03-2015', '50000.00', '0000-00-00 00:00:00', 'XXX', 'TUNDA', '', '2015-03-16 23:32:23', '2015-03-16 23:32:23'),
(1195, 2015030005, 114, '03-2015', '50000.00', '0000-00-00 00:00:00', 'XXX', 'TUNDA', '', '2015-03-16 23:32:24', '2015-03-16 23:32:24'),
(1196, 2015030005, 115, '03-2015', '50000.00', '0000-00-00 00:00:00', 'XXX', 'TUNDA', '', '2015-03-16 23:32:24', '2015-03-16 23:32:24'),
(1197, 2015030005, 116, '03-2015', '50000.00', '0000-00-00 00:00:00', 'XXX', 'TUNDA', '', '2015-03-16 23:32:24', '2015-03-16 23:32:24'),
(1198, 2015030005, 117, '03-2015', '50000.00', '0000-00-00 00:00:00', 'XXX', 'TUNDA', '', '2015-03-16 23:32:24', '2015-03-16 23:32:24'),
(1199, 2015030005, 118, '03-2015', '50000.00', '0000-00-00 00:00:00', 'XXX', 'TUNDA', '', '2015-03-16 23:32:24', '2015-03-16 23:32:24'),
(1200, 2015030005, 119, '03-2015', '50000.00', '0000-00-00 00:00:00', 'XXX', 'TUNDA', '', '2015-03-16 23:32:24', '2015-03-16 23:32:24'),
(1201, 2015030005, 120, '03-2015', '50000.00', '0000-00-00 00:00:00', 'XXX', 'TUNDA', '', '2015-03-16 23:32:24', '2015-03-16 23:32:24'),
(1202, 2015030005, 121, '03-2015', '50000.00', '0000-00-00 00:00:00', 'XXX', 'TUNDA', '', '2015-03-16 23:32:24', '2015-03-16 23:32:24'),
(1203, 2015030005, 122, '03-2015', '50000.00', '0000-00-00 00:00:00', 'XXX', 'TUNDA', '', '2015-03-16 23:32:24', '2015-03-16 23:32:24'),
(1204, 2015030005, 123, '03-2015', '50000.00', '0000-00-00 00:00:00', 'XXX', 'TUNDA', '', '2015-03-16 23:32:24', '2015-03-16 23:32:24'),
(1205, 2015030005, 124, '03-2015', '50000.00', '0000-00-00 00:00:00', 'XXX', 'TUNDA', '', '2015-03-16 23:32:24', '2015-03-16 23:32:24'),
(1206, 2015030005, 125, '03-2015', '50000.00', '0000-00-00 00:00:00', 'XXX', 'TUNDA', '', '2015-03-16 23:32:24', '2015-03-16 23:32:24'),
(1207, 2015030005, 126, '03-2015', '50000.00', '0000-00-00 00:00:00', 'XXX', 'TUNDA', '', '2015-03-16 23:32:24', '2015-03-16 23:32:24'),
(1208, 2015030005, 127, '03-2015', '50000.00', '0000-00-00 00:00:00', 'XXX', 'TUNDA', '', '2015-03-16 23:32:24', '2015-03-16 23:32:24'),
(1209, 2015030005, 128, '03-2015', '50000.00', '0000-00-00 00:00:00', 'XXX', 'TUNDA', '', '2015-03-16 23:32:24', '2015-03-16 23:32:24'),
(1210, 2015030005, 129, '03-2015', '50000.00', '0000-00-00 00:00:00', 'XXX', 'TUNDA', '', '2015-03-16 23:32:24', '2015-03-16 23:32:24'),
(1211, 2015030005, 130, '03-2015', '50000.00', '0000-00-00 00:00:00', 'XXX', 'TUNDA', '', '2015-03-16 23:32:24', '2015-03-16 23:32:24'),
(1212, 2015030005, 131, '03-2015', '50000.00', '0000-00-00 00:00:00', 'XXX', 'TUNDA', '', '2015-03-16 23:32:24', '2015-03-16 23:32:24'),
(1213, 2015030005, 132, '03-2015', '50000.00', '0000-00-00 00:00:00', 'XXX', 'TUNDA', '', '2015-03-16 23:32:24', '2015-03-16 23:32:24'),
(1214, 2015030005, 133, '03-2015', '50000.00', '0000-00-00 00:00:00', 'XXX', 'TUNDA', '', '2015-03-16 23:32:24', '2015-03-16 23:32:24'),
(1215, 2015030005, 134, '03-2015', '50000.00', '0000-00-00 00:00:00', 'XXX', 'TUNDA', '', '2015-03-16 23:32:24', '2015-03-16 23:32:24'),
(1216, 2015030005, 135, '03-2015', '50000.00', '0000-00-00 00:00:00', 'XXX', 'TUNDA', '', '2015-03-16 23:32:24', '2015-03-16 23:32:24'),
(1217, 2015030005, 136, '03-2015', '50000.00', '0000-00-00 00:00:00', 'XXX', 'TUNDA', '', '2015-03-16 23:32:24', '2015-03-16 23:32:24'),
(1218, 2015030005, 137, '03-2015', '50000.00', '0000-00-00 00:00:00', 'XXX', 'TUNDA', '', '2015-03-16 23:32:24', '2015-03-16 23:32:24'),
(1219, 2015030005, 138, '03-2015', '50000.00', '0000-00-00 00:00:00', 'XXX', 'TUNDA', '', '2015-03-16 23:32:24', '2015-03-16 23:32:24'),
(1220, 2015030005, 139, '03-2015', '50000.00', '0000-00-00 00:00:00', 'XXX', 'TUNDA', '', '2015-03-16 23:32:24', '2015-03-16 23:32:24'),
(1221, 2015030005, 140, '03-2015', '50000.00', '0000-00-00 00:00:00', 'XXX', 'TUNDA', '', '2015-03-16 23:32:24', '2015-03-16 23:32:24'),
(1222, 2015030005, 141, '03-2015', '50000.00', '0000-00-00 00:00:00', 'XXX', 'TUNDA', '', '2015-03-16 23:32:24', '2015-03-16 23:32:24'),
(1223, 2015030005, 142, '03-2015', '50000.00', '0000-00-00 00:00:00', 'XXX', 'TUNDA', '', '2015-03-16 23:32:24', '2015-03-16 23:32:24'),
(1224, 2015030005, 143, '03-2015', '50000.00', '0000-00-00 00:00:00', 'XXX', 'TUNDA', '', '2015-03-16 23:32:24', '2015-03-16 23:32:24'),
(1225, 2015030005, 144, '03-2015', '50000.00', '0000-00-00 00:00:00', 'XXX', 'TUNDA', '', '2015-03-16 23:32:24', '2015-03-16 23:32:24'),
(1226, 2015030005, 145, '03-2015', '50000.00', '0000-00-00 00:00:00', 'XXX', 'TUNDA', '', '2015-03-16 23:32:24', '2015-03-16 23:32:24'),
(1227, 2015030005, 146, '03-2015', '50000.00', '0000-00-00 00:00:00', 'XXX', 'TUNDA', '', '2015-03-16 23:32:24', '2015-03-16 23:32:24'),
(1228, 2015030005, 147, '03-2015', '50000.00', '0000-00-00 00:00:00', 'XXX', 'TUNDA', '', '2015-03-16 23:32:24', '2015-03-16 23:32:24'),
(1229, 2015030005, 148, '03-2015', '50000.00', '0000-00-00 00:00:00', 'XXX', 'TUNDA', '', '2015-03-16 23:32:25', '2015-03-16 23:32:25'),
(1230, 2015030005, 149, '03-2015', '50000.00', '0000-00-00 00:00:00', 'XXX', 'TUNDA', '', '2015-03-16 23:32:25', '2015-03-16 23:32:25'),
(1231, 2015030005, 150, '03-2015', '50000.00', '0000-00-00 00:00:00', 'XXX', 'TUNDA', '', '2015-03-16 23:32:25', '2015-03-16 23:32:25'),
(1232, 2015030005, 151, '03-2015', '50000.00', '0000-00-00 00:00:00', 'XXX', 'TUNDA', '', '2015-03-16 23:32:25', '2015-03-16 23:32:25'),
(1233, 2015030005, 152, '03-2015', '50000.00', '0000-00-00 00:00:00', 'XXX', 'TUNDA', '', '2015-03-16 23:32:25', '2015-03-16 23:32:25'),
(1234, 2015030005, 153, '03-2015', '50000.00', '0000-00-00 00:00:00', 'XXX', 'TUNDA', '', '2015-03-16 23:32:25', '2015-03-16 23:32:25'),
(1235, 2015030005, 154, '03-2015', '50000.00', '0000-00-00 00:00:00', 'XXX', 'TUNDA', '', '2015-03-16 23:32:25', '2015-03-16 23:32:25'),
(1236, 2015030005, 155, '03-2015', '50000.00', '0000-00-00 00:00:00', 'XXX', 'TUNDA', '', '2015-03-16 23:32:25', '2015-03-16 23:32:25'),
(1237, 2015030005, 156, '03-2015', '50000.00', '0000-00-00 00:00:00', 'XXX', 'TUNDA', '', '2015-03-16 23:32:25', '2015-03-16 23:32:25'),
(1238, 2015030005, 157, '03-2015', '50000.00', '0000-00-00 00:00:00', 'XXX', 'TUNDA', '', '2015-03-16 23:32:25', '2015-03-16 23:32:25'),
(1239, 2015030005, 158, '03-2015', '50000.00', '0000-00-00 00:00:00', 'XXX', 'TUNDA', '', '2015-03-16 23:32:25', '2015-03-16 23:32:25'),
(1240, 2015030005, 159, '03-2015', '50000.00', '0000-00-00 00:00:00', 'XXX', 'TUNDA', '', '2015-03-16 23:32:25', '2015-03-16 23:32:25'),
(1241, 2015030005, 160, '03-2015', '50000.00', '0000-00-00 00:00:00', 'XXX', 'TUNDA', '', '2015-03-16 23:32:25', '2015-03-16 23:32:25'),
(1242, 2015030005, 161, '03-2015', '50000.00', '0000-00-00 00:00:00', 'XXX', 'TUNDA', '', '2015-03-16 23:32:25', '2015-03-16 23:32:25'),
(1243, 2015030005, 162, '03-2015', '50000.00', '0000-00-00 00:00:00', 'XXX', 'TUNDA', '', '2015-03-16 23:32:25', '2015-03-16 23:32:25'),
(1244, 2015030005, 163, '03-2015', '50000.00', '0000-00-00 00:00:00', 'XXX', 'TUNDA', '', '2015-03-16 23:32:25', '2015-03-16 23:32:25'),
(1245, 2015030005, 164, '03-2015', '50000.00', '0000-00-00 00:00:00', 'XXX', 'TUNDA', '', '2015-03-16 23:32:25', '2015-03-16 23:32:25'),
(1246, 2015030005, 165, '03-2015', '50000.00', '0000-00-00 00:00:00', 'XXX', 'TUNDA', '', '2015-03-16 23:32:25', '2015-03-16 23:32:25'),
(1247, 2015030005, 166, '03-2015', '50000.00', '0000-00-00 00:00:00', 'XXX', 'TUNDA', '', '2015-03-16 23:32:25', '2015-03-16 23:32:25'),
(1248, 2015030005, 167, '03-2015', '50000.00', '0000-00-00 00:00:00', 'XXX', 'TUNDA', '', '2015-03-16 23:32:25', '2015-03-16 23:32:25'),
(1249, 2015030005, 168, '03-2015', '50000.00', '0000-00-00 00:00:00', 'XXX', 'TUNDA', '', '2015-03-16 23:32:25', '2015-03-16 23:32:25'),
(1250, 2015030005, 169, '03-2015', '50000.00', '0000-00-00 00:00:00', 'XXX', 'TUNDA', '', '2015-03-16 23:32:25', '2015-03-16 23:32:25'),
(1251, 2015030005, 170, '03-2015', '50000.00', '0000-00-00 00:00:00', 'XXX', 'TUNDA', '', '2015-03-16 23:32:25', '2015-03-16 23:32:25'),
(1252, 2015030005, 171, '03-2015', '50000.00', '0000-00-00 00:00:00', 'XXX', 'TUNDA', '', '2015-03-16 23:32:25', '2015-03-16 23:32:25'),
(1253, 2015030005, 172, '03-2015', '50000.00', '0000-00-00 00:00:00', 'XXX', 'TUNDA', '', '2015-03-16 23:32:25', '2015-03-16 23:32:25'),
(1254, 2015030005, 173, '03-2015', '50000.00', '0000-00-00 00:00:00', 'XXX', 'TUNDA', '', '2015-03-16 23:32:25', '2015-03-16 23:32:25'),
(1255, 2015030005, 174, '03-2015', '50000.00', '0000-00-00 00:00:00', 'XXX', 'TUNDA', '', '2015-03-16 23:32:25', '2015-03-16 23:32:25'),
(1256, 2015030005, 175, '03-2015', '50000.00', '0000-00-00 00:00:00', 'XXX', 'TUNDA', '', '2015-03-16 23:32:25', '2015-03-16 23:32:25'),
(1257, 2015030005, 176, '03-2015', '50000.00', '0000-00-00 00:00:00', 'XXX', 'TUNDA', '', '2015-03-16 23:32:25', '2015-03-16 23:32:25'),
(1258, 2015030005, 177, '03-2015', '50000.00', '0000-00-00 00:00:00', 'XXX', 'TUNDA', '', '2015-03-16 23:32:25', '2015-03-16 23:32:25'),
(1259, 2015030005, 178, '03-2015', '50000.00', '0000-00-00 00:00:00', 'XXX', 'TUNDA', '', '2015-03-16 23:32:25', '2015-03-16 23:32:25'),
(1260, 2015030005, 179, '03-2015', '50000.00', '0000-00-00 00:00:00', 'XXX', 'TUNDA', '', '2015-03-16 23:32:25', '2015-03-16 23:32:25'),
(1261, 2015030005, 180, '03-2015', '50000.00', '0000-00-00 00:00:00', 'XXX', 'TUNDA', '', '2015-03-16 23:32:25', '2015-03-16 23:32:25'),
(1262, 2015030005, 181, '03-2015', '50000.00', '0000-00-00 00:00:00', 'XXX', 'TUNDA', '', '2015-03-16 23:32:25', '2015-03-16 23:32:25'),
(1263, 2015030005, 182, '03-2015', '50000.00', '0000-00-00 00:00:00', 'XXX', 'TUNDA', '', '2015-03-16 23:32:25', '2015-03-16 23:32:25'),
(1264, 2015030005, 183, '03-2015', '50000.00', '0000-00-00 00:00:00', 'XXX', 'TUNDA', '', '2015-03-16 23:32:26', '2015-03-16 23:32:26'),
(1265, 2015030005, 184, '03-2015', '50000.00', '0000-00-00 00:00:00', 'XXX', 'TUNDA', '', '2015-03-16 23:32:26', '2015-03-16 23:32:26'),
(1266, 2015030005, 185, '03-2015', '50000.00', '0000-00-00 00:00:00', 'XXX', 'TUNDA', '', '2015-03-16 23:32:26', '2015-03-16 23:32:26'),
(1267, 2015030005, 186, '03-2015', '50000.00', '0000-00-00 00:00:00', 'XXX', 'TUNDA', '', '2015-03-16 23:32:26', '2015-03-16 23:32:26'),
(1268, 2015030005, 187, '03-2015', '50000.00', '0000-00-00 00:00:00', 'XXX', 'TUNDA', '', '2015-03-16 23:32:26', '2015-03-16 23:32:26'),
(1269, 2015030005, 188, '03-2015', '50000.00', '0000-00-00 00:00:00', 'XXX', 'TUNDA', '', '2015-03-16 23:32:26', '2015-03-16 23:32:26'),
(1270, 2015030005, 189, '03-2015', '50000.00', '0000-00-00 00:00:00', 'XXX', 'TUNDA', '', '2015-03-16 23:32:26', '2015-03-16 23:32:26'),
(1271, 2015030005, 190, '03-2015', '50000.00', '0000-00-00 00:00:00', 'XXX', 'TUNDA', '', '2015-03-16 23:32:26', '2015-03-16 23:32:26'),
(1272, 2015030005, 191, '03-2015', '50000.00', '0000-00-00 00:00:00', 'XXX', 'TUNDA', '', '2015-03-16 23:32:26', '2015-03-16 23:32:26'),
(1273, 2015030005, 192, '03-2015', '50000.00', '0000-00-00 00:00:00', 'XXX', 'TUNDA', '', '2015-03-16 23:32:26', '2015-03-16 23:32:26'),
(1274, 2015030005, 193, '03-2015', '50000.00', '0000-00-00 00:00:00', 'XXX', 'TUNDA', '', '2015-03-16 23:32:26', '2015-03-16 23:32:26'),
(1275, 2015030005, 194, '03-2015', '50000.00', '0000-00-00 00:00:00', 'XXX', 'TUNDA', '', '2015-03-16 23:32:26', '2015-03-16 23:32:26'),
(1276, 2015030005, 195, '03-2015', '50000.00', '0000-00-00 00:00:00', 'XXX', 'TUNDA', '', '2015-03-16 23:32:26', '2015-03-16 23:32:26'),
(1277, 2015030005, 196, '03-2015', '50000.00', '0000-00-00 00:00:00', 'XXX', 'TUNDA', '', '2015-03-16 23:32:26', '2015-03-16 23:32:26'),
(1278, 2015030005, 197, '03-2015', '50000.00', '0000-00-00 00:00:00', 'XXX', 'TUNDA', '', '2015-03-16 23:32:26', '2015-03-16 23:32:26'),
(1279, 2015030005, 198, '03-2015', '50000.00', '0000-00-00 00:00:00', 'XXX', 'TUNDA', '', '2015-03-16 23:32:26', '2015-03-16 23:32:26'),
(1280, 2015030005, 199, '03-2015', '50000.00', '0000-00-00 00:00:00', 'XXX', 'TUNDA', '', '2015-03-16 23:32:26', '2015-03-16 23:32:26'),
(1281, 2015030005, 200, '03-2015', '50000.00', '0000-00-00 00:00:00', 'XXX', 'TUNDA', '', '2015-03-16 23:32:26', '2015-03-16 23:32:26'),
(1282, 2015030005, 201, '03-2015', '50000.00', '0000-00-00 00:00:00', 'XXX', 'TUNDA', '', '2015-03-16 23:32:26', '2015-03-16 23:32:26'),
(1283, 2015030005, 202, '03-2015', '50000.00', '0000-00-00 00:00:00', 'XXX', 'TUNDA', '', '2015-03-16 23:32:26', '2015-03-16 23:32:26'),
(1284, 2015030005, 203, '03-2015', '50000.00', '0000-00-00 00:00:00', 'XXX', 'TUNDA', '', '2015-03-16 23:32:26', '2015-03-16 23:32:26'),
(1285, 2015030005, 204, '03-2015', '50000.00', '0000-00-00 00:00:00', 'XXX', 'TUNDA', '', '2015-03-16 23:32:26', '2015-03-16 23:32:26'),
(1286, 2015030005, 205, '03-2015', '50000.00', '0000-00-00 00:00:00', 'XXX', 'TUNDA', '', '2015-03-16 23:32:26', '2015-03-16 23:32:26'),
(1287, 2015030005, 206, '03-2015', '50000.00', '0000-00-00 00:00:00', 'XXX', 'TUNDA', '', '2015-03-16 23:32:26', '2015-03-16 23:32:26'),
(1288, 2015030005, 207, '03-2015', '50000.00', '0000-00-00 00:00:00', 'XXX', 'TUNDA', '', '2015-03-16 23:32:26', '2015-03-16 23:32:26'),
(1289, 2015030005, 208, '03-2015', '50000.00', '0000-00-00 00:00:00', 'XXX', 'TUNDA', '', '2015-03-16 23:32:26', '2015-03-16 23:32:26'),
(1290, 2015030005, 209, '03-2015', '50000.00', '0000-00-00 00:00:00', 'XXX', 'TUNDA', '', '2015-03-16 23:32:26', '2015-03-16 23:32:26'),
(1291, 2015030005, 210, '03-2015', '50000.00', '0000-00-00 00:00:00', 'XXX', 'TUNDA', '', '2015-03-16 23:32:26', '2015-03-16 23:32:26'),
(1292, 2015030005, 211, '03-2015', '50000.00', '0000-00-00 00:00:00', 'XXX', 'TUNDA', '', '2015-03-16 23:32:26', '2015-03-16 23:32:26'),
(1293, 2015030005, 212, '03-2015', '50000.00', '0000-00-00 00:00:00', 'XXX', 'TUNDA', '', '2015-03-16 23:32:26', '2015-03-16 23:32:26'),
(1294, 2015030005, 213, '03-2015', '50000.00', '0000-00-00 00:00:00', 'XXX', 'TUNDA', '', '2015-03-16 23:32:26', '2015-03-16 23:32:26'),
(1295, 2015030005, 214, '03-2015', '50000.00', '0000-00-00 00:00:00', 'XXX', 'TUNDA', '', '2015-03-16 23:32:26', '2015-03-16 23:32:26'),
(1296, 2015030005, 215, '03-2015', '50000.00', '0000-00-00 00:00:00', 'XXX', 'TUNDA', '', '2015-03-16 23:32:26', '2015-03-16 23:32:26'),
(1297, 2015030005, 216, '03-2015', '50000.00', '0000-00-00 00:00:00', 'XXX', 'TUNDA', '', '2015-03-16 23:32:26', '2015-03-16 23:32:26'),
(1298, 2015030005, 217, '03-2015', '50000.00', '0000-00-00 00:00:00', 'XXX', 'TUNDA', '', '2015-03-16 23:32:26', '2015-03-16 23:32:26'),
(1299, 2015030005, 218, '03-2015', '50000.00', '0000-00-00 00:00:00', 'XXX', 'TUNDA', '', '2015-03-16 23:32:26', '2015-03-16 23:32:26'),
(1300, 2015030005, 219, '03-2015', '50000.00', '0000-00-00 00:00:00', 'XXX', 'TUNDA', '', '2015-03-16 23:32:26', '2015-03-16 23:32:26'),
(1301, 2015030005, 220, '03-2015', '50000.00', '0000-00-00 00:00:00', 'XXX', 'TUNDA', '', '2015-03-16 23:32:26', '2015-03-16 23:32:26'),
(1302, 2015030005, 221, '03-2015', '50000.00', '0000-00-00 00:00:00', 'XXX', 'TUNDA', '', '2015-03-16 23:32:26', '2015-03-16 23:32:26'),
(1303, 2015030005, 222, '03-2015', '50000.00', '0000-00-00 00:00:00', 'XXX', 'TUNDA', '', '2015-03-16 23:32:27', '2015-03-16 23:32:27'),
(1304, 2015030005, 223, '03-2015', '50000.00', '0000-00-00 00:00:00', 'XXX', 'TUNDA', '', '2015-03-16 23:32:27', '2015-03-16 23:32:27'),
(1305, 2015030005, 224, '03-2015', '50000.00', '0000-00-00 00:00:00', 'XXX', 'TUNDA', '', '2015-03-16 23:32:27', '2015-03-16 23:32:27'),
(1306, 2015030005, 225, '03-2015', '50000.00', '0000-00-00 00:00:00', 'XXX', 'TUNDA', '', '2015-03-16 23:32:27', '2015-03-16 23:32:27'),
(1307, 2015030005, 226, '03-2015', '50000.00', '0000-00-00 00:00:00', 'XXX', 'TUNDA', '', '2015-03-16 23:32:27', '2015-03-16 23:32:27'),
(1308, 2015030005, 227, '03-2015', '50000.00', '0000-00-00 00:00:00', 'XXX', 'TUNDA', '', '2015-03-16 23:32:27', '2015-03-16 23:32:27'),
(1309, 2015030005, 228, '03-2015', '50000.00', '0000-00-00 00:00:00', 'XXX', 'TUNDA', '', '2015-03-16 23:32:27', '2015-03-16 23:32:27'),
(1310, 2015030005, 229, '03-2015', '50000.00', '0000-00-00 00:00:00', 'XXX', 'TUNDA', '', '2015-03-16 23:32:27', '2015-03-16 23:32:27'),
(1311, 2015030005, 230, '03-2015', '50000.00', '0000-00-00 00:00:00', 'XXX', 'TUNDA', '', '2015-03-16 23:32:27', '2015-03-16 23:32:27'),
(1312, 2015030005, 231, '03-2015', '50000.00', '0000-00-00 00:00:00', 'XXX', 'TUNDA', '', '2015-03-16 23:32:27', '2015-03-16 23:32:27'),
(1313, 2015030005, 232, '03-2015', '50000.00', '0000-00-00 00:00:00', 'XXX', 'TUNDA', '', '2015-03-16 23:32:27', '2015-03-16 23:32:27'),
(1314, 2015030005, 233, '03-2015', '50000.00', '0000-00-00 00:00:00', 'XXX', 'TUNDA', '', '2015-03-16 23:32:27', '2015-03-16 23:32:27'),
(1315, 2015030005, 234, '03-2015', '50000.00', '0000-00-00 00:00:00', 'XXX', 'TUNDA', '', '2015-03-16 23:32:27', '2015-03-16 23:32:27'),
(1316, 2015030005, 235, '03-2015', '50000.00', '0000-00-00 00:00:00', 'XXX', 'TUNDA', '', '2015-03-16 23:32:27', '2015-03-16 23:32:27'),
(1317, 2015030005, 236, '03-2015', '50000.00', '0000-00-00 00:00:00', 'XXX', 'TUNDA', '', '2015-03-16 23:32:27', '2015-03-16 23:32:27'),
(1318, 2015030005, 237, '03-2015', '50000.00', '0000-00-00 00:00:00', 'XXX', 'TUNDA', '', '2015-03-16 23:32:27', '2015-03-16 23:32:27'),
(1319, 2015030005, 238, '03-2015', '50000.00', '0000-00-00 00:00:00', 'XXX', 'TUNDA', '', '2015-03-16 23:32:27', '2015-03-16 23:32:27'),
(1320, 2015030005, 239, '03-2015', '50000.00', '0000-00-00 00:00:00', 'XXX', 'TUNDA', '', '2015-03-16 23:32:27', '2015-03-16 23:32:27'),
(1321, 2015030005, 240, '03-2015', '50000.00', '0000-00-00 00:00:00', 'XXX', 'TUNDA', '', '2015-03-16 23:32:27', '2015-03-16 23:32:27'),
(1322, 2015030005, 241, '03-2015', '50000.00', '0000-00-00 00:00:00', 'XXX', 'TUNDA', '', '2015-03-16 23:32:27', '2015-03-16 23:32:27'),
(1323, 2015030005, 242, '03-2015', '50000.00', '0000-00-00 00:00:00', 'XXX', 'TUNDA', '', '2015-03-16 23:32:27', '2015-03-16 23:32:27'),
(1324, 2015030005, 243, '03-2015', '50000.00', '0000-00-00 00:00:00', 'XXX', 'TUNDA', '', '2015-03-16 23:32:27', '2015-03-16 23:32:27'),
(1325, 2015030005, 244, '03-2015', '50000.00', '0000-00-00 00:00:00', 'XXX', 'TUNDA', '', '2015-03-16 23:32:27', '2015-03-16 23:32:27'),
(1326, 2015030005, 245, '03-2015', '50000.00', '0000-00-00 00:00:00', 'XXX', 'TUNDA', '', '2015-03-16 23:32:27', '2015-03-16 23:32:27'),
(1327, 2015030005, 246, '03-2015', '50000.00', '0000-00-00 00:00:00', 'XXX', 'TUNDA', '', '2015-03-16 23:32:27', '2015-03-16 23:32:27'),
(1328, 2015030005, 247, '03-2015', '50000.00', '0000-00-00 00:00:00', 'XXX', 'TUNDA', '', '2015-03-16 23:32:27', '2015-03-16 23:32:27'),
(1329, 2015030005, 248, '03-2015', '50000.00', '0000-00-00 00:00:00', 'XXX', 'TUNDA', '', '2015-03-16 23:32:27', '2015-03-16 23:32:27'),
(1330, 2015030005, 249, '03-2015', '50000.00', '0000-00-00 00:00:00', 'XXX', 'TUNDA', '', '2015-03-16 23:32:27', '2015-03-16 23:32:27'),
(1331, 2015030005, 250, '03-2015', '50000.00', '0000-00-00 00:00:00', 'XXX', 'TUNDA', '', '2015-03-16 23:32:27', '2015-03-16 23:32:27'),
(1332, 2015030005, 251, '03-2015', '50000.00', '0000-00-00 00:00:00', 'XXX', 'TUNDA', '', '2015-03-16 23:32:27', '2015-03-16 23:32:27'),
(1333, 2015030005, 252, '03-2015', '50000.00', '0000-00-00 00:00:00', 'XXX', 'TUNDA', '', '2015-03-16 23:32:27', '2015-03-16 23:32:27'),
(1334, 2015030005, 253, '03-2015', '50000.00', '0000-00-00 00:00:00', 'XXX', 'TUNDA', '', '2015-03-16 23:32:27', '2015-03-16 23:32:27'),
(1335, 2015030005, 254, '03-2015', '50000.00', '0000-00-00 00:00:00', 'XXX', 'TUNDA', '', '2015-03-16 23:32:27', '2015-03-16 23:32:27'),
(1336, 2015020001, 1, '00-2015', '50000.00', '0000-00-00 00:00:00', 'XXX', 'TUNDA', '', '2015-03-16 23:40:36', '2015-03-16 23:40:36'),
(1337, 2015020001, 2, '00-2015', '50000.00', '0000-00-00 00:00:00', 'XXX', 'TUNDA', '', '2015-03-16 23:40:36', '2015-03-16 23:40:36'),
(1338, 2015020001, 3, '00-2015', '50000.00', '0000-00-00 00:00:00', 'XXX', 'TUNDA', '', '2015-03-16 23:40:36', '2015-03-16 23:40:36'),
(1339, 2015020001, 4, '00-2015', '50000.00', '0000-00-00 00:00:00', 'XXX', 'TUNDA', '', '2015-03-16 23:40:36', '2015-03-16 23:40:36'),
(1340, 2015020001, 5, '00-2015', '50000.00', '0000-00-00 00:00:00', 'XXX', 'TUNDA', '', '2015-03-16 23:40:36', '2015-03-16 23:40:36'),
(1341, 2015020001, 6, '00-2015', '50000.00', '0000-00-00 00:00:00', 'XXX', 'TUNDA', '', '2015-03-16 23:40:37', '2015-03-16 23:40:37'),
(1342, 2015020001, 7, '00-2015', '50000.00', '0000-00-00 00:00:00', 'XXX', 'TUNDA', '', '2015-03-16 23:40:37', '2015-03-16 23:40:37'),
(1343, 2015020001, 8, '00-2015', '50000.00', '0000-00-00 00:00:00', 'XXX', 'TUNDA', '', '2015-03-16 23:40:37', '2015-03-16 23:40:37'),
(1344, 2015020001, 9, '00-2015', '50000.00', '0000-00-00 00:00:00', 'XXX', 'TUNDA', '', '2015-03-16 23:40:37', '2015-03-16 23:40:37'),
(1345, 2015020001, 10, '00-2015', '50000.00', '0000-00-00 00:00:00', 'XXX', 'TUNDA', '', '2015-03-16 23:40:37', '2015-03-16 23:40:37'),
(1346, 2015020001, 11, '00-2015', '50000.00', '0000-00-00 00:00:00', 'XXX', 'TUNDA', '', '2015-03-16 23:40:37', '2015-03-16 23:40:37'),
(1347, 2015020001, 12, '00-2015', '50000.00', '0000-00-00 00:00:00', 'XXX', 'TUNDA', '', '2015-03-16 23:40:37', '2015-03-16 23:40:37'),
(1348, 2015020001, 13, '00-2015', '50000.00', '0000-00-00 00:00:00', 'XXX', 'TUNDA', '', '2015-03-16 23:40:37', '2015-03-16 23:40:37'),
(1349, 2015020001, 14, '00-2015', '50000.00', '0000-00-00 00:00:00', 'XXX', 'TUNDA', '', '2015-03-16 23:40:37', '2015-03-16 23:40:37'),
(1350, 2015020001, 15, '00-2015', '50000.00', '0000-00-00 00:00:00', 'XXX', 'TUNDA', '', '2015-03-16 23:40:37', '2015-03-16 23:40:37'),
(1351, 2015020001, 16, '00-2015', '50000.00', '0000-00-00 00:00:00', 'XXX', 'TUNDA', '', '2015-03-16 23:40:37', '2015-03-16 23:40:37'),
(1352, 2015020001, 17, '00-2015', '50000.00', '0000-00-00 00:00:00', 'XXX', 'TUNDA', '', '2015-03-16 23:40:37', '2015-03-16 23:40:37'),
(1353, 2015020001, 18, '00-2015', '50000.00', '0000-00-00 00:00:00', 'XXX', 'TUNDA', '', '2015-03-16 23:40:37', '2015-03-16 23:40:37'),
(1354, 2015020001, 19, '00-2015', '50000.00', '0000-00-00 00:00:00', 'XXX', 'TUNDA', '', '2015-03-16 23:40:37', '2015-03-16 23:40:37'),
(1355, 2015020001, 20, '00-2015', '50000.00', '0000-00-00 00:00:00', 'XXX', 'TUNDA', '', '2015-03-16 23:40:37', '2015-03-16 23:40:37'),
(1356, 2015020001, 21, '00-2015', '50000.00', '0000-00-00 00:00:00', 'XXX', 'TUNDA', '', '2015-03-16 23:40:37', '2015-03-16 23:40:37'),
(1357, 2015020001, 22, '00-2015', '50000.00', '0000-00-00 00:00:00', 'XXX', 'TUNDA', '', '2015-03-16 23:40:37', '2015-03-16 23:40:37'),
(1358, 2015020001, 23, '00-2015', '50000.00', '0000-00-00 00:00:00', 'XXX', 'TUNDA', '', '2015-03-16 23:40:37', '2015-03-16 23:40:37'),
(1359, 2015020001, 24, '00-2015', '50000.00', '0000-00-00 00:00:00', 'XXX', 'TUNDA', '', '2015-03-16 23:40:37', '2015-03-16 23:40:37'),
(1360, 2015020001, 25, '00-2015', '50000.00', '0000-00-00 00:00:00', 'XXX', 'TUNDA', '', '2015-03-16 23:40:37', '2015-03-16 23:40:37'),
(1361, 2015020001, 26, '00-2015', '50000.00', '0000-00-00 00:00:00', 'XXX', 'TUNDA', '', '2015-03-16 23:40:37', '2015-03-16 23:40:37'),
(1362, 2015020001, 27, '00-2015', '50000.00', '0000-00-00 00:00:00', 'XXX', 'TUNDA', '', '2015-03-16 23:40:37', '2015-03-16 23:40:37'),
(1363, 2015020001, 28, '00-2015', '50000.00', '0000-00-00 00:00:00', 'XXX', 'TUNDA', '', '2015-03-16 23:40:37', '2015-03-16 23:40:37'),
(1364, 2015020001, 29, '00-2015', '50000.00', '0000-00-00 00:00:00', 'XXX', 'TUNDA', '', '2015-03-16 23:40:37', '2015-03-16 23:40:37'),
(1365, 2015020001, 30, '00-2015', '50000.00', '0000-00-00 00:00:00', 'XXX', 'TUNDA', '', '2015-03-16 23:40:37', '2015-03-16 23:40:37'),
(1366, 2015020001, 31, '00-2015', '50000.00', '0000-00-00 00:00:00', 'XXX', 'TUNDA', '', '2015-03-16 23:40:37', '2015-03-16 23:40:37'),
(1367, 2015020001, 32, '00-2015', '50000.00', '0000-00-00 00:00:00', 'XXX', 'TUNDA', '', '2015-03-16 23:40:37', '2015-03-16 23:40:37'),
(1368, 2015020001, 33, '00-2015', '50000.00', '0000-00-00 00:00:00', 'XXX', 'TUNDA', '', '2015-03-16 23:40:37', '2015-03-16 23:40:37'),
(1369, 2015020001, 34, '00-2015', '50000.00', '0000-00-00 00:00:00', 'XXX', 'TUNDA', '', '2015-03-16 23:40:37', '2015-03-16 23:40:37'),
(1370, 2015020001, 35, '00-2015', '50000.00', '0000-00-00 00:00:00', 'XXX', 'TUNDA', '', '2015-03-16 23:40:37', '2015-03-16 23:40:37'),
(1371, 2015020001, 36, '00-2015', '50000.00', '0000-00-00 00:00:00', 'XXX', 'TUNDA', '', '2015-03-16 23:40:37', '2015-03-16 23:40:37');
INSERT INTO `iurans` (`id`, `id_peserta`, `cicilan_ke`, `bln_thn`, `iuran`, `tanggal_bayar`, `id_bank`, `status`, `keterangan`, `created_at`, `updated_at`) VALUES
(1372, 2015020001, 37, '00-2015', '50000.00', '0000-00-00 00:00:00', 'XXX', 'TUNDA', '', '2015-03-16 23:40:37', '2015-03-16 23:40:37'),
(1373, 2015020001, 38, '00-2015', '50000.00', '0000-00-00 00:00:00', 'XXX', 'TUNDA', '', '2015-03-16 23:40:37', '2015-03-16 23:40:37'),
(1374, 2015020001, 39, '00-2015', '50000.00', '0000-00-00 00:00:00', 'XXX', 'TUNDA', '', '2015-03-16 23:40:37', '2015-03-16 23:40:37'),
(1375, 2015020001, 40, '00-2015', '50000.00', '0000-00-00 00:00:00', 'XXX', 'TUNDA', '', '2015-03-16 23:40:37', '2015-03-16 23:40:37'),
(1376, 2015020001, 41, '00-2015', '50000.00', '0000-00-00 00:00:00', 'XXX', 'TUNDA', '', '2015-03-16 23:40:37', '2015-03-16 23:40:37'),
(1377, 2015020001, 42, '00-2015', '50000.00', '0000-00-00 00:00:00', 'XXX', 'TUNDA', '', '2015-03-16 23:40:37', '2015-03-16 23:40:37'),
(1378, 2015020001, 43, '00-2015', '50000.00', '0000-00-00 00:00:00', 'XXX', 'TUNDA', '', '2015-03-16 23:40:37', '2015-03-16 23:40:37'),
(1379, 2015020001, 44, '00-2015', '50000.00', '0000-00-00 00:00:00', 'XXX', 'TUNDA', '', '2015-03-16 23:40:38', '2015-03-16 23:40:38'),
(1380, 2015020001, 45, '00-2015', '50000.00', '0000-00-00 00:00:00', 'XXX', 'TUNDA', '', '2015-03-16 23:40:38', '2015-03-16 23:40:38'),
(1381, 2015020001, 46, '00-2015', '50000.00', '0000-00-00 00:00:00', 'XXX', 'TUNDA', '', '2015-03-16 23:40:38', '2015-03-16 23:40:38'),
(1382, 2015020001, 47, '00-2015', '50000.00', '0000-00-00 00:00:00', 'XXX', 'TUNDA', '', '2015-03-16 23:40:38', '2015-03-16 23:40:38'),
(1383, 2015020001, 48, '00-2015', '50000.00', '0000-00-00 00:00:00', 'XXX', 'TUNDA', '', '2015-03-16 23:40:38', '2015-03-16 23:40:38'),
(1384, 2015020001, 49, '00-2015', '50000.00', '0000-00-00 00:00:00', 'XXX', 'TUNDA', '', '2015-03-16 23:40:38', '2015-03-16 23:40:38'),
(1385, 2015020001, 50, '00-2015', '50000.00', '0000-00-00 00:00:00', 'XXX', 'TUNDA', '', '2015-03-16 23:40:38', '2015-03-16 23:40:38'),
(1386, 2015020001, 51, '00-2015', '50000.00', '0000-00-00 00:00:00', 'XXX', 'TUNDA', '', '2015-03-16 23:40:38', '2015-03-16 23:40:38'),
(1387, 2015020001, 52, '00-2015', '50000.00', '0000-00-00 00:00:00', 'XXX', 'TUNDA', '', '2015-03-16 23:40:38', '2015-03-16 23:40:38'),
(1388, 2015020001, 53, '00-2015', '50000.00', '0000-00-00 00:00:00', 'XXX', 'TUNDA', '', '2015-03-16 23:40:38', '2015-03-16 23:40:38'),
(1389, 2015020001, 54, '00-2015', '50000.00', '0000-00-00 00:00:00', 'XXX', 'TUNDA', '', '2015-03-16 23:40:38', '2015-03-16 23:40:38'),
(1390, 2015020001, 55, '00-2015', '50000.00', '0000-00-00 00:00:00', 'XXX', 'TUNDA', '', '2015-03-16 23:40:38', '2015-03-16 23:40:38'),
(1391, 2015020001, 56, '00-2015', '50000.00', '0000-00-00 00:00:00', 'XXX', 'TUNDA', '', '2015-03-16 23:40:38', '2015-03-16 23:40:38'),
(1392, 2015020001, 57, '00-2015', '50000.00', '0000-00-00 00:00:00', 'XXX', 'TUNDA', '', '2015-03-16 23:40:38', '2015-03-16 23:40:38'),
(1393, 2015020001, 58, '00-2015', '50000.00', '0000-00-00 00:00:00', 'XXX', 'TUNDA', '', '2015-03-16 23:40:38', '2015-03-16 23:40:38'),
(1394, 2015020001, 59, '00-2015', '50000.00', '0000-00-00 00:00:00', 'XXX', 'TUNDA', '', '2015-03-16 23:40:38', '2015-03-16 23:40:38'),
(1395, 2015020001, 60, '00-2015', '50000.00', '0000-00-00 00:00:00', 'XXX', 'TUNDA', '', '2015-03-16 23:40:38', '2015-03-16 23:40:38'),
(1396, 2015020001, 61, '00-2015', '50000.00', '0000-00-00 00:00:00', 'XXX', 'TUNDA', '', '2015-03-16 23:40:38', '2015-03-16 23:40:38'),
(1397, 2015020001, 62, '00-2015', '50000.00', '0000-00-00 00:00:00', 'XXX', 'TUNDA', '', '2015-03-16 23:40:38', '2015-03-16 23:40:38'),
(1398, 2015020001, 63, '00-2015', '50000.00', '0000-00-00 00:00:00', 'XXX', 'TUNDA', '', '2015-03-16 23:40:38', '2015-03-16 23:40:38'),
(1399, 2015020001, 64, '00-2015', '50000.00', '0000-00-00 00:00:00', 'XXX', 'TUNDA', '', '2015-03-16 23:40:38', '2015-03-16 23:40:38'),
(1400, 2015020001, 65, '00-2015', '50000.00', '0000-00-00 00:00:00', 'XXX', 'TUNDA', '', '2015-03-16 23:40:38', '2015-03-16 23:40:38'),
(1401, 2015020001, 66, '00-2015', '50000.00', '0000-00-00 00:00:00', 'XXX', 'TUNDA', '', '2015-03-16 23:40:38', '2015-03-16 23:40:38'),
(1402, 2015020001, 67, '00-2015', '50000.00', '0000-00-00 00:00:00', 'XXX', 'TUNDA', '', '2015-03-16 23:40:38', '2015-03-16 23:40:38'),
(1403, 2015020001, 68, '00-2015', '50000.00', '0000-00-00 00:00:00', 'XXX', 'TUNDA', '', '2015-03-16 23:40:38', '2015-03-16 23:40:38'),
(1404, 2015020001, 69, '00-2015', '50000.00', '0000-00-00 00:00:00', 'XXX', 'TUNDA', '', '2015-03-16 23:40:38', '2015-03-16 23:40:38'),
(1405, 2015020001, 70, '00-2015', '50000.00', '0000-00-00 00:00:00', 'XXX', 'TUNDA', '', '2015-03-16 23:40:38', '2015-03-16 23:40:38'),
(1406, 2015020001, 71, '00-2015', '50000.00', '0000-00-00 00:00:00', 'XXX', 'TUNDA', '', '2015-03-16 23:40:38', '2015-03-16 23:40:38'),
(1407, 2015020001, 72, '00-2015', '50000.00', '0000-00-00 00:00:00', 'XXX', 'TUNDA', '', '2015-03-16 23:40:38', '2015-03-16 23:40:38'),
(1408, 2015020001, 73, '00-2015', '50000.00', '0000-00-00 00:00:00', 'XXX', 'TUNDA', '', '2015-03-16 23:40:38', '2015-03-16 23:40:38'),
(1409, 2015020001, 74, '00-2015', '50000.00', '0000-00-00 00:00:00', 'XXX', 'TUNDA', '', '2015-03-16 23:40:38', '2015-03-16 23:40:38'),
(1410, 2015020001, 75, '00-2015', '50000.00', '0000-00-00 00:00:00', 'XXX', 'TUNDA', '', '2015-03-16 23:40:38', '2015-03-16 23:40:38'),
(1411, 2015020001, 76, '00-2015', '50000.00', '0000-00-00 00:00:00', 'XXX', 'TUNDA', '', '2015-03-16 23:40:38', '2015-03-16 23:40:38'),
(1412, 2015020001, 77, '00-2015', '50000.00', '0000-00-00 00:00:00', 'XXX', 'TUNDA', '', '2015-03-16 23:40:38', '2015-03-16 23:40:38'),
(1413, 2015020001, 78, '00-2015', '50000.00', '0000-00-00 00:00:00', 'XXX', 'TUNDA', '', '2015-03-16 23:40:38', '2015-03-16 23:40:38'),
(1414, 2015020001, 79, '00-2015', '50000.00', '0000-00-00 00:00:00', 'XXX', 'TUNDA', '', '2015-03-16 23:40:39', '2015-03-16 23:40:39'),
(1415, 2015020001, 80, '00-2015', '50000.00', '0000-00-00 00:00:00', 'XXX', 'TUNDA', '', '2015-03-16 23:40:39', '2015-03-16 23:40:39'),
(1416, 2015020001, 81, '00-2015', '50000.00', '0000-00-00 00:00:00', 'XXX', 'TUNDA', '', '2015-03-16 23:40:39', '2015-03-16 23:40:39'),
(1417, 2015020001, 82, '00-2015', '50000.00', '0000-00-00 00:00:00', 'XXX', 'TUNDA', '', '2015-03-16 23:40:39', '2015-03-16 23:40:39'),
(1418, 2015020001, 83, '00-2015', '50000.00', '0000-00-00 00:00:00', 'XXX', 'TUNDA', '', '2015-03-16 23:40:39', '2015-03-16 23:40:39'),
(1419, 2015020001, 84, '00-2015', '50000.00', '0000-00-00 00:00:00', 'XXX', 'TUNDA', '', '2015-03-16 23:40:39', '2015-03-16 23:40:39'),
(1420, 2015020001, 85, '00-2015', '50000.00', '0000-00-00 00:00:00', 'XXX', 'TUNDA', '', '2015-03-16 23:40:39', '2015-03-16 23:40:39'),
(1421, 2015020001, 86, '00-2015', '50000.00', '0000-00-00 00:00:00', 'XXX', 'TUNDA', '', '2015-03-16 23:40:39', '2015-03-16 23:40:39'),
(1422, 2015020001, 87, '00-2015', '50000.00', '0000-00-00 00:00:00', 'XXX', 'TUNDA', '', '2015-03-16 23:40:39', '2015-03-16 23:40:39'),
(1423, 2015020001, 88, '00-2015', '50000.00', '0000-00-00 00:00:00', 'XXX', 'TUNDA', '', '2015-03-16 23:40:39', '2015-03-16 23:40:39'),
(1424, 2015020001, 89, '00-2015', '50000.00', '0000-00-00 00:00:00', 'XXX', 'TUNDA', '', '2015-03-16 23:40:39', '2015-03-16 23:40:39'),
(1425, 2015020001, 90, '00-2015', '50000.00', '0000-00-00 00:00:00', 'XXX', 'TUNDA', '', '2015-03-16 23:40:39', '2015-03-16 23:40:39'),
(1426, 2015020001, 91, '00-2015', '50000.00', '0000-00-00 00:00:00', 'XXX', 'TUNDA', '', '2015-03-16 23:40:39', '2015-03-16 23:40:39'),
(1427, 2015020001, 92, '00-2015', '50000.00', '0000-00-00 00:00:00', 'XXX', 'TUNDA', '', '2015-03-16 23:40:39', '2015-03-16 23:40:39'),
(1428, 2015020001, 93, '00-2015', '50000.00', '0000-00-00 00:00:00', 'XXX', 'TUNDA', '', '2015-03-16 23:40:39', '2015-03-16 23:40:39'),
(1429, 2015020001, 94, '00-2015', '50000.00', '0000-00-00 00:00:00', 'XXX', 'TUNDA', '', '2015-03-16 23:40:39', '2015-03-16 23:40:39'),
(1430, 2015020001, 95, '00-2015', '50000.00', '0000-00-00 00:00:00', 'XXX', 'TUNDA', '', '2015-03-16 23:40:39', '2015-03-16 23:40:39'),
(1431, 2015020001, 96, '00-2015', '50000.00', '0000-00-00 00:00:00', 'XXX', 'TUNDA', '', '2015-03-16 23:40:39', '2015-03-16 23:40:39'),
(1432, 2015020001, 97, '00-2015', '50000.00', '0000-00-00 00:00:00', 'XXX', 'TUNDA', '', '2015-03-16 23:40:39', '2015-03-16 23:40:39'),
(1433, 2015020001, 98, '00-2015', '50000.00', '0000-00-00 00:00:00', 'XXX', 'TUNDA', '', '2015-03-16 23:40:39', '2015-03-16 23:40:39'),
(1434, 2015020001, 99, '00-2015', '50000.00', '0000-00-00 00:00:00', 'XXX', 'TUNDA', '', '2015-03-16 23:40:39', '2015-03-16 23:40:39'),
(1435, 2015020001, 100, '00-2015', '50000.00', '0000-00-00 00:00:00', 'XXX', 'TUNDA', '', '2015-03-16 23:40:39', '2015-03-16 23:40:39'),
(1436, 2015020001, 101, '00-2015', '50000.00', '0000-00-00 00:00:00', 'XXX', 'TUNDA', '', '2015-03-16 23:40:39', '2015-03-16 23:40:39'),
(1437, 2015020001, 102, '00-2015', '50000.00', '0000-00-00 00:00:00', 'XXX', 'TUNDA', '', '2015-03-16 23:40:39', '2015-03-16 23:40:39'),
(1438, 2015020001, 103, '00-2015', '50000.00', '0000-00-00 00:00:00', 'XXX', 'TUNDA', '', '2015-03-16 23:40:39', '2015-03-16 23:40:39'),
(1439, 2015020001, 104, '00-2015', '50000.00', '0000-00-00 00:00:00', 'XXX', 'TUNDA', '', '2015-03-16 23:40:39', '2015-03-16 23:40:39'),
(1440, 2015020001, 105, '00-2015', '50000.00', '0000-00-00 00:00:00', 'XXX', 'TUNDA', '', '2015-03-16 23:40:40', '2015-03-16 23:40:40'),
(1441, 2015020001, 106, '00-2015', '50000.00', '0000-00-00 00:00:00', 'XXX', 'TUNDA', '', '2015-03-16 23:40:40', '2015-03-16 23:40:40'),
(1442, 2015020001, 107, '00-2015', '50000.00', '0000-00-00 00:00:00', 'XXX', 'TUNDA', '', '2015-03-16 23:40:40', '2015-03-16 23:40:40'),
(1443, 2015020001, 108, '00-2015', '50000.00', '0000-00-00 00:00:00', 'XXX', 'TUNDA', '', '2015-03-16 23:40:40', '2015-03-16 23:40:40'),
(1444, 2015020001, 109, '00-2015', '50000.00', '0000-00-00 00:00:00', 'XXX', 'TUNDA', '', '2015-03-16 23:40:40', '2015-03-16 23:40:40'),
(1445, 2015020001, 110, '00-2015', '50000.00', '0000-00-00 00:00:00', 'XXX', 'TUNDA', '', '2015-03-16 23:40:40', '2015-03-16 23:40:40'),
(1446, 2015020001, 111, '00-2015', '50000.00', '0000-00-00 00:00:00', 'XXX', 'TUNDA', '', '2015-03-16 23:40:40', '2015-03-16 23:40:40'),
(1447, 2015020001, 112, '00-2015', '50000.00', '0000-00-00 00:00:00', 'XXX', 'TUNDA', '', '2015-03-16 23:40:40', '2015-03-16 23:40:40'),
(1448, 2015020001, 113, '00-2015', '50000.00', '0000-00-00 00:00:00', 'XXX', 'TUNDA', '', '2015-03-16 23:40:40', '2015-03-16 23:40:40'),
(1449, 2015020001, 114, '00-2015', '50000.00', '0000-00-00 00:00:00', 'XXX', 'TUNDA', '', '2015-03-16 23:40:40', '2015-03-16 23:40:40'),
(1450, 2015020001, 115, '00-2015', '50000.00', '0000-00-00 00:00:00', 'XXX', 'TUNDA', '', '2015-03-16 23:40:40', '2015-03-16 23:40:40'),
(1451, 2015020001, 116, '00-2015', '50000.00', '0000-00-00 00:00:00', 'XXX', 'TUNDA', '', '2015-03-16 23:40:40', '2015-03-16 23:40:40'),
(1452, 2015020001, 117, '00-2015', '50000.00', '0000-00-00 00:00:00', 'XXX', 'TUNDA', '', '2015-03-16 23:40:40', '2015-03-16 23:40:40'),
(1453, 2015020001, 118, '00-2015', '50000.00', '0000-00-00 00:00:00', 'XXX', 'TUNDA', '', '2015-03-16 23:40:40', '2015-03-16 23:40:40'),
(1454, 2015020001, 119, '00-2015', '50000.00', '0000-00-00 00:00:00', 'XXX', 'TUNDA', '', '2015-03-16 23:40:40', '2015-03-16 23:40:40'),
(1455, 2015020001, 120, '00-2015', '50000.00', '0000-00-00 00:00:00', 'XXX', 'TUNDA', '', '2015-03-16 23:40:40', '2015-03-16 23:40:40'),
(1456, 2015020001, 121, '00-2015', '50000.00', '0000-00-00 00:00:00', 'XXX', 'TUNDA', '', '2015-03-16 23:40:40', '2015-03-16 23:40:40'),
(1457, 2015020001, 122, '00-2015', '50000.00', '0000-00-00 00:00:00', 'XXX', 'TUNDA', '', '2015-03-16 23:40:40', '2015-03-16 23:40:40'),
(1458, 2015020001, 123, '00-2015', '50000.00', '0000-00-00 00:00:00', 'XXX', 'TUNDA', '', '2015-03-16 23:40:40', '2015-03-16 23:40:40'),
(1459, 2015020001, 124, '00-2015', '50000.00', '0000-00-00 00:00:00', 'XXX', 'TUNDA', '', '2015-03-16 23:40:40', '2015-03-16 23:40:40'),
(1460, 2015020001, 125, '00-2015', '50000.00', '0000-00-00 00:00:00', 'XXX', 'TUNDA', '', '2015-03-16 23:40:40', '2015-03-16 23:40:40'),
(1461, 2015020001, 126, '00-2015', '50000.00', '0000-00-00 00:00:00', 'XXX', 'TUNDA', '', '2015-03-16 23:40:40', '2015-03-16 23:40:40'),
(1462, 2015020001, 127, '00-2015', '50000.00', '0000-00-00 00:00:00', 'XXX', 'TUNDA', '', '2015-03-16 23:40:40', '2015-03-16 23:40:40'),
(1463, 2015020001, 128, '00-2015', '50000.00', '0000-00-00 00:00:00', 'XXX', 'TUNDA', '', '2015-03-16 23:40:40', '2015-03-16 23:40:40'),
(1464, 2015020001, 129, '00-2015', '50000.00', '0000-00-00 00:00:00', 'XXX', 'TUNDA', '', '2015-03-16 23:40:40', '2015-03-16 23:40:40'),
(1465, 2015020001, 130, '00-2015', '50000.00', '0000-00-00 00:00:00', 'XXX', 'TUNDA', '', '2015-03-16 23:40:40', '2015-03-16 23:40:40'),
(1466, 2015020001, 131, '00-2015', '50000.00', '0000-00-00 00:00:00', 'XXX', 'TUNDA', '', '2015-03-16 23:40:40', '2015-03-16 23:40:40'),
(1467, 2015020001, 132, '00-2015', '50000.00', '0000-00-00 00:00:00', 'XXX', 'TUNDA', '', '2015-03-16 23:40:40', '2015-03-16 23:40:40'),
(1468, 2015020001, 133, '00-2015', '50000.00', '0000-00-00 00:00:00', 'XXX', 'TUNDA', '', '2015-03-16 23:40:40', '2015-03-16 23:40:40'),
(1469, 2015020001, 134, '00-2015', '50000.00', '0000-00-00 00:00:00', 'XXX', 'TUNDA', '', '2015-03-16 23:40:40', '2015-03-16 23:40:40'),
(1470, 2015020001, 135, '00-2015', '50000.00', '0000-00-00 00:00:00', 'XXX', 'TUNDA', '', '2015-03-16 23:40:40', '2015-03-16 23:40:40'),
(1471, 2015020001, 136, '00-2015', '50000.00', '0000-00-00 00:00:00', 'XXX', 'TUNDA', '', '2015-03-16 23:40:40', '2015-03-16 23:40:40'),
(1472, 2015020001, 137, '00-2015', '50000.00', '0000-00-00 00:00:00', 'XXX', 'TUNDA', '', '2015-03-16 23:40:40', '2015-03-16 23:40:40'),
(1473, 2015020001, 138, '00-2015', '50000.00', '0000-00-00 00:00:00', 'XXX', 'TUNDA', '', '2015-03-16 23:40:40', '2015-03-16 23:40:40'),
(1474, 2015020001, 139, '00-2015', '50000.00', '0000-00-00 00:00:00', 'XXX', 'TUNDA', '', '2015-03-16 23:40:40', '2015-03-16 23:40:40'),
(1475, 2015020001, 140, '00-2015', '50000.00', '0000-00-00 00:00:00', 'XXX', 'TUNDA', '', '2015-03-16 23:40:40', '2015-03-16 23:40:40'),
(1476, 2015020001, 141, '00-2015', '50000.00', '0000-00-00 00:00:00', 'XXX', 'TUNDA', '', '2015-03-16 23:40:40', '2015-03-16 23:40:40'),
(1477, 2015020001, 142, '00-2015', '50000.00', '0000-00-00 00:00:00', 'XXX', 'TUNDA', '', '2015-03-16 23:40:40', '2015-03-16 23:40:40'),
(1478, 2015020001, 143, '00-2015', '50000.00', '0000-00-00 00:00:00', 'XXX', 'TUNDA', '', '2015-03-16 23:40:40', '2015-03-16 23:40:40'),
(1479, 2015020001, 144, '00-2015', '50000.00', '0000-00-00 00:00:00', 'XXX', 'TUNDA', '', '2015-03-16 23:40:40', '2015-03-16 23:40:40'),
(1480, 2015020001, 145, '00-2015', '50000.00', '0000-00-00 00:00:00', 'XXX', 'TUNDA', '', '2015-03-16 23:40:41', '2015-03-16 23:40:41'),
(1481, 2015020001, 146, '00-2015', '50000.00', '0000-00-00 00:00:00', 'XXX', 'TUNDA', '', '2015-03-16 23:40:41', '2015-03-16 23:40:41'),
(1482, 2015020001, 147, '00-2015', '50000.00', '0000-00-00 00:00:00', 'XXX', 'TUNDA', '', '2015-03-16 23:40:41', '2015-03-16 23:40:41'),
(1483, 2015020001, 148, '00-2015', '50000.00', '0000-00-00 00:00:00', 'XXX', 'TUNDA', '', '2015-03-16 23:40:41', '2015-03-16 23:40:41'),
(1484, 2015020001, 149, '00-2015', '50000.00', '0000-00-00 00:00:00', 'XXX', 'TUNDA', '', '2015-03-16 23:40:41', '2015-03-16 23:40:41'),
(1485, 2015020001, 150, '00-2015', '50000.00', '0000-00-00 00:00:00', 'XXX', 'TUNDA', '', '2015-03-16 23:40:41', '2015-03-16 23:40:41'),
(1486, 2015020001, 151, '00-2015', '50000.00', '0000-00-00 00:00:00', 'XXX', 'TUNDA', '', '2015-03-16 23:40:41', '2015-03-16 23:40:41'),
(1487, 2015020001, 152, '00-2015', '50000.00', '0000-00-00 00:00:00', 'XXX', 'TUNDA', '', '2015-03-16 23:40:41', '2015-03-16 23:40:41'),
(1488, 2015020001, 153, '00-2015', '50000.00', '0000-00-00 00:00:00', 'XXX', 'TUNDA', '', '2015-03-16 23:40:41', '2015-03-16 23:40:41'),
(1489, 2015020001, 154, '00-2015', '50000.00', '0000-00-00 00:00:00', 'XXX', 'TUNDA', '', '2015-03-16 23:40:41', '2015-03-16 23:40:41'),
(1490, 2015020001, 155, '00-2015', '50000.00', '0000-00-00 00:00:00', 'XXX', 'TUNDA', '', '2015-03-16 23:40:41', '2015-03-16 23:40:41'),
(1491, 2015020001, 156, '00-2015', '50000.00', '0000-00-00 00:00:00', 'XXX', 'TUNDA', '', '2015-03-16 23:40:41', '2015-03-16 23:40:41'),
(1492, 2015020001, 157, '00-2015', '50000.00', '0000-00-00 00:00:00', 'XXX', 'TUNDA', '', '2015-03-16 23:40:41', '2015-03-16 23:40:41'),
(1493, 2015020001, 158, '00-2015', '50000.00', '0000-00-00 00:00:00', 'XXX', 'TUNDA', '', '2015-03-16 23:40:41', '2015-03-16 23:40:41'),
(1494, 2015020001, 159, '00-2015', '50000.00', '0000-00-00 00:00:00', 'XXX', 'TUNDA', '', '2015-03-16 23:40:41', '2015-03-16 23:40:41'),
(1495, 2015020001, 160, '00-2015', '50000.00', '0000-00-00 00:00:00', 'XXX', 'TUNDA', '', '2015-03-16 23:40:41', '2015-03-16 23:40:41'),
(1496, 2015020001, 161, '00-2015', '50000.00', '0000-00-00 00:00:00', 'XXX', 'TUNDA', '', '2015-03-16 23:40:41', '2015-03-16 23:40:41'),
(1497, 2015020001, 162, '00-2015', '50000.00', '0000-00-00 00:00:00', 'XXX', 'TUNDA', '', '2015-03-16 23:40:41', '2015-03-16 23:40:41'),
(1498, 2015020001, 163, '00-2015', '50000.00', '0000-00-00 00:00:00', 'XXX', 'TUNDA', '', '2015-03-16 23:40:41', '2015-03-16 23:40:41'),
(1499, 2015020001, 164, '00-2015', '50000.00', '0000-00-00 00:00:00', 'XXX', 'TUNDA', '', '2015-03-16 23:40:41', '2015-03-16 23:40:41'),
(1500, 2015020001, 165, '00-2015', '50000.00', '0000-00-00 00:00:00', 'XXX', 'TUNDA', '', '2015-03-16 23:40:41', '2015-03-16 23:40:41'),
(1501, 2015020001, 166, '00-2015', '50000.00', '0000-00-00 00:00:00', 'XXX', 'TUNDA', '', '2015-03-16 23:40:41', '2015-03-16 23:40:41'),
(1502, 2015020001, 167, '00-2015', '50000.00', '0000-00-00 00:00:00', 'XXX', 'TUNDA', '', '2015-03-16 23:40:41', '2015-03-16 23:40:41'),
(1503, 2015020001, 168, '00-2015', '50000.00', '0000-00-00 00:00:00', 'XXX', 'TUNDA', '', '2015-03-16 23:40:41', '2015-03-16 23:40:41'),
(1504, 2015020001, 169, '00-2015', '50000.00', '0000-00-00 00:00:00', 'XXX', 'TUNDA', '', '2015-03-16 23:40:41', '2015-03-16 23:40:41'),
(1505, 2015020001, 170, '00-2015', '50000.00', '0000-00-00 00:00:00', 'XXX', 'TUNDA', '', '2015-03-16 23:40:41', '2015-03-16 23:40:41'),
(1506, 2015020001, 171, '00-2015', '50000.00', '0000-00-00 00:00:00', 'XXX', 'TUNDA', '', '2015-03-16 23:40:41', '2015-03-16 23:40:41'),
(1507, 2015020001, 172, '00-2015', '50000.00', '0000-00-00 00:00:00', 'XXX', 'TUNDA', '', '2015-03-16 23:40:41', '2015-03-16 23:40:41'),
(1508, 2015020001, 173, '00-2015', '50000.00', '0000-00-00 00:00:00', 'XXX', 'TUNDA', '', '2015-03-16 23:40:41', '2015-03-16 23:40:41'),
(1509, 2015020001, 174, '00-2015', '50000.00', '0000-00-00 00:00:00', 'XXX', 'TUNDA', '', '2015-03-16 23:40:41', '2015-03-16 23:40:41'),
(1510, 2015020001, 175, '00-2015', '50000.00', '0000-00-00 00:00:00', 'XXX', 'TUNDA', '', '2015-03-16 23:40:41', '2015-03-16 23:40:41'),
(1511, 2015020001, 176, '00-2015', '50000.00', '0000-00-00 00:00:00', 'XXX', 'TUNDA', '', '2015-03-16 23:40:41', '2015-03-16 23:40:41'),
(1512, 2015020001, 177, '00-2015', '50000.00', '0000-00-00 00:00:00', 'XXX', 'TUNDA', '', '2015-03-16 23:40:41', '2015-03-16 23:40:41'),
(1513, 2015020001, 178, '00-2015', '50000.00', '0000-00-00 00:00:00', 'XXX', 'TUNDA', '', '2015-03-16 23:40:41', '2015-03-16 23:40:41'),
(1514, 2015020001, 179, '00-2015', '50000.00', '0000-00-00 00:00:00', 'XXX', 'TUNDA', '', '2015-03-16 23:40:41', '2015-03-16 23:40:41'),
(1515, 2015020001, 180, '00-2015', '50000.00', '0000-00-00 00:00:00', 'XXX', 'TUNDA', '', '2015-03-16 23:40:41', '2015-03-16 23:40:41'),
(1516, 2015020001, 181, '00-2015', '50000.00', '0000-00-00 00:00:00', 'XXX', 'TUNDA', '', '2015-03-16 23:40:41', '2015-03-16 23:40:41'),
(1517, 2015020001, 182, '00-2015', '50000.00', '0000-00-00 00:00:00', 'XXX', 'TUNDA', '', '2015-03-16 23:40:41', '2015-03-16 23:40:41'),
(1518, 2015020001, 183, '00-2015', '50000.00', '0000-00-00 00:00:00', 'XXX', 'TUNDA', '', '2015-03-16 23:40:41', '2015-03-16 23:40:41'),
(1519, 2015020001, 184, '00-2015', '50000.00', '0000-00-00 00:00:00', 'XXX', 'TUNDA', '', '2015-03-16 23:40:41', '2015-03-16 23:40:41'),
(1520, 2015020001, 185, '00-2015', '50000.00', '0000-00-00 00:00:00', 'XXX', 'TUNDA', '', '2015-03-16 23:40:41', '2015-03-16 23:40:41'),
(1521, 2015020001, 186, '00-2015', '50000.00', '0000-00-00 00:00:00', 'XXX', 'TUNDA', '', '2015-03-16 23:40:42', '2015-03-16 23:40:42'),
(1522, 2015020001, 187, '00-2015', '50000.00', '0000-00-00 00:00:00', 'XXX', 'TUNDA', '', '2015-03-16 23:40:42', '2015-03-16 23:40:42'),
(1523, 2015020001, 188, '00-2015', '50000.00', '0000-00-00 00:00:00', 'XXX', 'TUNDA', '', '2015-03-16 23:40:42', '2015-03-16 23:40:42'),
(1524, 2015020001, 189, '00-2015', '50000.00', '0000-00-00 00:00:00', 'XXX', 'TUNDA', '', '2015-03-16 23:40:42', '2015-03-16 23:40:42'),
(1525, 2015020001, 190, '00-2015', '50000.00', '0000-00-00 00:00:00', 'XXX', 'TUNDA', '', '2015-03-16 23:40:42', '2015-03-16 23:40:42'),
(1526, 2015020001, 191, '00-2015', '50000.00', '0000-00-00 00:00:00', 'XXX', 'TUNDA', '', '2015-03-16 23:40:42', '2015-03-16 23:40:42'),
(1527, 2015020001, 192, '00-2015', '50000.00', '0000-00-00 00:00:00', 'XXX', 'TUNDA', '', '2015-03-16 23:40:42', '2015-03-16 23:40:42'),
(1528, 2015020001, 193, '00-2015', '50000.00', '0000-00-00 00:00:00', 'XXX', 'TUNDA', '', '2015-03-16 23:40:42', '2015-03-16 23:40:42'),
(1529, 2015020001, 194, '00-2015', '50000.00', '0000-00-00 00:00:00', 'XXX', 'TUNDA', '', '2015-03-16 23:40:42', '2015-03-16 23:40:42'),
(1530, 2015020001, 195, '00-2015', '50000.00', '0000-00-00 00:00:00', 'XXX', 'TUNDA', '', '2015-03-16 23:40:42', '2015-03-16 23:40:42'),
(1531, 2015020001, 196, '00-2015', '50000.00', '0000-00-00 00:00:00', 'XXX', 'TUNDA', '', '2015-03-16 23:40:42', '2015-03-16 23:40:42'),
(1532, 2015020001, 197, '00-2015', '50000.00', '0000-00-00 00:00:00', 'XXX', 'TUNDA', '', '2015-03-16 23:40:42', '2015-03-16 23:40:42'),
(1533, 2015020001, 198, '00-2015', '50000.00', '0000-00-00 00:00:00', 'XXX', 'TUNDA', '', '2015-03-16 23:40:42', '2015-03-16 23:40:42'),
(1534, 2015020001, 199, '00-2015', '50000.00', '0000-00-00 00:00:00', 'XXX', 'TUNDA', '', '2015-03-16 23:40:42', '2015-03-16 23:40:42'),
(1535, 2015020001, 200, '00-2015', '50000.00', '0000-00-00 00:00:00', 'XXX', 'TUNDA', '', '2015-03-16 23:40:42', '2015-03-16 23:40:42'),
(1536, 2015020001, 201, '00-2015', '50000.00', '0000-00-00 00:00:00', 'XXX', 'TUNDA', '', '2015-03-16 23:40:42', '2015-03-16 23:40:42'),
(1537, 2015020001, 202, '00-2015', '50000.00', '0000-00-00 00:00:00', 'XXX', 'TUNDA', '', '2015-03-16 23:40:42', '2015-03-16 23:40:42'),
(1538, 2015020001, 203, '00-2015', '50000.00', '0000-00-00 00:00:00', 'XXX', 'TUNDA', '', '2015-03-16 23:40:42', '2015-03-16 23:40:42'),
(1539, 2015020001, 204, '00-2015', '50000.00', '0000-00-00 00:00:00', 'XXX', 'TUNDA', '', '2015-03-16 23:40:42', '2015-03-16 23:40:42'),
(1540, 2015020001, 205, '00-2015', '50000.00', '0000-00-00 00:00:00', 'XXX', 'TUNDA', '', '2015-03-16 23:40:42', '2015-03-16 23:40:42'),
(1541, 2015020001, 206, '00-2015', '50000.00', '0000-00-00 00:00:00', 'XXX', 'TUNDA', '', '2015-03-16 23:40:42', '2015-03-16 23:40:42'),
(1542, 2015020001, 207, '00-2015', '50000.00', '0000-00-00 00:00:00', 'XXX', 'TUNDA', '', '2015-03-16 23:40:42', '2015-03-16 23:40:42'),
(1543, 2015020001, 208, '00-2015', '50000.00', '0000-00-00 00:00:00', 'XXX', 'TUNDA', '', '2015-03-16 23:40:42', '2015-03-16 23:40:42'),
(1544, 2015020001, 209, '00-2015', '50000.00', '0000-00-00 00:00:00', 'XXX', 'TUNDA', '', '2015-03-16 23:40:42', '2015-03-16 23:40:42'),
(1545, 2015020001, 210, '00-2015', '50000.00', '0000-00-00 00:00:00', 'XXX', 'TUNDA', '', '2015-03-16 23:40:42', '2015-03-16 23:40:42'),
(1546, 2015020001, 211, '00-2015', '50000.00', '0000-00-00 00:00:00', 'XXX', 'TUNDA', '', '2015-03-16 23:40:42', '2015-03-16 23:40:42'),
(1547, 2015020001, 212, '00-2015', '50000.00', '0000-00-00 00:00:00', 'XXX', 'TUNDA', '', '2015-03-16 23:40:42', '2015-03-16 23:40:42'),
(1548, 2015020001, 213, '00-2015', '50000.00', '0000-00-00 00:00:00', 'XXX', 'TUNDA', '', '2015-03-16 23:40:42', '2015-03-16 23:40:42'),
(1549, 2015020001, 214, '00-2015', '50000.00', '0000-00-00 00:00:00', 'XXX', 'TUNDA', '', '2015-03-16 23:40:42', '2015-03-16 23:40:42'),
(1550, 2015020001, 215, '00-2015', '50000.00', '0000-00-00 00:00:00', 'XXX', 'TUNDA', '', '2015-03-16 23:40:42', '2015-03-16 23:40:42'),
(1551, 2015020001, 216, '00-2015', '50000.00', '0000-00-00 00:00:00', 'XXX', 'TUNDA', '', '2015-03-16 23:40:42', '2015-03-16 23:40:42'),
(1552, 2015020001, 217, '00-2015', '50000.00', '0000-00-00 00:00:00', 'XXX', 'TUNDA', '', '2015-03-16 23:40:42', '2015-03-16 23:40:42'),
(1553, 2015020001, 218, '00-2015', '50000.00', '0000-00-00 00:00:00', 'XXX', 'TUNDA', '', '2015-03-16 23:40:42', '2015-03-16 23:40:42'),
(1554, 2015020001, 219, '00-2015', '50000.00', '0000-00-00 00:00:00', 'XXX', 'TUNDA', '', '2015-03-16 23:40:42', '2015-03-16 23:40:42'),
(1555, 2015020001, 220, '00-2015', '50000.00', '0000-00-00 00:00:00', 'XXX', 'TUNDA', '', '2015-03-16 23:40:42', '2015-03-16 23:40:42'),
(1556, 2015020001, 221, '00-2015', '50000.00', '0000-00-00 00:00:00', 'XXX', 'TUNDA', '', '2015-03-16 23:40:42', '2015-03-16 23:40:42'),
(1557, 2015020001, 222, '00-2015', '50000.00', '0000-00-00 00:00:00', 'XXX', 'TUNDA', '', '2015-03-16 23:40:42', '2015-03-16 23:40:42'),
(1558, 2015020001, 223, '00-2015', '50000.00', '0000-00-00 00:00:00', 'XXX', 'TUNDA', '', '2015-03-16 23:40:43', '2015-03-16 23:40:43'),
(1559, 2015020001, 224, '00-2015', '50000.00', '0000-00-00 00:00:00', 'XXX', 'TUNDA', '', '2015-03-16 23:40:43', '2015-03-16 23:40:43'),
(1560, 2015020001, 225, '00-2015', '50000.00', '0000-00-00 00:00:00', 'XXX', 'TUNDA', '', '2015-03-16 23:40:43', '2015-03-16 23:40:43'),
(1561, 2015020001, 226, '00-2015', '50000.00', '0000-00-00 00:00:00', 'XXX', 'TUNDA', '', '2015-03-16 23:40:43', '2015-03-16 23:40:43'),
(1562, 2015020001, 227, '00-2015', '50000.00', '0000-00-00 00:00:00', 'XXX', 'TUNDA', '', '2015-03-16 23:40:43', '2015-03-16 23:40:43'),
(1563, 2015020001, 228, '00-2015', '50000.00', '0000-00-00 00:00:00', 'XXX', 'TUNDA', '', '2015-03-16 23:40:43', '2015-03-16 23:40:43'),
(1564, 2015020001, 229, '00-2015', '50000.00', '0000-00-00 00:00:00', 'XXX', 'TUNDA', '', '2015-03-16 23:40:43', '2015-03-16 23:40:43'),
(1565, 2015020001, 230, '00-2015', '50000.00', '0000-00-00 00:00:00', 'XXX', 'TUNDA', '', '2015-03-16 23:40:43', '2015-03-16 23:40:43'),
(1566, 2015020001, 231, '00-2015', '50000.00', '0000-00-00 00:00:00', 'XXX', 'TUNDA', '', '2015-03-16 23:40:43', '2015-03-16 23:40:43'),
(1567, 2015020001, 232, '00-2015', '50000.00', '0000-00-00 00:00:00', 'XXX', 'TUNDA', '', '2015-03-16 23:40:43', '2015-03-16 23:40:43'),
(1568, 2015020001, 233, '00-2015', '50000.00', '0000-00-00 00:00:00', 'XXX', 'TUNDA', '', '2015-03-16 23:40:43', '2015-03-16 23:40:43'),
(1569, 2015020001, 234, '00-2015', '50000.00', '0000-00-00 00:00:00', 'XXX', 'TUNDA', '', '2015-03-16 23:40:43', '2015-03-16 23:40:43'),
(1570, 2015020001, 235, '00-2015', '50000.00', '0000-00-00 00:00:00', 'XXX', 'TUNDA', '', '2015-03-16 23:40:43', '2015-03-16 23:40:43'),
(1571, 2015020001, 236, '00-2015', '50000.00', '0000-00-00 00:00:00', 'XXX', 'TUNDA', '', '2015-03-16 23:40:43', '2015-03-16 23:40:43'),
(1572, 2015020001, 237, '00-2015', '50000.00', '0000-00-00 00:00:00', 'XXX', 'TUNDA', '', '2015-03-16 23:40:43', '2015-03-16 23:40:43'),
(1573, 2015020001, 238, '00-2015', '50000.00', '0000-00-00 00:00:00', 'XXX', 'TUNDA', '', '2015-03-16 23:40:43', '2015-03-16 23:40:43'),
(1574, 2015020001, 239, '00-2015', '50000.00', '0000-00-00 00:00:00', 'XXX', 'TUNDA', '', '2015-03-16 23:40:43', '2015-03-16 23:40:43'),
(1575, 2015020001, 240, '00-2015', '50000.00', '0000-00-00 00:00:00', 'XXX', 'TUNDA', '', '2015-03-16 23:40:43', '2015-03-16 23:40:43'),
(1576, 2015020001, 241, '00-2015', '50000.00', '0000-00-00 00:00:00', 'XXX', 'TUNDA', '', '2015-03-16 23:40:43', '2015-03-16 23:40:43'),
(1577, 2015020001, 242, '00-2015', '50000.00', '0000-00-00 00:00:00', 'XXX', 'TUNDA', '', '2015-03-16 23:40:43', '2015-03-16 23:40:43'),
(1578, 2015020001, 243, '00-2015', '50000.00', '0000-00-00 00:00:00', 'XXX', 'TUNDA', '', '2015-03-16 23:40:43', '2015-03-16 23:40:43'),
(1579, 2015020001, 244, '00-2015', '50000.00', '0000-00-00 00:00:00', 'XXX', 'TUNDA', '', '2015-03-16 23:40:43', '2015-03-16 23:40:43'),
(1580, 2015020001, 245, '00-2015', '50000.00', '0000-00-00 00:00:00', 'XXX', 'TUNDA', '', '2015-03-16 23:40:43', '2015-03-16 23:40:43'),
(1581, 2015020001, 246, '00-2015', '50000.00', '0000-00-00 00:00:00', 'XXX', 'TUNDA', '', '2015-03-16 23:40:43', '2015-03-16 23:40:43'),
(1582, 2015020001, 247, '00-2015', '50000.00', '0000-00-00 00:00:00', 'XXX', 'TUNDA', '', '2015-03-16 23:40:43', '2015-03-16 23:40:43'),
(1583, 2015020001, 248, '00-2015', '50000.00', '0000-00-00 00:00:00', 'XXX', 'TUNDA', '', '2015-03-16 23:40:43', '2015-03-16 23:40:43'),
(1584, 2015020001, 249, '00-2015', '50000.00', '0000-00-00 00:00:00', 'XXX', 'TUNDA', '', '2015-03-16 23:40:43', '2015-03-16 23:40:43'),
(1585, 2015020001, 250, '00-2015', '50000.00', '0000-00-00 00:00:00', 'XXX', 'TUNDA', '', '2015-03-16 23:40:43', '2015-03-16 23:40:43'),
(1586, 2015020001, 251, '00-2015', '50000.00', '0000-00-00 00:00:00', 'XXX', 'TUNDA', '', '2015-03-16 23:40:43', '2015-03-16 23:40:43'),
(1587, 2015020001, 252, '00-2015', '50000.00', '0000-00-00 00:00:00', 'XXX', 'TUNDA', '', '2015-03-16 23:40:43', '2015-03-16 23:40:43'),
(1588, 2015020001, 253, '00-2015', '50000.00', '0000-00-00 00:00:00', 'XXX', 'TUNDA', '', '2015-03-16 23:40:43', '2015-03-16 23:40:43'),
(1589, 2015020001, 254, '00-2015', '50000.00', '0000-00-00 00:00:00', 'XXX', 'TUNDA', '', '2015-03-16 23:40:43', '2015-03-16 23:40:43'),
(1590, 2015020001, 255, '00-2015', '50000.00', '0000-00-00 00:00:00', 'XXX', 'TUNDA', '', '2015-03-16 23:40:43', '2015-03-16 23:40:43'),
(1591, 2015020001, 256, '00-2015', '50000.00', '0000-00-00 00:00:00', 'XXX', 'TUNDA', '', '2015-03-16 23:40:43', '2015-03-16 23:40:43'),
(1592, 2015020001, 257, '00-2015', '50000.00', '0000-00-00 00:00:00', 'XXX', 'TUNDA', '', '2015-03-16 23:40:43', '2015-03-16 23:40:43'),
(1593, 2015020001, 258, '00-2015', '50000.00', '0000-00-00 00:00:00', 'XXX', 'TUNDA', '', '2015-03-16 23:40:43', '2015-03-16 23:40:43'),
(1594, 2015020001, 259, '00-2015', '50000.00', '0000-00-00 00:00:00', 'XXX', 'TUNDA', '', '2015-03-16 23:40:43', '2015-03-16 23:40:43'),
(1595, 2015020001, 260, '00-2015', '50000.00', '0000-00-00 00:00:00', 'XXX', 'TUNDA', '', '2015-03-16 23:40:43', '2015-03-16 23:40:43'),
(1596, 2015020001, 261, '00-2015', '50000.00', '0000-00-00 00:00:00', 'XXX', 'TUNDA', '', '2015-03-16 23:40:43', '2015-03-16 23:40:43'),
(1597, 2015020001, 262, '00-2015', '50000.00', '0000-00-00 00:00:00', 'XXX', 'TUNDA', '', '2015-03-16 23:40:43', '2015-03-16 23:40:43'),
(1598, 2015020001, 263, '00-2015', '50000.00', '0000-00-00 00:00:00', 'XXX', 'TUNDA', '', '2015-03-16 23:40:43', '2015-03-16 23:40:43'),
(1599, 2015020001, 264, '00-2015', '50000.00', '0000-00-00 00:00:00', 'XXX', 'TUNDA', '', '2015-03-16 23:40:43', '2015-03-16 23:40:43'),
(1600, 2015020001, 265, '00-2015', '50000.00', '0000-00-00 00:00:00', 'XXX', 'TUNDA', '', '2015-03-16 23:40:44', '2015-03-16 23:40:44'),
(1601, 2015020001, 266, '00-2015', '50000.00', '0000-00-00 00:00:00', 'XXX', 'TUNDA', '', '2015-03-16 23:40:44', '2015-03-16 23:40:44'),
(1602, 2015020001, 267, '00-2015', '50000.00', '0000-00-00 00:00:00', 'XXX', 'TUNDA', '', '2015-03-16 23:40:44', '2015-03-16 23:40:44'),
(1603, 2015020001, 268, '00-2015', '50000.00', '0000-00-00 00:00:00', 'XXX', 'TUNDA', '', '2015-03-16 23:40:44', '2015-03-16 23:40:44'),
(1604, 2015020001, 269, '00-2015', '50000.00', '0000-00-00 00:00:00', 'XXX', 'TUNDA', '', '2015-03-16 23:40:44', '2015-03-16 23:40:44'),
(1605, 2015020001, 270, '00-2015', '50000.00', '0000-00-00 00:00:00', 'XXX', 'TUNDA', '', '2015-03-16 23:40:44', '2015-03-16 23:40:44'),
(1606, 2015020001, 271, '00-2015', '50000.00', '0000-00-00 00:00:00', 'XXX', 'TUNDA', '', '2015-03-16 23:40:44', '2015-03-16 23:40:44'),
(1607, 2015020001, 272, '00-2015', '50000.00', '0000-00-00 00:00:00', 'XXX', 'TUNDA', '', '2015-03-16 23:40:44', '2015-03-16 23:40:44'),
(1608, 2015020001, 273, '00-2015', '50000.00', '0000-00-00 00:00:00', 'XXX', 'TUNDA', '', '2015-03-16 23:40:44', '2015-03-16 23:40:44'),
(1609, 2015020001, 274, '00-2015', '50000.00', '0000-00-00 00:00:00', 'XXX', 'TUNDA', '', '2015-03-16 23:40:44', '2015-03-16 23:40:44'),
(1610, 2015020001, 275, '00-2015', '50000.00', '0000-00-00 00:00:00', 'XXX', 'TUNDA', '', '2015-03-16 23:40:44', '2015-03-16 23:40:44'),
(1611, 2015020001, 276, '00-2015', '50000.00', '0000-00-00 00:00:00', 'XXX', 'TUNDA', '', '2015-03-16 23:40:44', '2015-03-16 23:40:44'),
(1612, 2015020001, 277, '00-2015', '50000.00', '0000-00-00 00:00:00', 'XXX', 'TUNDA', '', '2015-03-16 23:40:44', '2015-03-16 23:40:44'),
(1613, 2015020001, 278, '00-2015', '50000.00', '0000-00-00 00:00:00', 'XXX', 'TUNDA', '', '2015-03-16 23:40:44', '2015-03-16 23:40:44'),
(1614, 2015020001, 279, '00-2015', '50000.00', '0000-00-00 00:00:00', 'XXX', 'TUNDA', '', '2015-03-16 23:40:44', '2015-03-16 23:40:44'),
(1615, 2015020001, 280, '00-2015', '50000.00', '0000-00-00 00:00:00', 'XXX', 'TUNDA', '', '2015-03-16 23:40:44', '2015-03-16 23:40:44'),
(1616, 2015020001, 281, '00-2015', '50000.00', '0000-00-00 00:00:00', 'XXX', 'TUNDA', '', '2015-03-16 23:40:44', '2015-03-16 23:40:44'),
(1617, 2015020001, 282, '00-2015', '50000.00', '0000-00-00 00:00:00', 'XXX', 'TUNDA', '', '2015-03-16 23:40:44', '2015-03-16 23:40:44'),
(1618, 2015020001, 283, '00-2015', '50000.00', '0000-00-00 00:00:00', 'XXX', 'TUNDA', '', '2015-03-16 23:40:44', '2015-03-16 23:40:44'),
(1619, 2015020001, 284, '00-2015', '50000.00', '0000-00-00 00:00:00', 'XXX', 'TUNDA', '', '2015-03-16 23:40:44', '2015-03-16 23:40:44'),
(1620, 2015020001, 285, '00-2015', '50000.00', '0000-00-00 00:00:00', 'XXX', 'TUNDA', '', '2015-03-16 23:40:44', '2015-03-16 23:40:44'),
(1621, 2015020001, 286, '00-2015', '50000.00', '0000-00-00 00:00:00', 'XXX', 'TUNDA', '', '2015-03-16 23:40:44', '2015-03-16 23:40:44'),
(1622, 2015020001, 287, '00-2015', '50000.00', '0000-00-00 00:00:00', 'XXX', 'TUNDA', '', '2015-03-16 23:40:44', '2015-03-16 23:40:44'),
(1623, 2015020001, 288, '00-2015', '50000.00', '0000-00-00 00:00:00', 'XXX', 'TUNDA', '', '2015-03-16 23:40:44', '2015-03-16 23:40:44'),
(1624, 2015020001, 289, '00-2015', '50000.00', '0000-00-00 00:00:00', 'XXX', 'TUNDA', '', '2015-03-16 23:40:44', '2015-03-16 23:40:44'),
(1625, 2015020001, 290, '00-2015', '50000.00', '0000-00-00 00:00:00', 'XXX', 'TUNDA', '', '2015-03-16 23:40:44', '2015-03-16 23:40:44'),
(1626, 2015020001, 291, '00-2015', '50000.00', '0000-00-00 00:00:00', 'XXX', 'TUNDA', '', '2015-03-16 23:40:44', '2015-03-16 23:40:44'),
(1627, 2015020001, 292, '00-2015', '50000.00', '0000-00-00 00:00:00', 'XXX', 'TUNDA', '', '2015-03-16 23:40:44', '2015-03-16 23:40:44'),
(1628, 2015020001, 293, '00-2015', '50000.00', '0000-00-00 00:00:00', 'XXX', 'TUNDA', '', '2015-03-16 23:40:44', '2015-03-16 23:40:44'),
(1629, 2015020001, 294, '00-2015', '50000.00', '0000-00-00 00:00:00', 'XXX', 'TUNDA', '', '2015-03-16 23:40:44', '2015-03-16 23:40:44'),
(1630, 2015020001, 295, '00-2015', '50000.00', '0000-00-00 00:00:00', 'XXX', 'TUNDA', '', '2015-03-16 23:40:44', '2015-03-16 23:40:44'),
(1631, 2015020001, 296, '00-2015', '50000.00', '0000-00-00 00:00:00', 'XXX', 'TUNDA', '', '2015-03-16 23:40:44', '2015-03-16 23:40:44'),
(1632, 2015020001, 297, '00-2015', '50000.00', '0000-00-00 00:00:00', 'XXX', 'TUNDA', '', '2015-03-16 23:40:44', '2015-03-16 23:40:44'),
(1633, 2015020001, 298, '00-2015', '50000.00', '0000-00-00 00:00:00', 'XXX', 'TUNDA', '', '2015-03-16 23:40:44', '2015-03-16 23:40:44'),
(1634, 2015020001, 299, '00-2015', '50000.00', '0000-00-00 00:00:00', 'XXX', 'TUNDA', '', '2015-03-16 23:40:44', '2015-03-16 23:40:44'),
(1635, 2015020001, 300, '00-2015', '50000.00', '0000-00-00 00:00:00', 'XXX', 'TUNDA', '', '2015-03-16 23:40:44', '2015-03-16 23:40:44'),
(1636, 2015020001, 301, '00-2015', '50000.00', '0000-00-00 00:00:00', 'XXX', 'TUNDA', '', '2015-03-16 23:40:44', '2015-03-16 23:40:44'),
(1637, 2015020001, 302, '00-2015', '50000.00', '0000-00-00 00:00:00', 'XXX', 'TUNDA', '', '2015-03-16 23:40:44', '2015-03-16 23:40:44'),
(1638, 2015020001, 303, '00-2015', '50000.00', '0000-00-00 00:00:00', 'XXX', 'TUNDA', '', '2015-03-16 23:40:44', '2015-03-16 23:40:44'),
(1639, 2015020001, 304, '00-2015', '50000.00', '0000-00-00 00:00:00', 'XXX', 'TUNDA', '', '2015-03-16 23:40:44', '2015-03-16 23:40:44'),
(1640, 2015020001, 305, '00-2015', '50000.00', '0000-00-00 00:00:00', 'XXX', 'TUNDA', '', '2015-03-16 23:40:45', '2015-03-16 23:40:45'),
(1641, 2015020001, 306, '00-2015', '50000.00', '0000-00-00 00:00:00', 'XXX', 'TUNDA', '', '2015-03-16 23:40:45', '2015-03-16 23:40:45'),
(1642, 2015020001, 307, '00-2015', '50000.00', '0000-00-00 00:00:00', 'XXX', 'TUNDA', '', '2015-03-16 23:40:45', '2015-03-16 23:40:45'),
(1643, 2015020001, 308, '00-2015', '50000.00', '0000-00-00 00:00:00', 'XXX', 'TUNDA', '', '2015-03-16 23:40:45', '2015-03-16 23:40:45'),
(1644, 2015020001, 309, '00-2015', '50000.00', '0000-00-00 00:00:00', 'XXX', 'TUNDA', '', '2015-03-16 23:40:45', '2015-03-16 23:40:45'),
(1645, 2015020001, 310, '00-2015', '50000.00', '0000-00-00 00:00:00', 'XXX', 'TUNDA', '', '2015-03-16 23:40:45', '2015-03-16 23:40:45'),
(1646, 2015020001, 311, '00-2015', '50000.00', '0000-00-00 00:00:00', 'XXX', 'TUNDA', '', '2015-03-16 23:40:45', '2015-03-16 23:40:45'),
(1647, 2015020001, 312, '00-2015', '50000.00', '0000-00-00 00:00:00', 'XXX', 'TUNDA', '', '2015-03-16 23:40:45', '2015-03-16 23:40:45'),
(1648, 2015020001, 313, '00-2015', '50000.00', '0000-00-00 00:00:00', 'XXX', 'TUNDA', '', '2015-03-16 23:40:45', '2015-03-16 23:40:45'),
(1649, 2015020001, 314, '00-2015', '50000.00', '0000-00-00 00:00:00', 'XXX', 'TUNDA', '', '2015-03-16 23:40:45', '2015-03-16 23:40:45'),
(1650, 2015020001, 315, '00-2015', '50000.00', '0000-00-00 00:00:00', 'XXX', 'TUNDA', '', '2015-03-16 23:40:45', '2015-03-16 23:40:45'),
(1651, 2015020001, 316, '00-2015', '50000.00', '0000-00-00 00:00:00', 'XXX', 'TUNDA', '', '2015-03-16 23:40:45', '2015-03-16 23:40:45'),
(1652, 2015020001, 317, '00-2015', '50000.00', '0000-00-00 00:00:00', 'XXX', 'TUNDA', '', '2015-03-16 23:40:45', '2015-03-16 23:40:45'),
(1653, 2015020001, 318, '00-2015', '50000.00', '0000-00-00 00:00:00', 'XXX', 'TUNDA', '', '2015-03-16 23:40:45', '2015-03-16 23:40:45'),
(1654, 2015020001, 319, '00-2015', '50000.00', '0000-00-00 00:00:00', 'XXX', 'TUNDA', '', '2015-03-16 23:40:45', '2015-03-16 23:40:45'),
(1655, 2015020001, 320, '00-2015', '50000.00', '0000-00-00 00:00:00', 'XXX', 'TUNDA', '', '2015-03-16 23:40:45', '2015-03-16 23:40:45'),
(1656, 2015020001, 321, '00-2015', '50000.00', '0000-00-00 00:00:00', 'XXX', 'TUNDA', '', '2015-03-16 23:40:45', '2015-03-16 23:40:45'),
(1657, 2015020001, 322, '00-2015', '50000.00', '0000-00-00 00:00:00', 'XXX', 'TUNDA', '', '2015-03-16 23:40:45', '2015-03-16 23:40:45'),
(1658, 2015020001, 323, '00-2015', '50000.00', '0000-00-00 00:00:00', 'XXX', 'TUNDA', '', '2015-03-16 23:40:45', '2015-03-16 23:40:45'),
(1659, 2015020001, 324, '00-2015', '50000.00', '0000-00-00 00:00:00', 'XXX', 'TUNDA', '', '2015-03-16 23:40:45', '2015-03-16 23:40:45'),
(1660, 2015020001, 325, '00-2015', '50000.00', '0000-00-00 00:00:00', 'XXX', 'TUNDA', '', '2015-03-16 23:40:45', '2015-03-16 23:40:45'),
(1661, 2015020001, 326, '00-2015', '50000.00', '0000-00-00 00:00:00', 'XXX', 'TUNDA', '', '2015-03-16 23:40:45', '2015-03-16 23:40:45'),
(1662, 2015020001, 327, '00-2015', '50000.00', '0000-00-00 00:00:00', 'XXX', 'TUNDA', '', '2015-03-16 23:40:45', '2015-03-16 23:40:45'),
(1663, 2015020001, 328, '00-2015', '50000.00', '0000-00-00 00:00:00', 'XXX', 'TUNDA', '', '2015-03-16 23:40:45', '2015-03-16 23:40:45'),
(1664, 2015020001, 329, '00-2015', '50000.00', '0000-00-00 00:00:00', 'XXX', 'TUNDA', '', '2015-03-16 23:40:45', '2015-03-16 23:40:45'),
(1665, 2015020001, 330, '00-2015', '50000.00', '0000-00-00 00:00:00', 'XXX', 'TUNDA', '', '2015-03-16 23:40:45', '2015-03-16 23:40:45'),
(1666, 2015020001, 331, '00-2015', '50000.00', '0000-00-00 00:00:00', 'XXX', 'TUNDA', '', '2015-03-16 23:40:45', '2015-03-16 23:40:45'),
(1667, 2015020001, 332, '00-2015', '50000.00', '0000-00-00 00:00:00', 'XXX', 'TUNDA', '', '2015-03-16 23:40:45', '2015-03-16 23:40:45'),
(1668, 2015020001, 333, '00-2015', '50000.00', '0000-00-00 00:00:00', 'XXX', 'TUNDA', '', '2015-03-16 23:40:45', '2015-03-16 23:40:45'),
(1669, 2015020001, 334, '00-2015', '50000.00', '0000-00-00 00:00:00', 'XXX', 'TUNDA', '', '2015-03-16 23:40:45', '2015-03-16 23:40:45'),
(1670, 2015020001, 335, '00-2015', '50000.00', '0000-00-00 00:00:00', 'XXX', 'TUNDA', '', '2015-03-16 23:40:45', '2015-03-16 23:40:45'),
(1671, 2015020001, 336, '00-2015', '50000.00', '0000-00-00 00:00:00', 'XXX', 'TUNDA', '', '2015-03-16 23:40:45', '2015-03-16 23:40:45'),
(1672, 2015020001, 337, '00-2015', '50000.00', '0000-00-00 00:00:00', 'XXX', 'TUNDA', '', '2015-03-16 23:40:45', '2015-03-16 23:40:45'),
(1673, 2015020001, 338, '00-2015', '50000.00', '0000-00-00 00:00:00', 'XXX', 'TUNDA', '', '2015-03-16 23:40:45', '2015-03-16 23:40:45'),
(1674, 2015020001, 339, '00-2015', '50000.00', '0000-00-00 00:00:00', 'XXX', 'TUNDA', '', '2015-03-16 23:40:45', '2015-03-16 23:40:45'),
(1675, 2015020001, 340, '00-2015', '50000.00', '0000-00-00 00:00:00', 'XXX', 'TUNDA', '', '2015-03-16 23:40:45', '2015-03-16 23:40:45'),
(1676, 2015020001, 341, '00-2015', '50000.00', '0000-00-00 00:00:00', 'XXX', 'TUNDA', '', '2015-03-16 23:40:45', '2015-03-16 23:40:45'),
(1677, 2015020001, 342, '00-2015', '50000.00', '0000-00-00 00:00:00', 'XXX', 'TUNDA', '', '2015-03-16 23:40:45', '2015-03-16 23:40:45'),
(1678, 2015020001, 343, '00-2015', '50000.00', '0000-00-00 00:00:00', 'XXX', 'TUNDA', '', '2015-03-16 23:40:45', '2015-03-16 23:40:45'),
(1679, 2015020001, 344, '00-2015', '50000.00', '0000-00-00 00:00:00', 'XXX', 'TUNDA', '', '2015-03-16 23:40:46', '2015-03-16 23:40:46'),
(1680, 2015020001, 345, '00-2015', '50000.00', '0000-00-00 00:00:00', 'XXX', 'TUNDA', '', '2015-03-16 23:40:46', '2015-03-16 23:40:46'),
(1681, 2015020002, 1, '002-201', '50000.00', '0000-00-00 00:00:00', 'XXX', 'TUNDA', '', '2015-03-17 00:02:10', '2015-03-17 00:02:10'),
(1682, 2015020002, 2, '002-201', '50000.00', '0000-00-00 00:00:00', 'XXX', 'TUNDA', '', '2015-03-17 00:02:10', '2015-03-17 00:02:10'),
(1683, 2015020002, 3, '002-201', '50000.00', '0000-00-00 00:00:00', 'XXX', 'TUNDA', '', '2015-03-17 00:02:10', '2015-03-17 00:02:10'),
(1684, 2015020002, 4, '002-201', '50000.00', '0000-00-00 00:00:00', 'XXX', 'TUNDA', '', '2015-03-17 00:02:11', '2015-03-17 00:02:11'),
(1685, 2015020002, 5, '002-201', '50000.00', '0000-00-00 00:00:00', 'XXX', 'TUNDA', '', '2015-03-17 00:02:11', '2015-03-17 00:02:11'),
(1686, 2015020002, 6, '002-201', '50000.00', '0000-00-00 00:00:00', 'XXX', 'TUNDA', '', '2015-03-17 00:02:11', '2015-03-17 00:02:11'),
(1687, 2015020002, 7, '002-201', '50000.00', '0000-00-00 00:00:00', 'XXX', 'TUNDA', '', '2015-03-17 00:02:11', '2015-03-17 00:02:11'),
(1688, 2015020002, 8, '002-201', '50000.00', '0000-00-00 00:00:00', 'XXX', 'TUNDA', '', '2015-03-17 00:02:11', '2015-03-17 00:02:11'),
(1689, 2015020002, 9, '002-201', '50000.00', '0000-00-00 00:00:00', 'XXX', 'TUNDA', '', '2015-03-17 00:02:11', '2015-03-17 00:02:11'),
(1690, 2015020002, 10, '002-201', '50000.00', '0000-00-00 00:00:00', 'XXX', 'TUNDA', '', '2015-03-17 00:02:11', '2015-03-17 00:02:11'),
(1691, 2015020002, 11, '002-201', '50000.00', '0000-00-00 00:00:00', 'XXX', 'TUNDA', '', '2015-03-17 00:02:11', '2015-03-17 00:02:11'),
(1692, 2015020002, 12, '002-201', '50000.00', '0000-00-00 00:00:00', 'XXX', 'TUNDA', '', '2015-03-17 00:02:11', '2015-03-17 00:02:11'),
(1693, 2015020002, 13, '002-201', '50000.00', '0000-00-00 00:00:00', 'XXX', 'TUNDA', '', '2015-03-17 00:02:11', '2015-03-17 00:02:11'),
(1694, 2015020002, 14, '002-201', '50000.00', '0000-00-00 00:00:00', 'XXX', 'TUNDA', '', '2015-03-17 00:02:11', '2015-03-17 00:02:11'),
(1695, 2015020002, 15, '002-201', '50000.00', '0000-00-00 00:00:00', 'XXX', 'TUNDA', '', '2015-03-17 00:02:11', '2015-03-17 00:02:11'),
(1696, 2015020002, 16, '002-201', '50000.00', '0000-00-00 00:00:00', 'XXX', 'TUNDA', '', '2015-03-17 00:02:11', '2015-03-17 00:02:11'),
(1697, 2015020002, 17, '002-201', '50000.00', '0000-00-00 00:00:00', 'XXX', 'TUNDA', '', '2015-03-17 00:02:11', '2015-03-17 00:02:11'),
(1698, 2015020002, 18, '002-201', '50000.00', '0000-00-00 00:00:00', 'XXX', 'TUNDA', '', '2015-03-17 00:02:11', '2015-03-17 00:02:11'),
(1699, 2015020002, 19, '002-201', '50000.00', '0000-00-00 00:00:00', 'XXX', 'TUNDA', '', '2015-03-17 00:02:11', '2015-03-17 00:02:11'),
(1700, 2015020002, 20, '002-201', '50000.00', '0000-00-00 00:00:00', 'XXX', 'TUNDA', '', '2015-03-17 00:02:11', '2015-03-17 00:02:11'),
(1701, 2015020002, 21, '002-201', '50000.00', '0000-00-00 00:00:00', 'XXX', 'TUNDA', '', '2015-03-17 00:02:11', '2015-03-17 00:02:11'),
(1702, 2015020002, 22, '002-201', '50000.00', '0000-00-00 00:00:00', 'XXX', 'TUNDA', '', '2015-03-17 00:02:11', '2015-03-17 00:02:11'),
(1703, 2015020002, 23, '002-201', '50000.00', '0000-00-00 00:00:00', 'XXX', 'TUNDA', '', '2015-03-17 00:02:11', '2015-03-17 00:02:11'),
(1704, 2015020002, 24, '002-201', '50000.00', '0000-00-00 00:00:00', 'XXX', 'TUNDA', '', '2015-03-17 00:02:11', '2015-03-17 00:02:11'),
(1705, 2015020002, 25, '002-201', '50000.00', '0000-00-00 00:00:00', 'XXX', 'TUNDA', '', '2015-03-17 00:02:11', '2015-03-17 00:02:11'),
(1706, 2015020002, 26, '002-201', '50000.00', '0000-00-00 00:00:00', 'XXX', 'TUNDA', '', '2015-03-17 00:02:11', '2015-03-17 00:02:11'),
(1707, 2015020002, 27, '002-201', '50000.00', '0000-00-00 00:00:00', 'XXX', 'TUNDA', '', '2015-03-17 00:02:11', '2015-03-17 00:02:11'),
(1708, 2015020002, 28, '002-201', '50000.00', '0000-00-00 00:00:00', 'XXX', 'TUNDA', '', '2015-03-17 00:02:11', '2015-03-17 00:02:11'),
(1709, 2015020002, 29, '002-201', '50000.00', '0000-00-00 00:00:00', 'XXX', 'TUNDA', '', '2015-03-17 00:02:11', '2015-03-17 00:02:11'),
(1710, 2015020002, 30, '002-201', '50000.00', '0000-00-00 00:00:00', 'XXX', 'TUNDA', '', '2015-03-17 00:02:11', '2015-03-17 00:02:11'),
(1711, 2015020002, 31, '002-201', '50000.00', '0000-00-00 00:00:00', 'XXX', 'TUNDA', '', '2015-03-17 00:02:11', '2015-03-17 00:02:11'),
(1712, 2015020002, 32, '002-201', '50000.00', '0000-00-00 00:00:00', 'XXX', 'TUNDA', '', '2015-03-17 00:02:11', '2015-03-17 00:02:11'),
(1713, 2015020002, 33, '002-201', '50000.00', '0000-00-00 00:00:00', 'XXX', 'TUNDA', '', '2015-03-17 00:02:11', '2015-03-17 00:02:11'),
(1714, 2015020002, 34, '002-201', '50000.00', '0000-00-00 00:00:00', 'XXX', 'TUNDA', '', '2015-03-17 00:02:11', '2015-03-17 00:02:11'),
(1715, 2015020002, 35, '002-201', '50000.00', '0000-00-00 00:00:00', 'XXX', 'TUNDA', '', '2015-03-17 00:02:11', '2015-03-17 00:02:11'),
(1716, 2015020002, 36, '002-201', '50000.00', '0000-00-00 00:00:00', 'XXX', 'TUNDA', '', '2015-03-17 00:02:11', '2015-03-17 00:02:11'),
(1717, 2015020002, 37, '002-201', '50000.00', '0000-00-00 00:00:00', 'XXX', 'TUNDA', '', '2015-03-17 00:02:11', '2015-03-17 00:02:11'),
(1718, 2015020002, 38, '002-201', '50000.00', '0000-00-00 00:00:00', 'XXX', 'TUNDA', '', '2015-03-17 00:02:11', '2015-03-17 00:02:11'),
(1719, 2015020002, 39, '002-201', '50000.00', '0000-00-00 00:00:00', 'XXX', 'TUNDA', '', '2015-03-17 00:02:12', '2015-03-17 00:02:12'),
(1720, 2015020002, 40, '002-201', '50000.00', '0000-00-00 00:00:00', 'XXX', 'TUNDA', '', '2015-03-17 00:02:12', '2015-03-17 00:02:12'),
(1721, 2015020002, 41, '002-201', '50000.00', '0000-00-00 00:00:00', 'XXX', 'TUNDA', '', '2015-03-17 00:02:12', '2015-03-17 00:02:12'),
(1722, 2015020002, 42, '002-201', '50000.00', '0000-00-00 00:00:00', 'XXX', 'TUNDA', '', '2015-03-17 00:02:12', '2015-03-17 00:02:12'),
(1723, 2015020002, 43, '002-201', '50000.00', '0000-00-00 00:00:00', 'XXX', 'TUNDA', '', '2015-03-17 00:02:12', '2015-03-17 00:02:12'),
(1724, 2015020002, 44, '002-201', '50000.00', '0000-00-00 00:00:00', 'XXX', 'TUNDA', '', '2015-03-17 00:02:12', '2015-03-17 00:02:12'),
(1725, 2015020002, 45, '002-201', '50000.00', '0000-00-00 00:00:00', 'XXX', 'TUNDA', '', '2015-03-17 00:02:12', '2015-03-17 00:02:12'),
(1726, 2015020002, 46, '002-201', '50000.00', '0000-00-00 00:00:00', 'XXX', 'TUNDA', '', '2015-03-17 00:02:12', '2015-03-17 00:02:12'),
(1727, 2015020002, 47, '002-201', '50000.00', '0000-00-00 00:00:00', 'XXX', 'TUNDA', '', '2015-03-17 00:02:12', '2015-03-17 00:02:12'),
(1728, 2015020002, 48, '002-201', '50000.00', '0000-00-00 00:00:00', 'XXX', 'TUNDA', '', '2015-03-17 00:02:12', '2015-03-17 00:02:12'),
(1729, 2015020002, 49, '002-201', '50000.00', '0000-00-00 00:00:00', 'XXX', 'TUNDA', '', '2015-03-17 00:02:12', '2015-03-17 00:02:12'),
(1730, 2015020002, 50, '002-201', '50000.00', '0000-00-00 00:00:00', 'XXX', 'TUNDA', '', '2015-03-17 00:02:12', '2015-03-17 00:02:12'),
(1731, 2015020002, 51, '002-201', '50000.00', '0000-00-00 00:00:00', 'XXX', 'TUNDA', '', '2015-03-17 00:02:12', '2015-03-17 00:02:12'),
(1732, 2015020002, 52, '002-201', '50000.00', '0000-00-00 00:00:00', 'XXX', 'TUNDA', '', '2015-03-17 00:02:12', '2015-03-17 00:02:12'),
(1733, 2015020002, 53, '002-201', '50000.00', '0000-00-00 00:00:00', 'XXX', 'TUNDA', '', '2015-03-17 00:02:12', '2015-03-17 00:02:12'),
(1734, 2015020002, 54, '002-201', '50000.00', '0000-00-00 00:00:00', 'XXX', 'TUNDA', '', '2015-03-17 00:02:12', '2015-03-17 00:02:12'),
(1735, 2015020002, 55, '002-201', '50000.00', '0000-00-00 00:00:00', 'XXX', 'TUNDA', '', '2015-03-17 00:02:12', '2015-03-17 00:02:12'),
(1736, 2015020002, 56, '002-201', '50000.00', '0000-00-00 00:00:00', 'XXX', 'TUNDA', '', '2015-03-17 00:02:12', '2015-03-17 00:02:12'),
(1737, 2015020002, 57, '002-201', '50000.00', '0000-00-00 00:00:00', 'XXX', 'TUNDA', '', '2015-03-17 00:02:12', '2015-03-17 00:02:12'),
(1738, 2015020002, 58, '002-201', '50000.00', '0000-00-00 00:00:00', 'XXX', 'TUNDA', '', '2015-03-17 00:02:12', '2015-03-17 00:02:12'),
(1739, 2015020002, 59, '002-201', '50000.00', '0000-00-00 00:00:00', 'XXX', 'TUNDA', '', '2015-03-17 00:02:12', '2015-03-17 00:02:12'),
(1740, 2015020002, 60, '002-201', '50000.00', '0000-00-00 00:00:00', 'XXX', 'TUNDA', '', '2015-03-17 00:02:12', '2015-03-17 00:02:12'),
(1741, 2015020002, 61, '002-201', '50000.00', '0000-00-00 00:00:00', 'XXX', 'TUNDA', '', '2015-03-17 00:02:12', '2015-03-17 00:02:12');
INSERT INTO `iurans` (`id`, `id_peserta`, `cicilan_ke`, `bln_thn`, `iuran`, `tanggal_bayar`, `id_bank`, `status`, `keterangan`, `created_at`, `updated_at`) VALUES
(1742, 2015020002, 62, '002-201', '50000.00', '0000-00-00 00:00:00', 'XXX', 'TUNDA', '', '2015-03-17 00:02:12', '2015-03-17 00:02:12'),
(1743, 2015020002, 63, '002-201', '50000.00', '0000-00-00 00:00:00', 'XXX', 'TUNDA', '', '2015-03-17 00:02:12', '2015-03-17 00:02:12'),
(1744, 2015020002, 64, '002-201', '50000.00', '0000-00-00 00:00:00', 'XXX', 'TUNDA', '', '2015-03-17 00:02:12', '2015-03-17 00:02:12'),
(1745, 2015020002, 65, '002-201', '50000.00', '0000-00-00 00:00:00', 'XXX', 'TUNDA', '', '2015-03-17 00:02:12', '2015-03-17 00:02:12'),
(1746, 2015020002, 66, '002-201', '50000.00', '0000-00-00 00:00:00', 'XXX', 'TUNDA', '', '2015-03-17 00:02:12', '2015-03-17 00:02:12'),
(1747, 2015020002, 67, '002-201', '50000.00', '0000-00-00 00:00:00', 'XXX', 'TUNDA', '', '2015-03-17 00:02:12', '2015-03-17 00:02:12'),
(1748, 2015020002, 68, '002-201', '50000.00', '0000-00-00 00:00:00', 'XXX', 'TUNDA', '', '2015-03-17 00:02:12', '2015-03-17 00:02:12'),
(1749, 2015020002, 69, '002-201', '50000.00', '0000-00-00 00:00:00', 'XXX', 'TUNDA', '', '2015-03-17 00:02:12', '2015-03-17 00:02:12'),
(1750, 2015020002, 70, '002-201', '50000.00', '0000-00-00 00:00:00', 'XXX', 'TUNDA', '', '2015-03-17 00:02:12', '2015-03-17 00:02:12'),
(1751, 2015020002, 71, '002-201', '50000.00', '0000-00-00 00:00:00', 'XXX', 'TUNDA', '', '2015-03-17 00:02:13', '2015-03-17 00:02:13'),
(1752, 2015020002, 72, '002-201', '50000.00', '0000-00-00 00:00:00', 'XXX', 'TUNDA', '', '2015-03-17 00:02:13', '2015-03-17 00:02:13'),
(1753, 2015020002, 73, '002-201', '50000.00', '0000-00-00 00:00:00', 'XXX', 'TUNDA', '', '2015-03-17 00:02:13', '2015-03-17 00:02:13'),
(1754, 2015020002, 74, '002-201', '50000.00', '0000-00-00 00:00:00', 'XXX', 'TUNDA', '', '2015-03-17 00:02:13', '2015-03-17 00:02:13'),
(1755, 2015020002, 75, '002-201', '50000.00', '0000-00-00 00:00:00', 'XXX', 'TUNDA', '', '2015-03-17 00:02:13', '2015-03-17 00:02:13'),
(1756, 2015020002, 76, '002-201', '50000.00', '0000-00-00 00:00:00', 'XXX', 'TUNDA', '', '2015-03-17 00:02:13', '2015-03-17 00:02:13'),
(1757, 2015020002, 77, '002-201', '50000.00', '0000-00-00 00:00:00', 'XXX', 'TUNDA', '', '2015-03-17 00:02:13', '2015-03-17 00:02:13'),
(1758, 2015020002, 78, '002-201', '50000.00', '0000-00-00 00:00:00', 'XXX', 'TUNDA', '', '2015-03-17 00:02:13', '2015-03-17 00:02:13'),
(1759, 2015020002, 79, '002-201', '50000.00', '0000-00-00 00:00:00', 'XXX', 'TUNDA', '', '2015-03-17 00:02:13', '2015-03-17 00:02:13'),
(1760, 2015020002, 80, '002-201', '50000.00', '0000-00-00 00:00:00', 'XXX', 'TUNDA', '', '2015-03-17 00:02:13', '2015-03-17 00:02:13'),
(1761, 2015020002, 81, '002-201', '50000.00', '0000-00-00 00:00:00', 'XXX', 'TUNDA', '', '2015-03-17 00:02:13', '2015-03-17 00:02:13'),
(1762, 2015020002, 82, '002-201', '50000.00', '0000-00-00 00:00:00', 'XXX', 'TUNDA', '', '2015-03-17 00:02:13', '2015-03-17 00:02:13'),
(1763, 2015020002, 83, '002-201', '50000.00', '0000-00-00 00:00:00', 'XXX', 'TUNDA', '', '2015-03-17 00:02:13', '2015-03-17 00:02:13'),
(1764, 2015020002, 84, '002-201', '50000.00', '0000-00-00 00:00:00', 'XXX', 'TUNDA', '', '2015-03-17 00:02:13', '2015-03-17 00:02:13'),
(1765, 2015020002, 85, '002-201', '50000.00', '0000-00-00 00:00:00', 'XXX', 'TUNDA', '', '2015-03-17 00:02:13', '2015-03-17 00:02:13'),
(1766, 2015020002, 86, '002-201', '50000.00', '0000-00-00 00:00:00', 'XXX', 'TUNDA', '', '2015-03-17 00:02:13', '2015-03-17 00:02:13'),
(1767, 2015020002, 87, '002-201', '50000.00', '0000-00-00 00:00:00', 'XXX', 'TUNDA', '', '2015-03-17 00:02:13', '2015-03-17 00:02:13'),
(1768, 2015020002, 88, '002-201', '50000.00', '0000-00-00 00:00:00', 'XXX', 'TUNDA', '', '2015-03-17 00:02:13', '2015-03-17 00:02:13'),
(1769, 2015020002, 89, '002-201', '50000.00', '0000-00-00 00:00:00', 'XXX', 'TUNDA', '', '2015-03-17 00:02:13', '2015-03-17 00:02:13'),
(1770, 2015020002, 90, '002-201', '50000.00', '0000-00-00 00:00:00', 'XXX', 'TUNDA', '', '2015-03-17 00:02:13', '2015-03-17 00:02:13'),
(1771, 2015020002, 91, '002-201', '50000.00', '0000-00-00 00:00:00', 'XXX', 'TUNDA', '', '2015-03-17 00:02:13', '2015-03-17 00:02:13'),
(1772, 2015020002, 92, '002-201', '50000.00', '0000-00-00 00:00:00', 'XXX', 'TUNDA', '', '2015-03-17 00:02:13', '2015-03-17 00:02:13'),
(1773, 2015020002, 93, '002-201', '50000.00', '0000-00-00 00:00:00', 'XXX', 'TUNDA', '', '2015-03-17 00:02:13', '2015-03-17 00:02:13'),
(1774, 2015020002, 94, '002-201', '50000.00', '0000-00-00 00:00:00', 'XXX', 'TUNDA', '', '2015-03-17 00:02:13', '2015-03-17 00:02:13'),
(1775, 2015020002, 95, '002-201', '50000.00', '0000-00-00 00:00:00', 'XXX', 'TUNDA', '', '2015-03-17 00:02:13', '2015-03-17 00:02:13'),
(1776, 2015020002, 96, '002-201', '50000.00', '0000-00-00 00:00:00', 'XXX', 'TUNDA', '', '2015-03-17 00:02:13', '2015-03-17 00:02:13'),
(1777, 2015020002, 97, '002-201', '50000.00', '0000-00-00 00:00:00', 'XXX', 'TUNDA', '', '2015-03-17 00:02:13', '2015-03-17 00:02:13'),
(1778, 2015020002, 98, '002-201', '50000.00', '0000-00-00 00:00:00', 'XXX', 'TUNDA', '', '2015-03-17 00:02:13', '2015-03-17 00:02:13'),
(1779, 2015020002, 99, '002-201', '50000.00', '0000-00-00 00:00:00', 'XXX', 'TUNDA', '', '2015-03-17 00:02:13', '2015-03-17 00:02:13'),
(1780, 2015020002, 100, '002-201', '50000.00', '0000-00-00 00:00:00', 'XXX', 'TUNDA', '', '2015-03-17 00:02:13', '2015-03-17 00:02:13'),
(1781, 2015020002, 101, '002-201', '50000.00', '0000-00-00 00:00:00', 'XXX', 'TUNDA', '', '2015-03-17 00:02:13', '2015-03-17 00:02:13'),
(1782, 2015020002, 102, '002-201', '50000.00', '0000-00-00 00:00:00', 'XXX', 'TUNDA', '', '2015-03-17 00:02:13', '2015-03-17 00:02:13'),
(1783, 2015020002, 103, '002-201', '50000.00', '0000-00-00 00:00:00', 'XXX', 'TUNDA', '', '2015-03-17 00:02:13', '2015-03-17 00:02:13'),
(1784, 2015020002, 104, '002-201', '50000.00', '0000-00-00 00:00:00', 'XXX', 'TUNDA', '', '2015-03-17 00:02:14', '2015-03-17 00:02:14'),
(1785, 2015020002, 105, '002-201', '50000.00', '0000-00-00 00:00:00', 'XXX', 'TUNDA', '', '2015-03-17 00:02:14', '2015-03-17 00:02:14'),
(1786, 2015020002, 106, '002-201', '50000.00', '0000-00-00 00:00:00', 'XXX', 'TUNDA', '', '2015-03-17 00:02:14', '2015-03-17 00:02:14'),
(1787, 2015020002, 107, '002-201', '50000.00', '0000-00-00 00:00:00', 'XXX', 'TUNDA', '', '2015-03-17 00:02:14', '2015-03-17 00:02:14'),
(1788, 2015020002, 108, '002-201', '50000.00', '0000-00-00 00:00:00', 'XXX', 'TUNDA', '', '2015-03-17 00:02:14', '2015-03-17 00:02:14'),
(1789, 2015020002, 109, '002-201', '50000.00', '0000-00-00 00:00:00', 'XXX', 'TUNDA', '', '2015-03-17 00:02:14', '2015-03-17 00:02:14'),
(1790, 2015020002, 110, '002-201', '50000.00', '0000-00-00 00:00:00', 'XXX', 'TUNDA', '', '2015-03-17 00:02:14', '2015-03-17 00:02:14'),
(1791, 2015020002, 111, '002-201', '50000.00', '0000-00-00 00:00:00', 'XXX', 'TUNDA', '', '2015-03-17 00:02:14', '2015-03-17 00:02:14'),
(1792, 2015020002, 112, '002-201', '50000.00', '0000-00-00 00:00:00', 'XXX', 'TUNDA', '', '2015-03-17 00:02:14', '2015-03-17 00:02:14'),
(1793, 2015020002, 113, '002-201', '50000.00', '0000-00-00 00:00:00', 'XXX', 'TUNDA', '', '2015-03-17 00:02:14', '2015-03-17 00:02:14'),
(1794, 2015020002, 114, '002-201', '50000.00', '0000-00-00 00:00:00', 'XXX', 'TUNDA', '', '2015-03-17 00:02:14', '2015-03-17 00:02:14'),
(1795, 2015020002, 115, '002-201', '50000.00', '0000-00-00 00:00:00', 'XXX', 'TUNDA', '', '2015-03-17 00:02:14', '2015-03-17 00:02:14'),
(1796, 2015020002, 116, '002-201', '50000.00', '0000-00-00 00:00:00', 'XXX', 'TUNDA', '', '2015-03-17 00:02:14', '2015-03-17 00:02:14'),
(1797, 2015020002, 117, '002-201', '50000.00', '0000-00-00 00:00:00', 'XXX', 'TUNDA', '', '2015-03-17 00:02:14', '2015-03-17 00:02:14'),
(1798, 2015020002, 118, '002-201', '50000.00', '0000-00-00 00:00:00', 'XXX', 'TUNDA', '', '2015-03-17 00:02:14', '2015-03-17 00:02:14'),
(1799, 2015020002, 119, '002-201', '50000.00', '0000-00-00 00:00:00', 'XXX', 'TUNDA', '', '2015-03-17 00:02:14', '2015-03-17 00:02:14'),
(1800, 2015020002, 120, '002-201', '50000.00', '0000-00-00 00:00:00', 'XXX', 'TUNDA', '', '2015-03-17 00:02:14', '2015-03-17 00:02:14'),
(1801, 2015020002, 121, '002-201', '50000.00', '0000-00-00 00:00:00', 'XXX', 'TUNDA', '', '2015-03-17 00:02:14', '2015-03-17 00:02:14'),
(1802, 2015020002, 122, '002-201', '50000.00', '0000-00-00 00:00:00', 'XXX', 'TUNDA', '', '2015-03-17 00:02:14', '2015-03-17 00:02:14'),
(1803, 2015020002, 123, '002-201', '50000.00', '0000-00-00 00:00:00', 'XXX', 'TUNDA', '', '2015-03-17 00:02:15', '2015-03-17 00:02:15'),
(1804, 2015020002, 124, '002-201', '50000.00', '0000-00-00 00:00:00', 'XXX', 'TUNDA', '', '2015-03-17 00:02:15', '2015-03-17 00:02:15'),
(1805, 2015020002, 125, '002-201', '50000.00', '0000-00-00 00:00:00', 'XXX', 'TUNDA', '', '2015-03-17 00:02:15', '2015-03-17 00:02:15'),
(1806, 2015020002, 126, '002-201', '50000.00', '0000-00-00 00:00:00', 'XXX', 'TUNDA', '', '2015-03-17 00:02:15', '2015-03-17 00:02:15'),
(1807, 2015020002, 127, '002-201', '50000.00', '0000-00-00 00:00:00', 'XXX', 'TUNDA', '', '2015-03-17 00:02:15', '2015-03-17 00:02:15'),
(1808, 2015020002, 128, '002-201', '50000.00', '0000-00-00 00:00:00', 'XXX', 'TUNDA', '', '2015-03-17 00:02:15', '2015-03-17 00:02:15'),
(1809, 2015020002, 129, '002-201', '50000.00', '0000-00-00 00:00:00', 'XXX', 'TUNDA', '', '2015-03-17 00:02:15', '2015-03-17 00:02:15'),
(1810, 2015020002, 130, '002-201', '50000.00', '0000-00-00 00:00:00', 'XXX', 'TUNDA', '', '2015-03-17 00:02:15', '2015-03-17 00:02:15'),
(1811, 2015020002, 131, '002-201', '50000.00', '0000-00-00 00:00:00', 'XXX', 'TUNDA', '', '2015-03-17 00:02:15', '2015-03-17 00:02:15'),
(1812, 2015020002, 132, '002-201', '50000.00', '0000-00-00 00:00:00', 'XXX', 'TUNDA', '', '2015-03-17 00:02:15', '2015-03-17 00:02:15'),
(1813, 2015020002, 133, '002-201', '50000.00', '0000-00-00 00:00:00', 'XXX', 'TUNDA', '', '2015-03-17 00:02:15', '2015-03-17 00:02:15'),
(1814, 2015020002, 134, '002-201', '50000.00', '0000-00-00 00:00:00', 'XXX', 'TUNDA', '', '2015-03-17 00:02:15', '2015-03-17 00:02:15'),
(1815, 2015020002, 135, '002-201', '50000.00', '0000-00-00 00:00:00', 'XXX', 'TUNDA', '', '2015-03-17 00:02:15', '2015-03-17 00:02:15'),
(1816, 2015020002, 136, '002-201', '50000.00', '0000-00-00 00:00:00', 'XXX', 'TUNDA', '', '2015-03-17 00:02:15', '2015-03-17 00:02:15'),
(1817, 2015020002, 137, '002-201', '50000.00', '0000-00-00 00:00:00', 'XXX', 'TUNDA', '', '2015-03-17 00:02:15', '2015-03-17 00:02:15'),
(1818, 2015020002, 138, '002-201', '50000.00', '0000-00-00 00:00:00', 'XXX', 'TUNDA', '', '2015-03-17 00:02:15', '2015-03-17 00:02:15'),
(1819, 2015020002, 139, '002-201', '50000.00', '0000-00-00 00:00:00', 'XXX', 'TUNDA', '', '2015-03-17 00:02:15', '2015-03-17 00:02:15'),
(1820, 2015020002, 140, '002-201', '50000.00', '0000-00-00 00:00:00', 'XXX', 'TUNDA', '', '2015-03-17 00:02:15', '2015-03-17 00:02:15'),
(1821, 2015020002, 141, '002-201', '50000.00', '0000-00-00 00:00:00', 'XXX', 'TUNDA', '', '2015-03-17 00:02:15', '2015-03-17 00:02:15'),
(1822, 2015020002, 142, '002-201', '50000.00', '0000-00-00 00:00:00', 'XXX', 'TUNDA', '', '2015-03-17 00:02:15', '2015-03-17 00:02:15'),
(1823, 2015020002, 143, '002-201', '50000.00', '0000-00-00 00:00:00', 'XXX', 'TUNDA', '', '2015-03-17 00:02:15', '2015-03-17 00:02:15'),
(1824, 2015020002, 144, '002-201', '50000.00', '0000-00-00 00:00:00', 'XXX', 'TUNDA', '', '2015-03-17 00:02:15', '2015-03-17 00:02:15'),
(1825, 2015020002, 145, '002-201', '50000.00', '0000-00-00 00:00:00', 'XXX', 'TUNDA', '', '2015-03-17 00:02:15', '2015-03-17 00:02:15'),
(1826, 2015020002, 146, '002-201', '50000.00', '0000-00-00 00:00:00', 'XXX', 'TUNDA', '', '2015-03-17 00:02:15', '2015-03-17 00:02:15'),
(1827, 2015020002, 147, '002-201', '50000.00', '0000-00-00 00:00:00', 'XXX', 'TUNDA', '', '2015-03-17 00:02:15', '2015-03-17 00:02:15'),
(1828, 2015020002, 148, '002-201', '50000.00', '0000-00-00 00:00:00', 'XXX', 'TUNDA', '', '2015-03-17 00:02:15', '2015-03-17 00:02:15'),
(1829, 2015020002, 149, '002-201', '50000.00', '0000-00-00 00:00:00', 'XXX', 'TUNDA', '', '2015-03-17 00:02:15', '2015-03-17 00:02:15'),
(1830, 2015020002, 150, '002-201', '50000.00', '0000-00-00 00:00:00', 'XXX', 'TUNDA', '', '2015-03-17 00:02:15', '2015-03-17 00:02:15'),
(1831, 2015020002, 151, '002-201', '50000.00', '0000-00-00 00:00:00', 'XXX', 'TUNDA', '', '2015-03-17 00:02:15', '2015-03-17 00:02:15'),
(1832, 2015020002, 152, '002-201', '50000.00', '0000-00-00 00:00:00', 'XXX', 'TUNDA', '', '2015-03-17 00:02:15', '2015-03-17 00:02:15'),
(1833, 2015020002, 153, '002-201', '50000.00', '0000-00-00 00:00:00', 'XXX', 'TUNDA', '', '2015-03-17 00:02:15', '2015-03-17 00:02:15'),
(1834, 2015020002, 154, '002-201', '50000.00', '0000-00-00 00:00:00', 'XXX', 'TUNDA', '', '2015-03-17 00:02:15', '2015-03-17 00:02:15'),
(1835, 2015020002, 155, '002-201', '50000.00', '0000-00-00 00:00:00', 'XXX', 'TUNDA', '', '2015-03-17 00:02:15', '2015-03-17 00:02:15'),
(1836, 2015020002, 156, '002-201', '50000.00', '0000-00-00 00:00:00', 'XXX', 'TUNDA', '', '2015-03-17 00:02:16', '2015-03-17 00:02:16'),
(1837, 2015020002, 157, '002-201', '50000.00', '0000-00-00 00:00:00', 'XXX', 'TUNDA', '', '2015-03-17 00:02:16', '2015-03-17 00:02:16'),
(1838, 2015020002, 158, '002-201', '50000.00', '0000-00-00 00:00:00', 'XXX', 'TUNDA', '', '2015-03-17 00:02:16', '2015-03-17 00:02:16'),
(1839, 2015020002, 159, '002-201', '50000.00', '0000-00-00 00:00:00', 'XXX', 'TUNDA', '', '2015-03-17 00:02:16', '2015-03-17 00:02:16'),
(1840, 2015020002, 160, '002-201', '50000.00', '0000-00-00 00:00:00', 'XXX', 'TUNDA', '', '2015-03-17 00:02:16', '2015-03-17 00:02:16'),
(1841, 2015020002, 161, '002-201', '50000.00', '0000-00-00 00:00:00', 'XXX', 'TUNDA', '', '2015-03-17 00:02:16', '2015-03-17 00:02:16'),
(1842, 2015020002, 162, '002-201', '50000.00', '0000-00-00 00:00:00', 'XXX', 'TUNDA', '', '2015-03-17 00:02:16', '2015-03-17 00:02:16'),
(1843, 2015020002, 163, '002-201', '50000.00', '0000-00-00 00:00:00', 'XXX', 'TUNDA', '', '2015-03-17 00:02:16', '2015-03-17 00:02:16'),
(1844, 2015020002, 164, '002-201', '50000.00', '0000-00-00 00:00:00', 'XXX', 'TUNDA', '', '2015-03-17 00:02:16', '2015-03-17 00:02:16'),
(1845, 2015020002, 165, '002-201', '50000.00', '0000-00-00 00:00:00', 'XXX', 'TUNDA', '', '2015-03-17 00:02:16', '2015-03-17 00:02:16'),
(1846, 2015020002, 166, '002-201', '50000.00', '0000-00-00 00:00:00', 'XXX', 'TUNDA', '', '2015-03-17 00:02:16', '2015-03-17 00:02:16'),
(1847, 2015020002, 167, '002-201', '50000.00', '0000-00-00 00:00:00', 'XXX', 'TUNDA', '', '2015-03-17 00:02:16', '2015-03-17 00:02:16'),
(1848, 2015020002, 168, '002-201', '50000.00', '0000-00-00 00:00:00', 'XXX', 'TUNDA', '', '2015-03-17 00:02:16', '2015-03-17 00:02:16'),
(1849, 2015020002, 169, '002-201', '50000.00', '0000-00-00 00:00:00', 'XXX', 'TUNDA', '', '2015-03-17 00:02:16', '2015-03-17 00:02:16'),
(1850, 2015020002, 170, '002-201', '50000.00', '0000-00-00 00:00:00', 'XXX', 'TUNDA', '', '2015-03-17 00:02:16', '2015-03-17 00:02:16'),
(1851, 2015020002, 171, '002-201', '50000.00', '0000-00-00 00:00:00', 'XXX', 'TUNDA', '', '2015-03-17 00:02:16', '2015-03-17 00:02:16'),
(1852, 2015020002, 172, '002-201', '50000.00', '0000-00-00 00:00:00', 'XXX', 'TUNDA', '', '2015-03-17 00:02:16', '2015-03-17 00:02:16'),
(1853, 2015020002, 173, '002-201', '50000.00', '0000-00-00 00:00:00', 'XXX', 'TUNDA', '', '2015-03-17 00:02:16', '2015-03-17 00:02:16'),
(1854, 2015020002, 174, '002-201', '50000.00', '0000-00-00 00:00:00', 'XXX', 'TUNDA', '', '2015-03-17 00:02:16', '2015-03-17 00:02:16'),
(1855, 2015020002, 175, '002-201', '50000.00', '0000-00-00 00:00:00', 'XXX', 'TUNDA', '', '2015-03-17 00:02:16', '2015-03-17 00:02:16'),
(1856, 2015020002, 176, '002-201', '50000.00', '0000-00-00 00:00:00', 'XXX', 'TUNDA', '', '2015-03-17 00:02:16', '2015-03-17 00:02:16'),
(1857, 2015020002, 177, '002-201', '50000.00', '0000-00-00 00:00:00', 'XXX', 'TUNDA', '', '2015-03-17 00:02:16', '2015-03-17 00:02:16'),
(1858, 2015020002, 178, '002-201', '50000.00', '0000-00-00 00:00:00', 'XXX', 'TUNDA', '', '2015-03-17 00:02:16', '2015-03-17 00:02:16'),
(1859, 2015020002, 179, '002-201', '50000.00', '0000-00-00 00:00:00', 'XXX', 'TUNDA', '', '2015-03-17 00:02:16', '2015-03-17 00:02:16'),
(1860, 2015020002, 180, '002-201', '50000.00', '0000-00-00 00:00:00', 'XXX', 'TUNDA', '', '2015-03-17 00:02:16', '2015-03-17 00:02:16'),
(1861, 2015020002, 181, '002-201', '50000.00', '0000-00-00 00:00:00', 'XXX', 'TUNDA', '', '2015-03-17 00:02:16', '2015-03-17 00:02:16'),
(1862, 2015020002, 182, '002-201', '50000.00', '0000-00-00 00:00:00', 'XXX', 'TUNDA', '', '2015-03-17 00:02:16', '2015-03-17 00:02:16'),
(1863, 2015020002, 183, '002-201', '50000.00', '0000-00-00 00:00:00', 'XXX', 'TUNDA', '', '2015-03-17 00:02:16', '2015-03-17 00:02:16'),
(1864, 2015020002, 184, '002-201', '50000.00', '0000-00-00 00:00:00', 'XXX', 'TUNDA', '', '2015-03-17 00:02:16', '2015-03-17 00:02:16'),
(1865, 2015020002, 185, '002-201', '50000.00', '0000-00-00 00:00:00', 'XXX', 'TUNDA', '', '2015-03-17 00:02:16', '2015-03-17 00:02:16'),
(1866, 2015020002, 186, '002-201', '50000.00', '0000-00-00 00:00:00', 'XXX', 'TUNDA', '', '2015-03-17 00:02:16', '2015-03-17 00:02:16'),
(1867, 2015020002, 187, '002-201', '50000.00', '0000-00-00 00:00:00', 'XXX', 'TUNDA', '', '2015-03-17 00:02:16', '2015-03-17 00:02:16'),
(1868, 2015020002, 188, '002-201', '50000.00', '0000-00-00 00:00:00', 'XXX', 'TUNDA', '', '2015-03-17 00:02:16', '2015-03-17 00:02:16'),
(1869, 2015020002, 189, '002-201', '50000.00', '0000-00-00 00:00:00', 'XXX', 'TUNDA', '', '2015-03-17 00:02:16', '2015-03-17 00:02:16'),
(1870, 2015020002, 190, '002-201', '50000.00', '0000-00-00 00:00:00', 'XXX', 'TUNDA', '', '2015-03-17 00:02:16', '2015-03-17 00:02:16'),
(1871, 2015020002, 191, '002-201', '50000.00', '0000-00-00 00:00:00', 'XXX', 'TUNDA', '', '2015-03-17 00:02:17', '2015-03-17 00:02:17'),
(1872, 2015020002, 192, '002-201', '50000.00', '0000-00-00 00:00:00', 'XXX', 'TUNDA', '', '2015-03-17 00:02:17', '2015-03-17 00:02:17'),
(1873, 2015020002, 193, '002-201', '50000.00', '0000-00-00 00:00:00', 'XXX', 'TUNDA', '', '2015-03-17 00:02:17', '2015-03-17 00:02:17'),
(1874, 2015020002, 194, '002-201', '50000.00', '0000-00-00 00:00:00', 'XXX', 'TUNDA', '', '2015-03-17 00:02:17', '2015-03-17 00:02:17'),
(1875, 2015020002, 195, '002-201', '50000.00', '0000-00-00 00:00:00', 'XXX', 'TUNDA', '', '2015-03-17 00:02:17', '2015-03-17 00:02:17'),
(1876, 2015020002, 196, '002-201', '50000.00', '0000-00-00 00:00:00', 'XXX', 'TUNDA', '', '2015-03-17 00:02:17', '2015-03-17 00:02:17'),
(1877, 2015020002, 197, '002-201', '50000.00', '0000-00-00 00:00:00', 'XXX', 'TUNDA', '', '2015-03-17 00:02:17', '2015-03-17 00:02:17'),
(1878, 2015020002, 198, '002-201', '50000.00', '0000-00-00 00:00:00', 'XXX', 'TUNDA', '', '2015-03-17 00:02:17', '2015-03-17 00:02:17'),
(1879, 2015020002, 199, '002-201', '50000.00', '0000-00-00 00:00:00', 'XXX', 'TUNDA', '', '2015-03-17 00:02:17', '2015-03-17 00:02:17'),
(1880, 2015020002, 200, '002-201', '50000.00', '0000-00-00 00:00:00', 'XXX', 'TUNDA', '', '2015-03-17 00:02:17', '2015-03-17 00:02:17'),
(1881, 2015020002, 201, '002-201', '50000.00', '0000-00-00 00:00:00', 'XXX', 'TUNDA', '', '2015-03-17 00:02:17', '2015-03-17 00:02:17'),
(1882, 2015020002, 202, '002-201', '50000.00', '0000-00-00 00:00:00', 'XXX', 'TUNDA', '', '2015-03-17 00:02:17', '2015-03-17 00:02:17'),
(1883, 2015020002, 203, '002-201', '50000.00', '0000-00-00 00:00:00', 'XXX', 'TUNDA', '', '2015-03-17 00:02:17', '2015-03-17 00:02:17'),
(1884, 2015020002, 204, '002-201', '50000.00', '0000-00-00 00:00:00', 'XXX', 'TUNDA', '', '2015-03-17 00:02:17', '2015-03-17 00:02:17'),
(1885, 2015020002, 205, '002-201', '50000.00', '0000-00-00 00:00:00', 'XXX', 'TUNDA', '', '2015-03-17 00:02:17', '2015-03-17 00:02:17'),
(1886, 2015020002, 206, '002-201', '50000.00', '0000-00-00 00:00:00', 'XXX', 'TUNDA', '', '2015-03-17 00:02:17', '2015-03-17 00:02:17'),
(1887, 2015020002, 207, '002-201', '50000.00', '0000-00-00 00:00:00', 'XXX', 'TUNDA', '', '2015-03-17 00:02:17', '2015-03-17 00:02:17'),
(1888, 2015020002, 208, '002-201', '50000.00', '0000-00-00 00:00:00', 'XXX', 'TUNDA', '', '2015-03-17 00:02:17', '2015-03-17 00:02:17'),
(1889, 2015020002, 209, '002-201', '50000.00', '0000-00-00 00:00:00', 'XXX', 'TUNDA', '', '2015-03-17 00:02:17', '2015-03-17 00:02:17'),
(1890, 2015020002, 210, '002-201', '50000.00', '0000-00-00 00:00:00', 'XXX', 'TUNDA', '', '2015-03-17 00:02:17', '2015-03-17 00:02:17'),
(1891, 2015020002, 211, '002-201', '50000.00', '0000-00-00 00:00:00', 'XXX', 'TUNDA', '', '2015-03-17 00:02:17', '2015-03-17 00:02:17'),
(1892, 2015020002, 212, '002-201', '50000.00', '0000-00-00 00:00:00', 'XXX', 'TUNDA', '', '2015-03-17 00:02:17', '2015-03-17 00:02:17'),
(1893, 2015020002, 213, '002-201', '50000.00', '0000-00-00 00:00:00', 'XXX', 'TUNDA', '', '2015-03-17 00:02:17', '2015-03-17 00:02:17'),
(1894, 2015020002, 214, '002-201', '50000.00', '0000-00-00 00:00:00', 'XXX', 'TUNDA', '', '2015-03-17 00:02:17', '2015-03-17 00:02:17'),
(1895, 2015020002, 215, '002-201', '50000.00', '0000-00-00 00:00:00', 'XXX', 'TUNDA', '', '2015-03-17 00:02:17', '2015-03-17 00:02:17'),
(1896, 2015020002, 216, '002-201', '50000.00', '0000-00-00 00:00:00', 'XXX', 'TUNDA', '', '2015-03-17 00:02:17', '2015-03-17 00:02:17'),
(1897, 2015020002, 217, '002-201', '50000.00', '0000-00-00 00:00:00', 'XXX', 'TUNDA', '', '2015-03-17 00:02:17', '2015-03-17 00:02:17'),
(1898, 2015020002, 218, '002-201', '50000.00', '0000-00-00 00:00:00', 'XXX', 'TUNDA', '', '2015-03-17 00:02:17', '2015-03-17 00:02:17'),
(1899, 2015020002, 219, '002-201', '50000.00', '0000-00-00 00:00:00', 'XXX', 'TUNDA', '', '2015-03-17 00:02:17', '2015-03-17 00:02:17'),
(1900, 2015020002, 220, '002-201', '50000.00', '0000-00-00 00:00:00', 'XXX', 'TUNDA', '', '2015-03-17 00:02:17', '2015-03-17 00:02:17'),
(1901, 2015020002, 221, '002-201', '50000.00', '0000-00-00 00:00:00', 'XXX', 'TUNDA', '', '2015-03-17 00:02:18', '2015-03-17 00:02:18'),
(1902, 2015020002, 222, '002-201', '50000.00', '0000-00-00 00:00:00', 'XXX', 'TUNDA', '', '2015-03-17 00:02:18', '2015-03-17 00:02:18'),
(1903, 2015020002, 223, '002-201', '50000.00', '0000-00-00 00:00:00', 'XXX', 'TUNDA', '', '2015-03-17 00:02:18', '2015-03-17 00:02:18'),
(1904, 2015020002, 224, '002-201', '50000.00', '0000-00-00 00:00:00', 'XXX', 'TUNDA', '', '2015-03-17 00:02:18', '2015-03-17 00:02:18'),
(1905, 2015020002, 225, '002-201', '50000.00', '0000-00-00 00:00:00', 'XXX', 'TUNDA', '', '2015-03-17 00:02:18', '2015-03-17 00:02:18'),
(1906, 2015020002, 226, '002-201', '50000.00', '0000-00-00 00:00:00', 'XXX', 'TUNDA', '', '2015-03-17 00:02:18', '2015-03-17 00:02:18'),
(1907, 2015020002, 227, '002-201', '50000.00', '0000-00-00 00:00:00', 'XXX', 'TUNDA', '', '2015-03-17 00:02:18', '2015-03-17 00:02:18'),
(1908, 2015020002, 228, '002-201', '50000.00', '0000-00-00 00:00:00', 'XXX', 'TUNDA', '', '2015-03-17 00:02:18', '2015-03-17 00:02:18'),
(1909, 2015020002, 229, '002-201', '50000.00', '0000-00-00 00:00:00', 'XXX', 'TUNDA', '', '2015-03-17 00:02:18', '2015-03-17 00:02:18'),
(1910, 2015020002, 230, '002-201', '50000.00', '0000-00-00 00:00:00', 'XXX', 'TUNDA', '', '2015-03-17 00:02:18', '2015-03-17 00:02:18'),
(1911, 2015020002, 231, '002-201', '50000.00', '0000-00-00 00:00:00', 'XXX', 'TUNDA', '', '2015-03-17 00:02:18', '2015-03-17 00:02:18'),
(1912, 2015020002, 232, '002-201', '50000.00', '0000-00-00 00:00:00', 'XXX', 'TUNDA', '', '2015-03-17 00:02:18', '2015-03-17 00:02:18'),
(1913, 2015020002, 233, '002-201', '50000.00', '0000-00-00 00:00:00', 'XXX', 'TUNDA', '', '2015-03-17 00:02:18', '2015-03-17 00:02:18'),
(1914, 2015020002, 234, '002-201', '50000.00', '0000-00-00 00:00:00', 'XXX', 'TUNDA', '', '2015-03-17 00:02:18', '2015-03-17 00:02:18'),
(1915, 2015020002, 235, '002-201', '50000.00', '0000-00-00 00:00:00', 'XXX', 'TUNDA', '', '2015-03-17 00:02:18', '2015-03-17 00:02:18'),
(1916, 2015020002, 236, '002-201', '50000.00', '0000-00-00 00:00:00', 'XXX', 'TUNDA', '', '2015-03-17 00:02:18', '2015-03-17 00:02:18'),
(1917, 2015020002, 237, '002-201', '50000.00', '0000-00-00 00:00:00', 'XXX', 'TUNDA', '', '2015-03-17 00:02:18', '2015-03-17 00:02:18'),
(1918, 2015020002, 238, '002-201', '50000.00', '0000-00-00 00:00:00', 'XXX', 'TUNDA', '', '2015-03-17 00:02:18', '2015-03-17 00:02:18'),
(1919, 2015020002, 239, '002-201', '50000.00', '0000-00-00 00:00:00', 'XXX', 'TUNDA', '', '2015-03-17 00:02:18', '2015-03-17 00:02:18'),
(1920, 2015020002, 240, '002-201', '50000.00', '0000-00-00 00:00:00', 'XXX', 'TUNDA', '', '2015-03-17 00:02:18', '2015-03-17 00:02:18'),
(1921, 2015020002, 241, '002-201', '50000.00', '0000-00-00 00:00:00', 'XXX', 'TUNDA', '', '2015-03-17 00:02:18', '2015-03-17 00:02:18'),
(1922, 2015020002, 242, '002-201', '50000.00', '0000-00-00 00:00:00', 'XXX', 'TUNDA', '', '2015-03-17 00:02:18', '2015-03-17 00:02:18'),
(1923, 2015020002, 243, '002-201', '50000.00', '0000-00-00 00:00:00', 'XXX', 'TUNDA', '', '2015-03-17 00:02:18', '2015-03-17 00:02:18'),
(1924, 2015020002, 244, '002-201', '50000.00', '0000-00-00 00:00:00', 'XXX', 'TUNDA', '', '2015-03-17 00:02:18', '2015-03-17 00:02:18'),
(1925, 2015020002, 245, '002-201', '50000.00', '0000-00-00 00:00:00', 'XXX', 'TUNDA', '', '2015-03-17 00:02:18', '2015-03-17 00:02:18'),
(1926, 2015020002, 246, '002-201', '50000.00', '0000-00-00 00:00:00', 'XXX', 'TUNDA', '', '2015-03-17 00:02:18', '2015-03-17 00:02:18'),
(1927, 2015020002, 247, '002-201', '50000.00', '0000-00-00 00:00:00', 'XXX', 'TUNDA', '', '2015-03-17 00:02:18', '2015-03-17 00:02:18'),
(1928, 2015020002, 248, '002-201', '50000.00', '0000-00-00 00:00:00', 'XXX', 'TUNDA', '', '2015-03-17 00:02:18', '2015-03-17 00:02:18'),
(1929, 2015020002, 249, '002-201', '50000.00', '0000-00-00 00:00:00', 'XXX', 'TUNDA', '', '2015-03-17 00:02:18', '2015-03-17 00:02:18'),
(1930, 2015020002, 250, '002-201', '50000.00', '0000-00-00 00:00:00', 'XXX', 'TUNDA', '', '2015-03-17 00:02:18', '2015-03-17 00:02:18'),
(1931, 2015020002, 251, '002-201', '50000.00', '0000-00-00 00:00:00', 'XXX', 'TUNDA', '', '2015-03-17 00:02:18', '2015-03-17 00:02:18'),
(1932, 2015020002, 252, '002-201', '50000.00', '0000-00-00 00:00:00', 'XXX', 'TUNDA', '', '2015-03-17 00:02:18', '2015-03-17 00:02:18'),
(1933, 2015020002, 253, '002-201', '50000.00', '0000-00-00 00:00:00', 'XXX', 'TUNDA', '', '2015-03-17 00:02:18', '2015-03-17 00:02:18'),
(1934, 2015020002, 254, '002-201', '50000.00', '0000-00-00 00:00:00', 'XXX', 'TUNDA', '', '2015-03-17 00:02:18', '2015-03-17 00:02:18'),
(1935, 2015020003, 1, '02-2015', '50000.00', '2015-03-17 01:03:58', 'XXX', 'LUNAS', '', '2015-03-17 08:41:58', '2015-03-17 01:41:58'),
(1936, 2015020003, 2, '03-2015', '50000.00', '0000-00-00 00:00:00', 'XXX', 'TUNDA', '', '2015-03-17 00:04:02', '2015-03-17 00:04:02'),
(1937, 2015020003, 3, '04-2015', '50000.00', '0000-00-00 00:00:00', 'XXX', 'TUNDA', '', '2015-03-17 00:04:02', '2015-03-17 00:04:02'),
(1938, 2015020003, 4, '05-2015', '50000.00', '0000-00-00 00:00:00', 'XXX', 'TUNDA', '', '2015-03-17 00:04:03', '2015-03-17 00:04:03'),
(1939, 2015020003, 5, '06-2015', '50000.00', '0000-00-00 00:00:00', 'XXX', 'TUNDA', '', '2015-03-17 00:04:03', '2015-03-17 00:04:03'),
(1940, 2015020003, 6, '07-2015', '50000.00', '0000-00-00 00:00:00', 'XXX', 'TUNDA', '', '2015-03-17 00:04:03', '2015-03-17 00:04:03'),
(1941, 2015020003, 7, '08-2015', '50000.00', '0000-00-00 00:00:00', 'XXX', 'TUNDA', '', '2015-03-17 00:04:03', '2015-03-17 00:04:03'),
(1942, 2015020003, 8, '09-2015', '50000.00', '0000-00-00 00:00:00', 'XXX', 'TUNDA', '', '2015-03-17 00:04:03', '2015-03-17 00:04:03'),
(1943, 2015020003, 9, '10-2015', '50000.00', '0000-00-00 00:00:00', 'XXX', 'TUNDA', '', '2015-03-17 00:04:03', '2015-03-17 00:04:03'),
(1944, 2015020003, 10, '11-2015', '50000.00', '0000-00-00 00:00:00', 'XXX', 'TUNDA', '', '2015-03-17 00:04:03', '2015-03-17 00:04:03'),
(1945, 2015020003, 11, '12-2015', '50000.00', '0000-00-00 00:00:00', 'XXX', 'TUNDA', '', '2015-03-17 00:04:03', '2015-03-17 00:04:03'),
(1946, 2015020003, 12, '12-2015', '50000.00', '0000-00-00 00:00:00', 'XXX', 'TUNDA', '', '2015-03-17 00:04:03', '2015-03-17 00:04:03'),
(1947, 2015020003, 13, '01-2015', '50000.00', '0000-00-00 00:00:00', 'XXX', 'TUNDA', '', '2015-03-17 00:04:03', '2015-03-17 00:04:03'),
(1948, 2015020003, 14, '02-2015', '50000.00', '2015-03-17 01:03:08', 'XXX', 'LUNAS', '', '2015-03-17 08:42:08', '2015-03-17 01:42:08'),
(1949, 2015020003, 15, '03-2015', '50000.00', '0000-00-00 00:00:00', 'XXX', 'TUNDA', '', '2015-03-17 00:04:03', '2015-03-17 00:04:03'),
(1950, 2015020003, 16, '04-2015', '50000.00', '0000-00-00 00:00:00', 'XXX', 'TUNDA', '', '2015-03-17 00:04:03', '2015-03-17 00:04:03'),
(1951, 2015020003, 17, '05-2015', '50000.00', '0000-00-00 00:00:00', 'XXX', 'TUNDA', '', '2015-03-17 00:04:03', '2015-03-17 00:04:03'),
(1952, 2015020003, 18, '06-2015', '50000.00', '0000-00-00 00:00:00', 'XXX', 'TUNDA', '', '2015-03-17 00:04:03', '2015-03-17 00:04:03'),
(1953, 2015020003, 19, '07-2015', '50000.00', '0000-00-00 00:00:00', 'XXX', 'TUNDA', '', '2015-03-17 00:04:03', '2015-03-17 00:04:03'),
(1954, 2015020003, 20, '08-2015', '50000.00', '0000-00-00 00:00:00', 'XXX', 'TUNDA', '', '2015-03-17 00:04:03', '2015-03-17 00:04:03'),
(1955, 2015020003, 21, '09-2015', '50000.00', '0000-00-00 00:00:00', 'XXX', 'TUNDA', '', '2015-03-17 00:04:03', '2015-03-17 00:04:03'),
(1956, 2015020003, 22, '10-2015', '50000.00', '0000-00-00 00:00:00', 'XXX', 'TUNDA', '', '2015-03-17 00:04:03', '2015-03-17 00:04:03'),
(1957, 2015020003, 23, '11-2015', '50000.00', '0000-00-00 00:00:00', 'XXX', 'TUNDA', '', '2015-03-17 00:04:03', '2015-03-17 00:04:03'),
(1958, 2015020003, 24, '12-2015', '50000.00', '0000-00-00 00:00:00', 'XXX', 'TUNDA', '', '2015-03-17 00:04:03', '2015-03-17 00:04:03'),
(1959, 2015020003, 25, '12-2015', '50000.00', '0000-00-00 00:00:00', 'XXX', 'TUNDA', '', '2015-03-17 00:04:03', '2015-03-17 00:04:03'),
(1960, 2015020003, 26, '01-2015', '50000.00', '0000-00-00 00:00:00', 'XXX', 'TUNDA', '', '2015-03-17 00:04:03', '2015-03-17 00:04:03'),
(1961, 2015020003, 27, '02-2015', '50000.00', '2015-03-18 03:03:32', 'XXX', 'LUNAS', '', '2015-03-18 10:19:32', '2015-03-18 03:19:32'),
(1962, 2015020003, 28, '03-2015', '50000.00', '0000-00-00 00:00:00', 'XXX', 'TUNDA', '', '2015-03-17 00:04:04', '2015-03-17 00:04:04'),
(1963, 2015020003, 29, '04-2015', '50000.00', '0000-00-00 00:00:00', 'XXX', 'TUNDA', '', '2015-03-17 00:04:04', '2015-03-17 00:04:04'),
(1964, 2015020003, 30, '05-2015', '50000.00', '0000-00-00 00:00:00', 'XXX', 'TUNDA', '', '2015-03-17 00:04:04', '2015-03-17 00:04:04'),
(1965, 2015020003, 31, '06-2015', '50000.00', '0000-00-00 00:00:00', 'XXX', 'TUNDA', '', '2015-03-17 00:04:04', '2015-03-17 00:04:04'),
(1966, 2015020003, 32, '07-2015', '50000.00', '0000-00-00 00:00:00', 'XXX', 'TUNDA', '', '2015-03-17 00:04:04', '2015-03-17 00:04:04'),
(1967, 2015020003, 33, '08-2015', '50000.00', '0000-00-00 00:00:00', 'XXX', 'TUNDA', '', '2015-03-17 00:04:04', '2015-03-17 00:04:04'),
(1968, 2015020003, 34, '09-2015', '50000.00', '0000-00-00 00:00:00', 'XXX', 'TUNDA', '', '2015-03-17 00:04:04', '2015-03-17 00:04:04'),
(1969, 2015020003, 35, '10-2015', '50000.00', '0000-00-00 00:00:00', 'XXX', 'TUNDA', '', '2015-03-17 00:04:04', '2015-03-17 00:04:04'),
(1970, 2015020003, 36, '11-2015', '50000.00', '0000-00-00 00:00:00', 'XXX', 'TUNDA', '', '2015-03-17 00:04:04', '2015-03-17 00:04:04'),
(1971, 2015020003, 37, '12-2015', '50000.00', '0000-00-00 00:00:00', 'XXX', 'TUNDA', '', '2015-03-17 00:04:04', '2015-03-17 00:04:04'),
(1972, 2015020003, 38, '12-2015', '50000.00', '0000-00-00 00:00:00', 'XXX', 'TUNDA', '', '2015-03-17 00:04:04', '2015-03-17 00:04:04'),
(1973, 2015020003, 39, '01-2015', '50000.00', '0000-00-00 00:00:00', 'XXX', 'TUNDA', '', '2015-03-17 00:04:04', '2015-03-17 00:04:04'),
(1974, 2015020003, 40, '02-2015', '50000.00', '2015-03-23 20:03:25', 'XXX', 'LUNAS', '', '2015-03-24 03:16:25', '2015-03-23 20:16:25'),
(1975, 2015020003, 41, '03-2015', '50000.00', '0000-00-00 00:00:00', 'XXX', 'TUNDA', '', '2015-03-17 00:04:04', '2015-03-17 00:04:04'),
(1976, 2015020003, 42, '04-2015', '50000.00', '0000-00-00 00:00:00', 'XXX', 'TUNDA', '', '2015-03-17 00:04:04', '2015-03-17 00:04:04'),
(1977, 2015020003, 43, '05-2015', '50000.00', '0000-00-00 00:00:00', 'XXX', 'TUNDA', '', '2015-03-17 00:04:04', '2015-03-17 00:04:04'),
(1978, 2015020003, 44, '06-2015', '50000.00', '0000-00-00 00:00:00', 'XXX', 'TUNDA', '', '2015-03-17 00:04:04', '2015-03-17 00:04:04'),
(1979, 2015020003, 45, '07-2015', '50000.00', '0000-00-00 00:00:00', 'XXX', 'TUNDA', '', '2015-03-17 00:04:04', '2015-03-17 00:04:04'),
(1980, 2015020003, 46, '08-2015', '50000.00', '0000-00-00 00:00:00', 'XXX', 'TUNDA', '', '2015-03-17 00:04:04', '2015-03-17 00:04:04'),
(1981, 2015020003, 47, '09-2015', '50000.00', '0000-00-00 00:00:00', 'XXX', 'TUNDA', '', '2015-03-17 00:04:04', '2015-03-17 00:04:04'),
(1982, 2015020003, 48, '10-2015', '50000.00', '0000-00-00 00:00:00', 'XXX', 'TUNDA', '', '2015-03-17 00:04:04', '2015-03-17 00:04:04'),
(1983, 2015020003, 49, '11-2015', '50000.00', '0000-00-00 00:00:00', 'XXX', 'TUNDA', '', '2015-03-17 00:04:04', '2015-03-17 00:04:04'),
(1984, 2015020003, 50, '12-2015', '50000.00', '0000-00-00 00:00:00', 'XXX', 'TUNDA', '', '2015-03-17 00:04:04', '2015-03-17 00:04:04'),
(1985, 2015020003, 51, '12-2015', '50000.00', '0000-00-00 00:00:00', 'XXX', 'TUNDA', '', '2015-03-17 00:04:04', '2015-03-17 00:04:04'),
(1986, 2015020003, 52, '01-2015', '50000.00', '0000-00-00 00:00:00', 'XXX', 'TUNDA', '', '2015-03-17 00:04:04', '2015-03-17 00:04:04'),
(1987, 2015020003, 53, '02-2015', '50000.00', '0000-00-00 00:00:00', 'XXX', 'TUNDA', '', '2015-03-17 00:04:04', '2015-03-17 00:04:04'),
(1988, 2015020003, 54, '03-2015', '50000.00', '0000-00-00 00:00:00', 'XXX', 'TUNDA', '', '2015-03-17 00:04:04', '2015-03-17 00:04:04'),
(1989, 2015020003, 55, '04-2015', '50000.00', '0000-00-00 00:00:00', 'XXX', 'TUNDA', '', '2015-03-17 00:04:04', '2015-03-17 00:04:04'),
(1990, 2015020003, 56, '05-2015', '50000.00', '0000-00-00 00:00:00', 'XXX', 'TUNDA', '', '2015-03-17 00:04:04', '2015-03-17 00:04:04'),
(1991, 2015020003, 57, '06-2015', '50000.00', '0000-00-00 00:00:00', 'XXX', 'TUNDA', '', '2015-03-17 00:04:04', '2015-03-17 00:04:04'),
(1992, 2015020003, 58, '07-2015', '50000.00', '0000-00-00 00:00:00', 'XXX', 'TUNDA', '', '2015-03-17 00:04:05', '2015-03-17 00:04:05'),
(1993, 2015020003, 59, '08-2015', '50000.00', '0000-00-00 00:00:00', 'XXX', 'TUNDA', '', '2015-03-17 00:04:05', '2015-03-17 00:04:05'),
(1994, 2015020003, 60, '09-2015', '50000.00', '0000-00-00 00:00:00', 'XXX', 'TUNDA', '', '2015-03-17 00:04:05', '2015-03-17 00:04:05'),
(1995, 2015020003, 61, '10-2015', '50000.00', '0000-00-00 00:00:00', 'XXX', 'TUNDA', '', '2015-03-17 00:04:05', '2015-03-17 00:04:05'),
(1996, 2015020003, 62, '11-2015', '50000.00', '0000-00-00 00:00:00', 'XXX', 'TUNDA', '', '2015-03-17 00:04:05', '2015-03-17 00:04:05'),
(1997, 2015020003, 63, '12-2015', '50000.00', '0000-00-00 00:00:00', 'XXX', 'TUNDA', '', '2015-03-17 00:04:05', '2015-03-17 00:04:05'),
(1998, 2015020003, 64, '12-2015', '50000.00', '0000-00-00 00:00:00', 'XXX', 'TUNDA', '', '2015-03-17 00:04:05', '2015-03-17 00:04:05'),
(1999, 2015020003, 65, '01-2015', '50000.00', '0000-00-00 00:00:00', 'XXX', 'TUNDA', '', '2015-03-17 00:04:05', '2015-03-17 00:04:05'),
(2000, 2015020003, 66, '02-2015', '50000.00', '2015-03-18 03:03:23', 'XXX', 'LUNAS', '', '2015-03-18 10:19:23', '2015-03-18 03:19:23'),
(2001, 2015020003, 67, '03-2015', '50000.00', '0000-00-00 00:00:00', 'XXX', 'TUNDA', '', '2015-03-17 00:04:05', '2015-03-17 00:04:05'),
(2002, 2015020003, 68, '04-2015', '50000.00', '0000-00-00 00:00:00', 'XXX', 'TUNDA', '', '2015-03-17 00:04:05', '2015-03-17 00:04:05'),
(2003, 2015020003, 69, '05-2015', '50000.00', '0000-00-00 00:00:00', 'XXX', 'TUNDA', '', '2015-03-17 00:04:05', '2015-03-17 00:04:05'),
(2004, 2015020003, 70, '06-2015', '50000.00', '0000-00-00 00:00:00', 'XXX', 'TUNDA', '', '2015-03-17 00:04:05', '2015-03-17 00:04:05'),
(2005, 2015020003, 71, '07-2015', '50000.00', '0000-00-00 00:00:00', 'XXX', 'TUNDA', '', '2015-03-17 00:04:05', '2015-03-17 00:04:05'),
(2006, 2015020003, 72, '08-2015', '50000.00', '0000-00-00 00:00:00', 'XXX', 'TUNDA', '', '2015-03-17 00:04:05', '2015-03-17 00:04:05'),
(2007, 2015020003, 73, '09-2015', '50000.00', '0000-00-00 00:00:00', 'XXX', 'TUNDA', '', '2015-03-17 00:04:05', '2015-03-17 00:04:05'),
(2008, 2015020003, 74, '10-2015', '50000.00', '0000-00-00 00:00:00', 'XXX', 'TUNDA', '', '2015-03-17 00:04:05', '2015-03-17 00:04:05'),
(2009, 2015020003, 75, '11-2015', '50000.00', '0000-00-00 00:00:00', 'XXX', 'TUNDA', '', '2015-03-17 00:04:05', '2015-03-17 00:04:05'),
(2010, 2015020003, 76, '12-2015', '50000.00', '0000-00-00 00:00:00', 'XXX', 'TUNDA', '', '2015-03-17 00:04:05', '2015-03-17 00:04:05'),
(2011, 2015020003, 77, '12-2015', '50000.00', '0000-00-00 00:00:00', 'XXX', 'TUNDA', '', '2015-03-17 00:04:05', '2015-03-17 00:04:05'),
(2012, 2015020003, 78, '01-2015', '50000.00', '0000-00-00 00:00:00', 'XXX', 'TUNDA', '', '2015-03-17 00:04:05', '2015-03-17 00:04:05'),
(2013, 2015020003, 79, '02-2015', '50000.00', '2015-03-23 20:03:35', 'XXX', 'LUNAS', '', '2015-03-24 03:16:35', '2015-03-23 20:16:35'),
(2014, 2015020003, 80, '03-2015', '50000.00', '0000-00-00 00:00:00', 'XXX', 'TUNDA', '', '2015-03-17 00:04:05', '2015-03-17 00:04:05'),
(2015, 2015020003, 81, '04-2015', '50000.00', '0000-00-00 00:00:00', 'XXX', 'TUNDA', '', '2015-03-17 00:04:05', '2015-03-17 00:04:05'),
(2016, 2015020003, 82, '05-2015', '50000.00', '0000-00-00 00:00:00', 'XXX', 'TUNDA', '', '2015-03-17 00:04:05', '2015-03-17 00:04:05'),
(2017, 2015020003, 83, '06-2015', '50000.00', '0000-00-00 00:00:00', 'XXX', 'TUNDA', '', '2015-03-17 00:04:05', '2015-03-17 00:04:05'),
(2018, 2015020003, 84, '07-2015', '50000.00', '0000-00-00 00:00:00', 'XXX', 'TUNDA', '', '2015-03-17 00:04:05', '2015-03-17 00:04:05'),
(2019, 2015020003, 85, '08-2015', '50000.00', '0000-00-00 00:00:00', 'XXX', 'TUNDA', '', '2015-03-17 00:04:05', '2015-03-17 00:04:05'),
(2020, 2015020003, 86, '09-2015', '50000.00', '0000-00-00 00:00:00', 'XXX', 'TUNDA', '', '2015-03-17 00:04:05', '2015-03-17 00:04:05'),
(2021, 2015020003, 87, '10-2015', '50000.00', '0000-00-00 00:00:00', 'XXX', 'TUNDA', '', '2015-03-17 00:04:05', '2015-03-17 00:04:05'),
(2022, 2015020003, 88, '11-2015', '50000.00', '0000-00-00 00:00:00', 'XXX', 'TUNDA', '', '2015-03-17 00:04:05', '2015-03-17 00:04:05'),
(2023, 2015020003, 89, '12-2015', '50000.00', '0000-00-00 00:00:00', 'XXX', 'TUNDA', '', '2015-03-17 00:04:05', '2015-03-17 00:04:05'),
(2024, 2015020003, 90, '12-2015', '50000.00', '0000-00-00 00:00:00', 'XXX', 'TUNDA', '', '2015-03-17 00:04:05', '2015-03-17 00:04:05'),
(2025, 2015020003, 91, '01-2015', '50000.00', '0000-00-00 00:00:00', 'XXX', 'TUNDA', '', '2015-03-17 00:04:05', '2015-03-17 00:04:05'),
(2026, 2015020003, 92, '02-2015', '50000.00', '2015-03-17 04:03:40', 'XXX', 'LUNAS', '', '2015-03-17 11:22:40', '2015-03-17 04:22:40'),
(2027, 2015020003, 93, '03-2015', '50000.00', '0000-00-00 00:00:00', 'XXX', 'TUNDA', '', '2015-03-17 00:04:05', '2015-03-17 00:04:05'),
(2028, 2015020003, 94, '04-2015', '50000.00', '0000-00-00 00:00:00', 'XXX', 'TUNDA', '', '2015-03-17 00:04:05', '2015-03-17 00:04:05'),
(2029, 2015020003, 95, '05-2015', '50000.00', '0000-00-00 00:00:00', 'XXX', 'TUNDA', '', '2015-03-17 00:04:06', '2015-03-17 00:04:06'),
(2030, 2015020003, 96, '06-2015', '50000.00', '0000-00-00 00:00:00', 'XXX', 'TUNDA', '', '2015-03-17 00:04:06', '2015-03-17 00:04:06'),
(2031, 2015020003, 97, '07-2015', '50000.00', '0000-00-00 00:00:00', 'XXX', 'TUNDA', '', '2015-03-17 00:04:06', '2015-03-17 00:04:06'),
(2032, 2015020003, 98, '08-2015', '50000.00', '0000-00-00 00:00:00', 'XXX', 'TUNDA', '', '2015-03-17 00:04:06', '2015-03-17 00:04:06'),
(2033, 2015020003, 99, '09-2015', '50000.00', '0000-00-00 00:00:00', 'XXX', 'TUNDA', '', '2015-03-17 00:04:06', '2015-03-17 00:04:06'),
(2034, 2015020003, 100, '10-2015', '50000.00', '0000-00-00 00:00:00', 'XXX', 'TUNDA', '', '2015-03-17 00:04:06', '2015-03-17 00:04:06'),
(2035, 2015020003, 101, '11-2015', '50000.00', '0000-00-00 00:00:00', 'XXX', 'TUNDA', '', '2015-03-17 00:04:06', '2015-03-17 00:04:06'),
(2036, 2015020003, 102, '12-2015', '50000.00', '0000-00-00 00:00:00', 'XXX', 'TUNDA', '', '2015-03-17 00:04:06', '2015-03-17 00:04:06'),
(2037, 2015020003, 103, '12-2015', '50000.00', '0000-00-00 00:00:00', 'XXX', 'TUNDA', '', '2015-03-17 00:04:06', '2015-03-17 00:04:06'),
(2038, 2015020003, 104, '01-2015', '50000.00', '0000-00-00 00:00:00', 'XXX', 'TUNDA', '', '2015-03-17 00:04:06', '2015-03-17 00:04:06'),
(2039, 2015020003, 105, '02-2015', '50000.00', '2015-03-17 01:03:40', 'XXX', 'LUNAS', '', '2015-03-17 08:44:40', '2015-03-17 01:44:40'),
(2040, 2015020003, 106, '03-2015', '50000.00', '0000-00-00 00:00:00', 'XXX', 'TUNDA', '', '2015-03-17 00:04:06', '2015-03-17 00:04:06'),
(2041, 2015020003, 107, '04-2015', '50000.00', '0000-00-00 00:00:00', 'XXX', 'TUNDA', '', '2015-03-17 00:04:06', '2015-03-17 00:04:06'),
(2042, 2015020003, 108, '05-2015', '50000.00', '0000-00-00 00:00:00', 'XXX', 'TUNDA', '', '2015-03-17 00:04:06', '2015-03-17 00:04:06'),
(2043, 2015020003, 109, '06-2015', '50000.00', '0000-00-00 00:00:00', 'XXX', 'TUNDA', '', '2015-03-17 00:04:06', '2015-03-17 00:04:06'),
(2044, 2015020003, 110, '07-2015', '50000.00', '0000-00-00 00:00:00', 'XXX', 'TUNDA', '', '2015-03-17 00:04:06', '2015-03-17 00:04:06'),
(2045, 2015020003, 111, '08-2015', '50000.00', '0000-00-00 00:00:00', 'XXX', 'TUNDA', '', '2015-03-17 00:04:06', '2015-03-17 00:04:06'),
(2046, 2015020003, 112, '09-2015', '50000.00', '0000-00-00 00:00:00', 'XXX', 'TUNDA', '', '2015-03-17 00:04:06', '2015-03-17 00:04:06'),
(2047, 2015020003, 113, '10-2015', '50000.00', '0000-00-00 00:00:00', 'XXX', 'TUNDA', '', '2015-03-17 00:04:06', '2015-03-17 00:04:06'),
(2048, 2015020003, 114, '11-2015', '50000.00', '0000-00-00 00:00:00', 'XXX', 'TUNDA', '', '2015-03-17 00:04:06', '2015-03-17 00:04:06'),
(2049, 2015020003, 115, '12-2015', '50000.00', '0000-00-00 00:00:00', 'XXX', 'TUNDA', '', '2015-03-17 00:04:06', '2015-03-17 00:04:06'),
(2050, 2015020003, 116, '12-2015', '50000.00', '0000-00-00 00:00:00', 'XXX', 'TUNDA', '', '2015-03-17 00:04:06', '2015-03-17 00:04:06'),
(2051, 2015020003, 117, '01-2015', '50000.00', '0000-00-00 00:00:00', 'XXX', 'TUNDA', '', '2015-03-17 00:04:06', '2015-03-17 00:04:06'),
(2052, 2015020003, 118, '02-2015', '50000.00', '2015-03-17 04:03:02', 'XXX', 'LUNAS', '', '2015-03-17 11:17:02', '2015-03-17 04:17:02'),
(2053, 2015020003, 119, '03-2015', '50000.00', '0000-00-00 00:00:00', 'XXX', 'TUNDA', '', '2015-03-17 00:04:06', '2015-03-17 00:04:06'),
(2054, 2015020003, 120, '04-2015', '50000.00', '0000-00-00 00:00:00', 'XXX', 'TUNDA', '', '2015-03-17 00:04:06', '2015-03-17 00:04:06'),
(2055, 2015020003, 121, '05-2015', '50000.00', '0000-00-00 00:00:00', 'XXX', 'TUNDA', '', '2015-03-17 00:04:06', '2015-03-17 00:04:06'),
(2056, 2015020003, 122, '06-2015', '50000.00', '0000-00-00 00:00:00', 'XXX', 'TUNDA', '', '2015-03-17 00:04:06', '2015-03-17 00:04:06'),
(2057, 2015020003, 123, '07-2015', '50000.00', '0000-00-00 00:00:00', 'XXX', 'TUNDA', '', '2015-03-17 00:04:06', '2015-03-17 00:04:06'),
(2058, 2015020003, 124, '08-2015', '50000.00', '0000-00-00 00:00:00', 'XXX', 'TUNDA', '', '2015-03-17 00:04:06', '2015-03-17 00:04:06'),
(2059, 2015020003, 125, '09-2015', '50000.00', '0000-00-00 00:00:00', 'XXX', 'TUNDA', '', '2015-03-17 00:04:06', '2015-03-17 00:04:06'),
(2060, 2015020003, 126, '10-2015', '50000.00', '0000-00-00 00:00:00', 'XXX', 'TUNDA', '', '2015-03-17 00:04:06', '2015-03-17 00:04:06'),
(2061, 2015020003, 127, '11-2015', '50000.00', '0000-00-00 00:00:00', 'XXX', 'TUNDA', '', '2015-03-17 00:04:06', '2015-03-17 00:04:06'),
(2062, 2015020003, 128, '12-2015', '50000.00', '0000-00-00 00:00:00', 'XXX', 'TUNDA', '', '2015-03-17 00:04:06', '2015-03-17 00:04:06'),
(2063, 2015020003, 129, '12-2015', '50000.00', '0000-00-00 00:00:00', 'XXX', 'TUNDA', '', '2015-03-17 00:04:06', '2015-03-17 00:04:06'),
(2064, 2015020004, 1, '02-2015', '50000.00', '2015-03-17 02:03:52', 'XXX', 'LUNAS', '', '2015-03-17 09:30:52', '2015-03-17 02:30:52'),
(2065, 2015020004, 2, '03-2015', '50000.00', '0000-00-00 00:00:00', 'XXX', 'TUNDA', '', '2015-03-17 00:10:24', '2015-03-17 00:10:24'),
(2066, 2015020004, 3, '04-2015', '50000.00', '0000-00-00 00:00:00', 'XXX', 'TUNDA', '', '2015-03-17 00:10:24', '2015-03-17 00:10:24'),
(2067, 2015020004, 4, '05-2015', '50000.00', '0000-00-00 00:00:00', 'XXX', 'TUNDA', '', '2015-03-17 00:10:24', '2015-03-17 00:10:24'),
(2068, 2015020004, 5, '06-2015', '50000.00', '0000-00-00 00:00:00', 'XXX', 'TUNDA', '', '2015-03-17 00:10:24', '2015-03-17 00:10:24'),
(2069, 2015020004, 6, '07-2015', '50000.00', '0000-00-00 00:00:00', 'XXX', 'TUNDA', '', '2015-03-17 00:10:24', '2015-03-17 00:10:24'),
(2070, 2015020004, 7, '08-2015', '50000.00', '0000-00-00 00:00:00', 'XXX', 'TUNDA', '', '2015-03-17 00:10:24', '2015-03-17 00:10:24'),
(2071, 2015020004, 8, '09-2015', '50000.00', '0000-00-00 00:00:00', 'XXX', 'TUNDA', '', '2015-03-17 00:10:24', '2015-03-17 00:10:24'),
(2072, 2015020004, 9, '10-2015', '50000.00', '0000-00-00 00:00:00', 'XXX', 'TUNDA', '', '2015-03-17 00:10:24', '2015-03-17 00:10:24'),
(2073, 2015020004, 10, '11-2015', '50000.00', '0000-00-00 00:00:00', 'XXX', 'TUNDA', '', '2015-03-17 00:10:24', '2015-03-17 00:10:24'),
(2074, 2015020004, 11, '12-2015', '50000.00', '0000-00-00 00:00:00', 'XXX', 'TUNDA', '', '2015-03-17 00:10:24', '2015-03-17 00:10:24'),
(2075, 2015020004, 12, '01-2016', '50000.00', '0000-00-00 00:00:00', 'XXX', 'TUNDA', '', '2015-03-17 00:10:24', '2015-03-17 00:10:24'),
(2076, 2015020004, 13, '01-2016', '50000.00', '0000-00-00 00:00:00', 'XXX', 'TUNDA', '', '2015-03-17 00:10:24', '2015-03-17 00:10:24'),
(2077, 2015020004, 14, '02-2016', '50000.00', '0000-00-00 00:00:00', 'XXX', 'TUNDA', '', '2015-03-17 00:10:24', '2015-03-17 00:10:24'),
(2078, 2015020004, 15, '03-2016', '50000.00', '0000-00-00 00:00:00', 'XXX', 'TUNDA', '', '2015-03-17 00:10:24', '2015-03-17 00:10:24'),
(2079, 2015020004, 16, '04-2016', '50000.00', '0000-00-00 00:00:00', 'XXX', 'TUNDA', '', '2015-03-17 00:10:24', '2015-03-17 00:10:24'),
(2080, 2015020004, 17, '05-2016', '50000.00', '0000-00-00 00:00:00', 'XXX', 'TUNDA', '', '2015-03-17 00:10:24', '2015-03-17 00:10:24'),
(2081, 2015020004, 18, '06-2016', '50000.00', '0000-00-00 00:00:00', 'XXX', 'TUNDA', '', '2015-03-17 00:10:24', '2015-03-17 00:10:24'),
(2082, 2015020004, 19, '07-2016', '50000.00', '0000-00-00 00:00:00', 'XXX', 'TUNDA', '', '2015-03-17 00:10:24', '2015-03-17 00:10:24'),
(2083, 2015020004, 20, '08-2016', '50000.00', '0000-00-00 00:00:00', 'XXX', 'TUNDA', '', '2015-03-17 00:10:24', '2015-03-17 00:10:24'),
(2084, 2015020004, 21, '09-2016', '50000.00', '0000-00-00 00:00:00', 'XXX', 'TUNDA', '', '2015-03-17 00:10:24', '2015-03-17 00:10:24'),
(2085, 2015020004, 22, '10-2016', '50000.00', '0000-00-00 00:00:00', 'XXX', 'TUNDA', '', '2015-03-17 00:10:24', '2015-03-17 00:10:24'),
(2086, 2015020004, 23, '11-2016', '50000.00', '0000-00-00 00:00:00', 'XXX', 'TUNDA', '', '2015-03-17 00:10:25', '2015-03-17 00:10:25'),
(2087, 2015020004, 24, '12-2016', '50000.00', '0000-00-00 00:00:00', 'XXX', 'TUNDA', '', '2015-03-17 00:10:25', '2015-03-17 00:10:25'),
(2088, 2015020004, 25, '01-2017', '50000.00', '0000-00-00 00:00:00', 'XXX', 'TUNDA', '', '2015-03-17 00:10:25', '2015-03-17 00:10:25'),
(2089, 2015020004, 26, '01-2017', '50000.00', '0000-00-00 00:00:00', 'XXX', 'TUNDA', '', '2015-03-17 00:10:25', '2015-03-17 00:10:25'),
(2090, 2015020004, 27, '02-2017', '50000.00', '0000-00-00 00:00:00', 'XXX', 'TUNDA', '', '2015-03-17 00:10:25', '2015-03-17 00:10:25'),
(2091, 2015020004, 28, '03-2017', '50000.00', '0000-00-00 00:00:00', 'XXX', 'TUNDA', '', '2015-03-17 00:10:25', '2015-03-17 00:10:25'),
(2092, 2015020004, 29, '04-2017', '50000.00', '0000-00-00 00:00:00', 'XXX', 'TUNDA', '', '2015-03-17 00:10:25', '2015-03-17 00:10:25'),
(2093, 2015020004, 30, '05-2017', '50000.00', '0000-00-00 00:00:00', 'XXX', 'TUNDA', '', '2015-03-17 00:10:25', '2015-03-17 00:10:25'),
(2094, 2015020004, 31, '06-2017', '50000.00', '0000-00-00 00:00:00', 'XXX', 'TUNDA', '', '2015-03-17 00:10:25', '2015-03-17 00:10:25'),
(2095, 2015020004, 32, '07-2017', '50000.00', '0000-00-00 00:00:00', 'XXX', 'TUNDA', '', '2015-03-17 00:10:25', '2015-03-17 00:10:25'),
(2096, 2015020004, 33, '08-2017', '50000.00', '0000-00-00 00:00:00', 'XXX', 'TUNDA', '', '2015-03-17 00:10:25', '2015-03-17 00:10:25'),
(2097, 2015020004, 34, '09-2017', '50000.00', '0000-00-00 00:00:00', 'XXX', 'TUNDA', '', '2015-03-17 00:10:25', '2015-03-17 00:10:25'),
(2098, 2015020004, 35, '10-2017', '50000.00', '0000-00-00 00:00:00', 'XXX', 'TUNDA', '', '2015-03-17 00:10:25', '2015-03-17 00:10:25'),
(2099, 2015020004, 36, '11-2017', '50000.00', '0000-00-00 00:00:00', 'XXX', 'TUNDA', '', '2015-03-17 00:10:25', '2015-03-17 00:10:25'),
(2100, 2015020004, 37, '12-2017', '50000.00', '0000-00-00 00:00:00', 'XXX', 'TUNDA', '', '2015-03-17 00:10:25', '2015-03-17 00:10:25'),
(2101, 2015020004, 38, '01-2018', '50000.00', '0000-00-00 00:00:00', 'XXX', 'TUNDA', '', '2015-03-17 00:10:25', '2015-03-17 00:10:25'),
(2102, 2015020004, 39, '01-2018', '50000.00', '0000-00-00 00:00:00', 'XXX', 'TUNDA', '', '2015-03-17 00:10:25', '2015-03-17 00:10:25'),
(2103, 2015020004, 40, '02-2018', '50000.00', '0000-00-00 00:00:00', 'XXX', 'TUNDA', '', '2015-03-17 00:10:25', '2015-03-17 00:10:25'),
(2104, 2015020004, 41, '03-2018', '50000.00', '0000-00-00 00:00:00', 'XXX', 'TUNDA', '', '2015-03-17 00:10:25', '2015-03-17 00:10:25'),
(2105, 2015020004, 42, '04-2018', '50000.00', '0000-00-00 00:00:00', 'XXX', 'TUNDA', '', '2015-03-17 00:10:26', '2015-03-17 00:10:26'),
(2106, 2015020004, 43, '05-2018', '50000.00', '0000-00-00 00:00:00', 'XXX', 'TUNDA', '', '2015-03-17 00:10:26', '2015-03-17 00:10:26'),
(2107, 2015020004, 44, '06-2018', '50000.00', '0000-00-00 00:00:00', 'XXX', 'TUNDA', '', '2015-03-17 00:10:26', '2015-03-17 00:10:26'),
(2108, 2015020004, 45, '07-2018', '50000.00', '0000-00-00 00:00:00', 'XXX', 'TUNDA', '', '2015-03-17 00:10:26', '2015-03-17 00:10:26'),
(2109, 2015020004, 46, '08-2018', '50000.00', '0000-00-00 00:00:00', 'XXX', 'TUNDA', '', '2015-03-17 00:10:26', '2015-03-17 00:10:26'),
(2110, 2015020004, 47, '09-2018', '50000.00', '0000-00-00 00:00:00', 'XXX', 'TUNDA', '', '2015-03-17 00:10:26', '2015-03-17 00:10:26'),
(2111, 2015020004, 48, '10-2018', '50000.00', '0000-00-00 00:00:00', 'XXX', 'TUNDA', '', '2015-03-17 00:10:26', '2015-03-17 00:10:26');
INSERT INTO `iurans` (`id`, `id_peserta`, `cicilan_ke`, `bln_thn`, `iuran`, `tanggal_bayar`, `id_bank`, `status`, `keterangan`, `created_at`, `updated_at`) VALUES
(2112, 2015020004, 49, '11-2018', '50000.00', '0000-00-00 00:00:00', 'XXX', 'TUNDA', '', '2015-03-17 00:10:26', '2015-03-17 00:10:26'),
(2113, 2015020004, 50, '12-2018', '50000.00', '0000-00-00 00:00:00', 'XXX', 'TUNDA', '', '2015-03-17 00:10:26', '2015-03-17 00:10:26'),
(2114, 2015020004, 51, '01-2019', '50000.00', '0000-00-00 00:00:00', 'XXX', 'TUNDA', '', '2015-03-17 00:10:26', '2015-03-17 00:10:26'),
(2115, 2015020004, 52, '01-2019', '50000.00', '0000-00-00 00:00:00', 'XXX', 'TUNDA', '', '2015-03-17 00:10:26', '2015-03-17 00:10:26'),
(2116, 2015020004, 53, '02-2019', '50000.00', '0000-00-00 00:00:00', 'XXX', 'TUNDA', '', '2015-03-17 00:10:26', '2015-03-17 00:10:26'),
(2117, 2015020004, 54, '03-2019', '50000.00', '0000-00-00 00:00:00', 'XXX', 'TUNDA', '', '2015-03-17 00:10:26', '2015-03-17 00:10:26'),
(2118, 2015020004, 55, '04-2019', '50000.00', '0000-00-00 00:00:00', 'XXX', 'TUNDA', '', '2015-03-17 00:10:26', '2015-03-17 00:10:26'),
(2119, 2015020004, 56, '05-2019', '50000.00', '0000-00-00 00:00:00', 'XXX', 'TUNDA', '', '2015-03-17 00:10:26', '2015-03-17 00:10:26'),
(2120, 2015020004, 57, '06-2019', '50000.00', '0000-00-00 00:00:00', 'XXX', 'TUNDA', '', '2015-03-17 00:10:26', '2015-03-17 00:10:26'),
(2121, 2015020004, 58, '07-2019', '50000.00', '0000-00-00 00:00:00', 'XXX', 'TUNDA', '', '2015-03-17 00:10:26', '2015-03-17 00:10:26'),
(2122, 2015020004, 59, '08-2019', '50000.00', '0000-00-00 00:00:00', 'XXX', 'TUNDA', '', '2015-03-17 00:10:26', '2015-03-17 00:10:26'),
(2123, 2015020004, 60, '09-2019', '50000.00', '0000-00-00 00:00:00', 'XXX', 'TUNDA', '', '2015-03-17 00:10:26', '2015-03-17 00:10:26'),
(2124, 2015020004, 61, '10-2019', '50000.00', '0000-00-00 00:00:00', 'XXX', 'TUNDA', '', '2015-03-17 00:10:26', '2015-03-17 00:10:26'),
(2125, 2015020004, 62, '11-2019', '50000.00', '0000-00-00 00:00:00', 'XXX', 'TUNDA', '', '2015-03-17 00:10:26', '2015-03-17 00:10:26'),
(2126, 2015020004, 63, '12-2019', '50000.00', '0000-00-00 00:00:00', 'XXX', 'TUNDA', '', '2015-03-17 00:10:26', '2015-03-17 00:10:26'),
(2127, 2015020004, 64, '01-2020', '50000.00', '0000-00-00 00:00:00', 'XXX', 'TUNDA', '', '2015-03-17 00:10:26', '2015-03-17 00:10:26'),
(2128, 2015020004, 65, '01-2020', '50000.00', '0000-00-00 00:00:00', 'XXX', 'TUNDA', '', '2015-03-17 00:10:26', '2015-03-17 00:10:26'),
(2129, 2015020004, 66, '02-2020', '50000.00', '0000-00-00 00:00:00', 'XXX', 'TUNDA', '', '2015-03-17 00:10:26', '2015-03-17 00:10:26'),
(2130, 2015020004, 67, '03-2020', '50000.00', '0000-00-00 00:00:00', 'XXX', 'TUNDA', '', '2015-03-17 00:10:26', '2015-03-17 00:10:26'),
(2131, 2015020004, 68, '04-2020', '50000.00', '0000-00-00 00:00:00', 'XXX', 'TUNDA', '', '2015-03-17 00:10:26', '2015-03-17 00:10:26'),
(2132, 2015020004, 69, '05-2020', '50000.00', '0000-00-00 00:00:00', 'XXX', 'TUNDA', '', '2015-03-17 00:10:26', '2015-03-17 00:10:26'),
(2133, 2015020004, 70, '06-2020', '50000.00', '0000-00-00 00:00:00', 'XXX', 'TUNDA', '', '2015-03-17 00:10:26', '2015-03-17 00:10:26'),
(2134, 2015020004, 71, '07-2020', '50000.00', '0000-00-00 00:00:00', 'XXX', 'TUNDA', '', '2015-03-17 00:10:26', '2015-03-17 00:10:26'),
(2135, 2015020004, 72, '08-2020', '50000.00', '0000-00-00 00:00:00', 'XXX', 'TUNDA', '', '2015-03-17 00:10:26', '2015-03-17 00:10:26'),
(2136, 2015020004, 73, '09-2020', '50000.00', '0000-00-00 00:00:00', 'XXX', 'TUNDA', '', '2015-03-17 00:10:26', '2015-03-17 00:10:26'),
(2137, 2015020004, 74, '10-2020', '50000.00', '0000-00-00 00:00:00', 'XXX', 'TUNDA', '', '2015-03-17 00:10:26', '2015-03-17 00:10:26'),
(2138, 2015020004, 75, '11-2020', '50000.00', '0000-00-00 00:00:00', 'XXX', 'TUNDA', '', '2015-03-17 00:10:26', '2015-03-17 00:10:26'),
(2139, 2015020004, 76, '12-2020', '50000.00', '0000-00-00 00:00:00', 'XXX', 'TUNDA', '', '2015-03-17 00:10:26', '2015-03-17 00:10:26'),
(2140, 2015020004, 77, '01-2021', '50000.00', '0000-00-00 00:00:00', 'XXX', 'TUNDA', '', '2015-03-17 00:10:26', '2015-03-17 00:10:26'),
(2141, 2015020004, 78, '01-2021', '50000.00', '0000-00-00 00:00:00', 'XXX', 'TUNDA', '', '2015-03-17 00:10:26', '2015-03-17 00:10:26'),
(2142, 2015020004, 79, '02-2021', '50000.00', '0000-00-00 00:00:00', 'XXX', 'TUNDA', '', '2015-03-17 00:10:27', '2015-03-17 00:10:27'),
(2143, 2015020004, 80, '03-2021', '50000.00', '0000-00-00 00:00:00', 'XXX', 'TUNDA', '', '2015-03-17 00:10:27', '2015-03-17 00:10:27'),
(2144, 2015020004, 81, '04-2021', '50000.00', '0000-00-00 00:00:00', 'XXX', 'TUNDA', '', '2015-03-17 00:10:27', '2015-03-17 00:10:27'),
(2145, 2015020004, 82, '05-2021', '50000.00', '0000-00-00 00:00:00', 'XXX', 'TUNDA', '', '2015-03-17 00:10:27', '2015-03-17 00:10:27'),
(2146, 2015020004, 83, '06-2021', '50000.00', '0000-00-00 00:00:00', 'XXX', 'TUNDA', '', '2015-03-17 00:10:27', '2015-03-17 00:10:27'),
(2147, 2015020004, 84, '07-2021', '50000.00', '0000-00-00 00:00:00', 'XXX', 'TUNDA', '', '2015-03-17 00:10:27', '2015-03-17 00:10:27'),
(2148, 2015020004, 85, '08-2021', '50000.00', '0000-00-00 00:00:00', 'XXX', 'TUNDA', '', '2015-03-17 00:10:27', '2015-03-17 00:10:27'),
(2149, 2015020004, 86, '09-2021', '50000.00', '0000-00-00 00:00:00', 'XXX', 'TUNDA', '', '2015-03-17 00:10:27', '2015-03-17 00:10:27'),
(2150, 2015020004, 87, '10-2021', '50000.00', '0000-00-00 00:00:00', 'XXX', 'TUNDA', '', '2015-03-17 00:10:27', '2015-03-17 00:10:27'),
(2151, 2015020004, 88, '11-2021', '50000.00', '0000-00-00 00:00:00', 'XXX', 'TUNDA', '', '2015-03-17 00:10:27', '2015-03-17 00:10:27'),
(2152, 2015020004, 89, '12-2021', '50000.00', '0000-00-00 00:00:00', 'XXX', 'TUNDA', '', '2015-03-17 00:10:27', '2015-03-17 00:10:27'),
(2153, 2015020004, 90, '01-2022', '50000.00', '0000-00-00 00:00:00', 'XXX', 'TUNDA', '', '2015-03-17 00:10:27', '2015-03-17 00:10:27'),
(2154, 2015020004, 91, '01-2022', '50000.00', '0000-00-00 00:00:00', 'XXX', 'TUNDA', '', '2015-03-17 00:10:27', '2015-03-17 00:10:27'),
(2155, 2015020004, 92, '02-2022', '50000.00', '0000-00-00 00:00:00', 'XXX', 'TUNDA', '', '2015-03-17 00:10:27', '2015-03-17 00:10:27'),
(2156, 2015020004, 93, '03-2022', '50000.00', '0000-00-00 00:00:00', 'XXX', 'TUNDA', '', '2015-03-17 00:10:27', '2015-03-17 00:10:27'),
(2157, 2015020004, 94, '04-2022', '50000.00', '0000-00-00 00:00:00', 'XXX', 'TUNDA', '', '2015-03-17 00:10:27', '2015-03-17 00:10:27'),
(2158, 2015020004, 95, '05-2022', '50000.00', '0000-00-00 00:00:00', 'XXX', 'TUNDA', '', '2015-03-17 00:10:27', '2015-03-17 00:10:27'),
(2159, 2015020004, 96, '06-2022', '50000.00', '0000-00-00 00:00:00', 'XXX', 'TUNDA', '', '2015-03-17 00:10:27', '2015-03-17 00:10:27'),
(2160, 2015020004, 97, '07-2022', '50000.00', '0000-00-00 00:00:00', 'XXX', 'TUNDA', '', '2015-03-17 00:10:27', '2015-03-17 00:10:27'),
(2161, 2015020004, 98, '08-2022', '50000.00', '0000-00-00 00:00:00', 'XXX', 'TUNDA', '', '2015-03-17 00:10:27', '2015-03-17 00:10:27'),
(2162, 2015020004, 99, '09-2022', '50000.00', '0000-00-00 00:00:00', 'XXX', 'TUNDA', '', '2015-03-17 00:10:27', '2015-03-17 00:10:27'),
(2163, 2015020004, 100, '10-2022', '50000.00', '0000-00-00 00:00:00', 'XXX', 'TUNDA', '', '2015-03-17 00:10:27', '2015-03-17 00:10:27'),
(2164, 2015020004, 101, '11-2022', '50000.00', '0000-00-00 00:00:00', 'XXX', 'TUNDA', '', '2015-03-17 00:10:27', '2015-03-17 00:10:27'),
(2165, 2015020004, 102, '12-2022', '50000.00', '0000-00-00 00:00:00', 'XXX', 'TUNDA', '', '2015-03-17 00:10:27', '2015-03-17 00:10:27'),
(2166, 2015020004, 103, '01-2023', '50000.00', '0000-00-00 00:00:00', 'XXX', 'TUNDA', '', '2015-03-17 00:10:27', '2015-03-17 00:10:27'),
(2167, 2015020004, 104, '01-2023', '50000.00', '0000-00-00 00:00:00', 'XXX', 'TUNDA', '', '2015-03-17 00:10:27', '2015-03-17 00:10:27'),
(2168, 2015020004, 105, '02-2023', '50000.00', '0000-00-00 00:00:00', 'XXX', 'TUNDA', '', '2015-03-17 00:10:27', '2015-03-17 00:10:27'),
(2169, 2015020004, 106, '03-2023', '50000.00', '0000-00-00 00:00:00', 'XXX', 'TUNDA', '', '2015-03-17 00:10:27', '2015-03-17 00:10:27'),
(2170, 2015020004, 107, '04-2023', '50000.00', '0000-00-00 00:00:00', 'XXX', 'TUNDA', '', '2015-03-17 00:10:27', '2015-03-17 00:10:27'),
(2171, 2015020004, 108, '05-2023', '50000.00', '0000-00-00 00:00:00', 'XXX', 'TUNDA', '', '2015-03-17 00:10:27', '2015-03-17 00:10:27'),
(2172, 2015020004, 109, '06-2023', '50000.00', '0000-00-00 00:00:00', 'XXX', 'TUNDA', '', '2015-03-17 00:10:27', '2015-03-17 00:10:27'),
(2173, 2015020004, 110, '07-2023', '50000.00', '0000-00-00 00:00:00', 'XXX', 'TUNDA', '', '2015-03-17 00:10:27', '2015-03-17 00:10:27'),
(2174, 2015020004, 111, '08-2023', '50000.00', '0000-00-00 00:00:00', 'XXX', 'TUNDA', '', '2015-03-17 00:10:27', '2015-03-17 00:10:27'),
(2175, 2015020004, 112, '09-2023', '50000.00', '0000-00-00 00:00:00', 'XXX', 'TUNDA', '', '2015-03-17 00:10:27', '2015-03-17 00:10:27'),
(2176, 2015020004, 113, '10-2023', '50000.00', '0000-00-00 00:00:00', 'XXX', 'TUNDA', '', '2015-03-17 00:10:27', '2015-03-17 00:10:27'),
(2177, 2015020004, 114, '11-2023', '50000.00', '0000-00-00 00:00:00', 'XXX', 'TUNDA', '', '2015-03-17 00:10:27', '2015-03-17 00:10:27'),
(2178, 2015020004, 115, '12-2023', '50000.00', '0000-00-00 00:00:00', 'XXX', 'TUNDA', '', '2015-03-17 00:10:27', '2015-03-17 00:10:27'),
(2179, 2015020004, 116, '01-2024', '50000.00', '0000-00-00 00:00:00', 'XXX', 'TUNDA', '', '2015-03-17 00:10:27', '2015-03-17 00:10:27'),
(2180, 2015020004, 117, '01-2024', '50000.00', '0000-00-00 00:00:00', 'XXX', 'TUNDA', '', '2015-03-17 00:10:28', '2015-03-17 00:10:28'),
(2181, 2015020004, 118, '02-2024', '50000.00', '0000-00-00 00:00:00', 'XXX', 'TUNDA', '', '2015-03-17 00:10:28', '2015-03-17 00:10:28'),
(2182, 2015020004, 119, '03-2024', '50000.00', '0000-00-00 00:00:00', 'XXX', 'TUNDA', '', '2015-03-17 00:10:28', '2015-03-17 00:10:28'),
(2183, 2015020004, 120, '04-2024', '50000.00', '0000-00-00 00:00:00', 'XXX', 'TUNDA', '', '2015-03-17 00:10:28', '2015-03-17 00:10:28'),
(2184, 2015020004, 121, '05-2024', '50000.00', '0000-00-00 00:00:00', 'XXX', 'TUNDA', '', '2015-03-17 00:10:28', '2015-03-17 00:10:28'),
(2185, 2015020004, 122, '06-2024', '50000.00', '0000-00-00 00:00:00', 'XXX', 'TUNDA', '', '2015-03-17 00:10:28', '2015-03-17 00:10:28'),
(2186, 2015020004, 123, '07-2024', '50000.00', '0000-00-00 00:00:00', 'XXX', 'TUNDA', '', '2015-03-17 00:10:28', '2015-03-17 00:10:28'),
(2187, 2015020004, 124, '08-2024', '50000.00', '0000-00-00 00:00:00', 'XXX', 'TUNDA', '', '2015-03-17 00:10:28', '2015-03-17 00:10:28'),
(2188, 2015020004, 125, '09-2024', '50000.00', '0000-00-00 00:00:00', 'XXX', 'TUNDA', '', '2015-03-17 00:10:28', '2015-03-17 00:10:28'),
(2189, 2015020004, 126, '10-2024', '50000.00', '0000-00-00 00:00:00', 'XXX', 'TUNDA', '', '2015-03-17 00:10:28', '2015-03-17 00:10:28'),
(2190, 2015020004, 127, '11-2024', '50000.00', '0000-00-00 00:00:00', 'XXX', 'TUNDA', '', '2015-03-17 00:10:28', '2015-03-17 00:10:28'),
(2191, 2015020004, 128, '12-2024', '50000.00', '0000-00-00 00:00:00', 'XXX', 'TUNDA', '', '2015-03-17 00:10:28', '2015-03-17 00:10:28'),
(2192, 2015020004, 129, '01-2025', '50000.00', '0000-00-00 00:00:00', 'XXX', 'TUNDA', '', '2015-03-17 00:10:28', '2015-03-17 00:10:28'),
(2193, 2015020004, 130, '01-2025', '50000.00', '0000-00-00 00:00:00', 'XXX', 'TUNDA', '', '2015-03-17 00:10:28', '2015-03-17 00:10:28'),
(2194, 2015020004, 131, '02-2025', '50000.00', '0000-00-00 00:00:00', 'XXX', 'TUNDA', '', '2015-03-17 00:10:28', '2015-03-17 00:10:28'),
(2195, 2015020004, 132, '03-2025', '50000.00', '0000-00-00 00:00:00', 'XXX', 'TUNDA', '', '2015-03-17 00:10:28', '2015-03-17 00:10:28'),
(2196, 2015020004, 133, '04-2025', '50000.00', '0000-00-00 00:00:00', 'XXX', 'TUNDA', '', '2015-03-17 00:10:28', '2015-03-17 00:10:28'),
(2197, 2015020004, 134, '05-2025', '50000.00', '0000-00-00 00:00:00', 'XXX', 'TUNDA', '', '2015-03-17 00:10:28', '2015-03-17 00:10:28'),
(2198, 2015020004, 135, '06-2025', '50000.00', '0000-00-00 00:00:00', 'XXX', 'TUNDA', '', '2015-03-17 00:10:28', '2015-03-17 00:10:28'),
(2199, 2015020004, 136, '07-2025', '50000.00', '0000-00-00 00:00:00', 'XXX', 'TUNDA', '', '2015-03-17 00:10:28', '2015-03-17 00:10:28'),
(2200, 2015020004, 137, '08-2025', '50000.00', '0000-00-00 00:00:00', 'XXX', 'TUNDA', '', '2015-03-17 00:10:28', '2015-03-17 00:10:28'),
(2201, 2015020004, 138, '09-2025', '50000.00', '0000-00-00 00:00:00', 'XXX', 'TUNDA', '', '2015-03-17 00:10:28', '2015-03-17 00:10:28'),
(2202, 2015020004, 139, '10-2025', '50000.00', '0000-00-00 00:00:00', 'XXX', 'TUNDA', '', '2015-03-17 00:10:28', '2015-03-17 00:10:28'),
(2203, 2015020004, 140, '11-2025', '50000.00', '0000-00-00 00:00:00', 'XXX', 'TUNDA', '', '2015-03-17 00:10:28', '2015-03-17 00:10:28'),
(2204, 2015020004, 141, '12-2025', '50000.00', '0000-00-00 00:00:00', 'XXX', 'TUNDA', '', '2015-03-17 00:10:28', '2015-03-17 00:10:28'),
(2205, 2015020004, 142, '01-2026', '50000.00', '0000-00-00 00:00:00', 'XXX', 'TUNDA', '', '2015-03-17 00:10:28', '2015-03-17 00:10:28'),
(2206, 2015020004, 143, '01-2026', '50000.00', '0000-00-00 00:00:00', 'XXX', 'TUNDA', '', '2015-03-17 00:10:28', '2015-03-17 00:10:28'),
(2207, 2015020004, 144, '02-2026', '50000.00', '0000-00-00 00:00:00', 'XXX', 'TUNDA', '', '2015-03-17 00:10:28', '2015-03-17 00:10:28'),
(2208, 2015020004, 145, '03-2026', '50000.00', '0000-00-00 00:00:00', 'XXX', 'TUNDA', '', '2015-03-17 00:10:28', '2015-03-17 00:10:28'),
(2209, 2015020004, 146, '04-2026', '50000.00', '0000-00-00 00:00:00', 'XXX', 'TUNDA', '', '2015-03-17 00:10:28', '2015-03-17 00:10:28'),
(2210, 2015020004, 147, '05-2026', '50000.00', '0000-00-00 00:00:00', 'XXX', 'TUNDA', '', '2015-03-17 00:10:28', '2015-03-17 00:10:28'),
(2211, 2015020004, 148, '06-2026', '50000.00', '0000-00-00 00:00:00', 'XXX', 'TUNDA', '', '2015-03-17 00:10:28', '2015-03-17 00:10:28'),
(2212, 2015020004, 149, '07-2026', '50000.00', '0000-00-00 00:00:00', 'XXX', 'TUNDA', '', '2015-03-17 00:10:28', '2015-03-17 00:10:28'),
(2213, 2015020004, 150, '08-2026', '50000.00', '0000-00-00 00:00:00', 'XXX', 'TUNDA', '', '2015-03-17 00:10:28', '2015-03-17 00:10:28'),
(2214, 2015020004, 151, '09-2026', '50000.00', '0000-00-00 00:00:00', 'XXX', 'TUNDA', '', '2015-03-17 00:10:28', '2015-03-17 00:10:28'),
(2215, 2015020004, 152, '10-2026', '50000.00', '0000-00-00 00:00:00', 'XXX', 'TUNDA', '', '2015-03-17 00:10:28', '2015-03-17 00:10:28'),
(2216, 2015020004, 153, '11-2026', '50000.00', '0000-00-00 00:00:00', 'XXX', 'TUNDA', '', '2015-03-17 00:10:29', '2015-03-17 00:10:29'),
(2217, 2015020004, 154, '12-2026', '50000.00', '0000-00-00 00:00:00', 'XXX', 'TUNDA', '', '2015-03-17 00:10:29', '2015-03-17 00:10:29'),
(2218, 2015020004, 155, '01-2027', '50000.00', '0000-00-00 00:00:00', 'XXX', 'TUNDA', '', '2015-03-17 00:10:29', '2015-03-17 00:10:29'),
(2219, 2015020004, 156, '01-2027', '50000.00', '0000-00-00 00:00:00', 'XXX', 'TUNDA', '', '2015-03-17 00:10:29', '2015-03-17 00:10:29'),
(2220, 2015020004, 157, '02-2027', '50000.00', '0000-00-00 00:00:00', 'XXX', 'TUNDA', '', '2015-03-17 00:10:29', '2015-03-17 00:10:29'),
(2221, 2015020004, 158, '03-2027', '50000.00', '0000-00-00 00:00:00', 'XXX', 'TUNDA', '', '2015-03-17 00:10:29', '2015-03-17 00:10:29'),
(2222, 2015020004, 159, '04-2027', '50000.00', '0000-00-00 00:00:00', 'XXX', 'TUNDA', '', '2015-03-17 00:10:29', '2015-03-17 00:10:29'),
(2223, 2015020004, 160, '05-2027', '50000.00', '0000-00-00 00:00:00', 'XXX', 'TUNDA', '', '2015-03-17 00:10:29', '2015-03-17 00:10:29'),
(2224, 2015020004, 161, '06-2027', '50000.00', '0000-00-00 00:00:00', 'XXX', 'TUNDA', '', '2015-03-17 00:10:29', '2015-03-17 00:10:29'),
(2225, 2015020004, 162, '07-2027', '50000.00', '0000-00-00 00:00:00', 'XXX', 'TUNDA', '', '2015-03-17 00:10:29', '2015-03-17 00:10:29'),
(2226, 2015020004, 163, '08-2027', '50000.00', '0000-00-00 00:00:00', 'XXX', 'TUNDA', '', '2015-03-17 00:10:29', '2015-03-17 00:10:29'),
(2227, 2015020004, 164, '09-2027', '50000.00', '0000-00-00 00:00:00', 'XXX', 'TUNDA', '', '2015-03-17 00:10:29', '2015-03-17 00:10:29'),
(2228, 2015020004, 165, '10-2027', '50000.00', '0000-00-00 00:00:00', 'XXX', 'TUNDA', '', '2015-03-17 00:10:29', '2015-03-17 00:10:29'),
(2229, 2015020004, 166, '11-2027', '50000.00', '0000-00-00 00:00:00', 'XXX', 'TUNDA', '', '2015-03-17 00:10:29', '2015-03-17 00:10:29'),
(2230, 2015020004, 167, '12-2027', '50000.00', '0000-00-00 00:00:00', 'XXX', 'TUNDA', '', '2015-03-17 00:10:29', '2015-03-17 00:10:29'),
(2231, 2015020004, 168, '01-2028', '50000.00', '0000-00-00 00:00:00', 'XXX', 'TUNDA', '', '2015-03-17 00:10:29', '2015-03-17 00:10:29'),
(2232, 2015020004, 169, '01-2028', '50000.00', '0000-00-00 00:00:00', 'XXX', 'TUNDA', '', '2015-03-17 00:10:29', '2015-03-17 00:10:29'),
(2233, 2015020004, 170, '02-2028', '50000.00', '0000-00-00 00:00:00', 'XXX', 'TUNDA', '', '2015-03-17 00:10:29', '2015-03-17 00:10:29'),
(2234, 2015020004, 171, '03-2028', '50000.00', '0000-00-00 00:00:00', 'XXX', 'TUNDA', '', '2015-03-17 00:10:29', '2015-03-17 00:10:29'),
(2235, 2015020004, 172, '04-2028', '50000.00', '0000-00-00 00:00:00', 'XXX', 'TUNDA', '', '2015-03-17 00:10:29', '2015-03-17 00:10:29'),
(2236, 2015020004, 173, '05-2028', '50000.00', '0000-00-00 00:00:00', 'XXX', 'TUNDA', '', '2015-03-17 00:10:29', '2015-03-17 00:10:29'),
(2237, 2015020004, 174, '06-2028', '50000.00', '0000-00-00 00:00:00', 'XXX', 'TUNDA', '', '2015-03-17 00:10:29', '2015-03-17 00:10:29'),
(2238, 2015020004, 175, '07-2028', '50000.00', '0000-00-00 00:00:00', 'XXX', 'TUNDA', '', '2015-03-17 00:10:29', '2015-03-17 00:10:29'),
(2239, 2015020004, 176, '08-2028', '50000.00', '0000-00-00 00:00:00', 'XXX', 'TUNDA', '', '2015-03-17 00:10:29', '2015-03-17 00:10:29'),
(2240, 2015020004, 177, '09-2028', '50000.00', '0000-00-00 00:00:00', 'XXX', 'TUNDA', '', '2015-03-17 00:10:29', '2015-03-17 00:10:29'),
(2241, 2015020004, 178, '10-2028', '50000.00', '0000-00-00 00:00:00', 'XXX', 'TUNDA', '', '2015-03-17 00:10:29', '2015-03-17 00:10:29'),
(2242, 2015020004, 179, '11-2028', '50000.00', '0000-00-00 00:00:00', 'XXX', 'TUNDA', '', '2015-03-17 00:10:29', '2015-03-17 00:10:29'),
(2243, 2015020004, 180, '12-2028', '50000.00', '0000-00-00 00:00:00', 'XXX', 'TUNDA', '', '2015-03-17 00:10:29', '2015-03-17 00:10:29'),
(2244, 2015020004, 181, '01-2029', '50000.00', '0000-00-00 00:00:00', 'XXX', 'TUNDA', '', '2015-03-17 00:10:29', '2015-03-17 00:10:29'),
(2245, 2015020004, 182, '01-2029', '50000.00', '0000-00-00 00:00:00', 'XXX', 'TUNDA', '', '2015-03-17 00:10:29', '2015-03-17 00:10:29'),
(2246, 2015020004, 183, '02-2029', '50000.00', '0000-00-00 00:00:00', 'XXX', 'TUNDA', '', '2015-03-17 00:10:29', '2015-03-17 00:10:29'),
(2247, 2015020004, 184, '03-2029', '50000.00', '0000-00-00 00:00:00', 'XXX', 'TUNDA', '', '2015-03-17 00:10:29', '2015-03-17 00:10:29'),
(2248, 2015020004, 185, '04-2029', '50000.00', '0000-00-00 00:00:00', 'XXX', 'TUNDA', '', '2015-03-17 00:10:29', '2015-03-17 00:10:29'),
(2249, 2015020004, 186, '05-2029', '50000.00', '0000-00-00 00:00:00', 'XXX', 'TUNDA', '', '2015-03-17 00:10:29', '2015-03-17 00:10:29'),
(2250, 2015020004, 187, '06-2029', '50000.00', '0000-00-00 00:00:00', 'XXX', 'TUNDA', '', '2015-03-17 00:10:29', '2015-03-17 00:10:29'),
(2251, 2015020004, 188, '07-2029', '50000.00', '0000-00-00 00:00:00', 'XXX', 'TUNDA', '', '2015-03-17 00:10:29', '2015-03-17 00:10:29'),
(2252, 2015020004, 189, '08-2029', '50000.00', '0000-00-00 00:00:00', 'XXX', 'TUNDA', '', '2015-03-17 00:10:29', '2015-03-17 00:10:29'),
(2253, 2015020004, 190, '09-2029', '50000.00', '0000-00-00 00:00:00', 'XXX', 'TUNDA', '', '2015-03-17 00:10:29', '2015-03-17 00:10:29'),
(2254, 2015020004, 191, '10-2029', '50000.00', '0000-00-00 00:00:00', 'XXX', 'TUNDA', '', '2015-03-17 00:10:29', '2015-03-17 00:10:29'),
(2255, 2015020004, 192, '11-2029', '50000.00', '0000-00-00 00:00:00', 'XXX', 'TUNDA', '', '2015-03-17 00:10:30', '2015-03-17 00:10:30'),
(2256, 2015020004, 193, '12-2029', '50000.00', '0000-00-00 00:00:00', 'XXX', 'TUNDA', '', '2015-03-17 00:10:30', '2015-03-17 00:10:30'),
(2257, 2015020004, 194, '01-2030', '50000.00', '0000-00-00 00:00:00', 'XXX', 'TUNDA', '', '2015-03-17 00:10:30', '2015-03-17 00:10:30'),
(2258, 2015020004, 195, '01-2030', '50000.00', '0000-00-00 00:00:00', 'XXX', 'TUNDA', '', '2015-03-17 00:10:30', '2015-03-17 00:10:30'),
(2259, 2015020004, 196, '02-2030', '50000.00', '0000-00-00 00:00:00', 'XXX', 'TUNDA', '', '2015-03-17 00:10:30', '2015-03-17 00:10:30'),
(2260, 2015020004, 197, '03-2030', '50000.00', '0000-00-00 00:00:00', 'XXX', 'TUNDA', '', '2015-03-17 00:10:30', '2015-03-17 00:10:30'),
(2261, 2015020004, 198, '04-2030', '50000.00', '0000-00-00 00:00:00', 'XXX', 'TUNDA', '', '2015-03-17 00:10:30', '2015-03-17 00:10:30'),
(2262, 2015020004, 199, '05-2030', '50000.00', '0000-00-00 00:00:00', 'XXX', 'TUNDA', '', '2015-03-17 00:10:30', '2015-03-17 00:10:30'),
(2263, 2015020004, 200, '06-2030', '50000.00', '0000-00-00 00:00:00', 'XXX', 'TUNDA', '', '2015-03-17 00:10:30', '2015-03-17 00:10:30'),
(2264, 2015020004, 201, '07-2030', '50000.00', '0000-00-00 00:00:00', 'XXX', 'TUNDA', '', '2015-03-17 00:10:30', '2015-03-17 00:10:30'),
(2265, 2015020004, 202, '08-2030', '50000.00', '0000-00-00 00:00:00', 'XXX', 'TUNDA', '', '2015-03-17 00:10:30', '2015-03-17 00:10:30'),
(2266, 2015020004, 203, '09-2030', '50000.00', '0000-00-00 00:00:00', 'XXX', 'TUNDA', '', '2015-03-17 00:10:30', '2015-03-17 00:10:30'),
(2267, 2015020004, 204, '10-2030', '50000.00', '0000-00-00 00:00:00', 'XXX', 'TUNDA', '', '2015-03-17 00:10:30', '2015-03-17 00:10:30'),
(2268, 2015020004, 205, '11-2030', '50000.00', '0000-00-00 00:00:00', 'XXX', 'TUNDA', '', '2015-03-17 00:10:30', '2015-03-17 00:10:30'),
(2269, 2015020004, 206, '12-2030', '50000.00', '0000-00-00 00:00:00', 'XXX', 'TUNDA', '', '2015-03-17 00:10:30', '2015-03-17 00:10:30'),
(2270, 2015020004, 207, '01-2031', '50000.00', '0000-00-00 00:00:00', 'XXX', 'TUNDA', '', '2015-03-17 00:10:30', '2015-03-17 00:10:30'),
(2271, 2015020004, 208, '01-2031', '50000.00', '0000-00-00 00:00:00', 'XXX', 'TUNDA', '', '2015-03-17 00:10:30', '2015-03-17 00:10:30'),
(2272, 2015020004, 209, '02-2031', '50000.00', '0000-00-00 00:00:00', 'XXX', 'TUNDA', '', '2015-03-17 00:10:30', '2015-03-17 00:10:30'),
(2273, 2015020004, 210, '03-2031', '50000.00', '0000-00-00 00:00:00', 'XXX', 'TUNDA', '', '2015-03-17 00:10:30', '2015-03-17 00:10:30'),
(2274, 2015020004, 211, '04-2031', '50000.00', '0000-00-00 00:00:00', 'XXX', 'TUNDA', '', '2015-03-17 00:10:30', '2015-03-17 00:10:30'),
(2275, 2015020004, 212, '05-2031', '50000.00', '0000-00-00 00:00:00', 'XXX', 'TUNDA', '', '2015-03-17 00:10:30', '2015-03-17 00:10:30'),
(2276, 2015020004, 213, '06-2031', '50000.00', '0000-00-00 00:00:00', 'XXX', 'TUNDA', '', '2015-03-17 00:10:30', '2015-03-17 00:10:30'),
(2277, 2015020004, 214, '07-2031', '50000.00', '0000-00-00 00:00:00', 'XXX', 'TUNDA', '', '2015-03-17 00:10:30', '2015-03-17 00:10:30'),
(2278, 2015020004, 215, '08-2031', '50000.00', '0000-00-00 00:00:00', 'XXX', 'TUNDA', '', '2015-03-17 00:10:30', '2015-03-17 00:10:30'),
(2279, 2015020004, 216, '09-2031', '50000.00', '0000-00-00 00:00:00', 'XXX', 'TUNDA', '', '2015-03-17 00:10:30', '2015-03-17 00:10:30'),
(2280, 2015020004, 217, '10-2031', '50000.00', '0000-00-00 00:00:00', 'XXX', 'TUNDA', '', '2015-03-17 00:10:30', '2015-03-17 00:10:30'),
(2281, 2015020004, 218, '11-2031', '50000.00', '0000-00-00 00:00:00', 'XXX', 'TUNDA', '', '2015-03-17 00:10:30', '2015-03-17 00:10:30'),
(2282, 2015020004, 219, '12-2031', '50000.00', '0000-00-00 00:00:00', 'XXX', 'TUNDA', '', '2015-03-17 00:10:30', '2015-03-17 00:10:30'),
(2283, 2015020004, 220, '01-2032', '50000.00', '0000-00-00 00:00:00', 'XXX', 'TUNDA', '', '2015-03-17 00:10:30', '2015-03-17 00:10:30'),
(2284, 2015020004, 221, '01-2032', '50000.00', '0000-00-00 00:00:00', 'XXX', 'TUNDA', '', '2015-03-17 00:10:30', '2015-03-17 00:10:30'),
(2285, 2015020004, 222, '02-2032', '50000.00', '0000-00-00 00:00:00', 'XXX', 'TUNDA', '', '2015-03-17 00:10:30', '2015-03-17 00:10:30'),
(2286, 2015020004, 223, '03-2032', '50000.00', '0000-00-00 00:00:00', 'XXX', 'TUNDA', '', '2015-03-17 00:10:30', '2015-03-17 00:10:30'),
(2287, 2015020004, 224, '04-2032', '50000.00', '0000-00-00 00:00:00', 'XXX', 'TUNDA', '', '2015-03-17 00:10:30', '2015-03-17 00:10:30'),
(2288, 2015020004, 225, '05-2032', '50000.00', '0000-00-00 00:00:00', 'XXX', 'TUNDA', '', '2015-03-17 00:10:30', '2015-03-17 00:10:30'),
(2289, 2015020004, 226, '06-2032', '50000.00', '0000-00-00 00:00:00', 'XXX', 'TUNDA', '', '2015-03-17 00:10:30', '2015-03-17 00:10:30'),
(2290, 2015020004, 227, '07-2032', '50000.00', '0000-00-00 00:00:00', 'XXX', 'TUNDA', '', '2015-03-17 00:10:30', '2015-03-17 00:10:30'),
(2291, 2015020004, 228, '08-2032', '50000.00', '0000-00-00 00:00:00', 'XXX', 'TUNDA', '', '2015-03-17 00:10:30', '2015-03-17 00:10:30'),
(2292, 2015020004, 229, '09-2032', '50000.00', '0000-00-00 00:00:00', 'XXX', 'TUNDA', '', '2015-03-17 00:10:30', '2015-03-17 00:10:30'),
(2293, 2015020004, 230, '10-2032', '50000.00', '0000-00-00 00:00:00', 'XXX', 'TUNDA', '', '2015-03-17 00:10:31', '2015-03-17 00:10:31'),
(2294, 2015020004, 231, '11-2032', '50000.00', '0000-00-00 00:00:00', 'XXX', 'TUNDA', '', '2015-03-17 00:10:31', '2015-03-17 00:10:31'),
(2295, 2015020004, 232, '12-2032', '50000.00', '0000-00-00 00:00:00', 'XXX', 'TUNDA', '', '2015-03-17 00:10:31', '2015-03-17 00:10:31'),
(2296, 2015020004, 233, '01-2033', '50000.00', '0000-00-00 00:00:00', 'XXX', 'TUNDA', '', '2015-03-17 00:10:31', '2015-03-17 00:10:31'),
(2297, 2015020004, 234, '01-2033', '50000.00', '0000-00-00 00:00:00', 'XXX', 'TUNDA', '', '2015-03-17 00:10:31', '2015-03-17 00:10:31'),
(2298, 2015020004, 235, '02-2033', '50000.00', '0000-00-00 00:00:00', 'XXX', 'TUNDA', '', '2015-03-17 00:10:31', '2015-03-17 00:10:31'),
(2299, 2015020004, 236, '03-2033', '50000.00', '0000-00-00 00:00:00', 'XXX', 'TUNDA', '', '2015-03-17 00:10:31', '2015-03-17 00:10:31'),
(2300, 2015020004, 237, '04-2033', '50000.00', '0000-00-00 00:00:00', 'XXX', 'TUNDA', '', '2015-03-17 00:10:31', '2015-03-17 00:10:31'),
(2301, 2015020004, 238, '05-2033', '50000.00', '0000-00-00 00:00:00', 'XXX', 'TUNDA', '', '2015-03-17 00:10:31', '2015-03-17 00:10:31'),
(2302, 2015020004, 239, '06-2033', '50000.00', '0000-00-00 00:00:00', 'XXX', 'TUNDA', '', '2015-03-17 00:10:31', '2015-03-17 00:10:31'),
(2303, 2015020004, 240, '07-2033', '50000.00', '0000-00-00 00:00:00', 'XXX', 'TUNDA', '', '2015-03-17 00:10:31', '2015-03-17 00:10:31'),
(2304, 2015020004, 241, '08-2033', '50000.00', '0000-00-00 00:00:00', 'XXX', 'TUNDA', '', '2015-03-17 00:10:31', '2015-03-17 00:10:31'),
(2305, 2015020004, 242, '09-2033', '50000.00', '0000-00-00 00:00:00', 'XXX', 'TUNDA', '', '2015-03-17 00:10:31', '2015-03-17 00:10:31'),
(2306, 2015020004, 243, '10-2033', '50000.00', '0000-00-00 00:00:00', 'XXX', 'TUNDA', '', '2015-03-17 00:10:31', '2015-03-17 00:10:31'),
(2307, 2015020004, 244, '11-2033', '50000.00', '0000-00-00 00:00:00', 'XXX', 'TUNDA', '', '2015-03-17 00:10:31', '2015-03-17 00:10:31'),
(2308, 2015020004, 245, '12-2033', '50000.00', '0000-00-00 00:00:00', 'XXX', 'TUNDA', '', '2015-03-17 00:10:31', '2015-03-17 00:10:31'),
(2309, 2015020004, 246, '01-2034', '50000.00', '0000-00-00 00:00:00', 'XXX', 'TUNDA', '', '2015-03-17 00:10:31', '2015-03-17 00:10:31'),
(2310, 2015020004, 247, '01-2034', '50000.00', '0000-00-00 00:00:00', 'XXX', 'TUNDA', '', '2015-03-17 00:10:31', '2015-03-17 00:10:31'),
(2311, 2015020004, 248, '02-2034', '50000.00', '0000-00-00 00:00:00', 'XXX', 'TUNDA', '', '2015-03-17 00:10:31', '2015-03-17 00:10:31'),
(2312, 2015020004, 249, '03-2034', '50000.00', '0000-00-00 00:00:00', 'XXX', 'TUNDA', '', '2015-03-17 00:10:31', '2015-03-17 00:10:31'),
(2313, 2015020004, 250, '04-2034', '50000.00', '0000-00-00 00:00:00', 'XXX', 'TUNDA', '', '2015-03-17 00:10:31', '2015-03-17 00:10:31'),
(2314, 2015020004, 251, '05-2034', '50000.00', '0000-00-00 00:00:00', 'XXX', 'TUNDA', '', '2015-03-17 00:10:31', '2015-03-17 00:10:31'),
(2315, 2015020004, 252, '06-2034', '50000.00', '0000-00-00 00:00:00', 'XXX', 'TUNDA', '', '2015-03-17 00:10:31', '2015-03-17 00:10:31'),
(2316, 2015020004, 253, '07-2034', '50000.00', '0000-00-00 00:00:00', 'XXX', 'TUNDA', '', '2015-03-17 00:10:31', '2015-03-17 00:10:31'),
(2317, 2015020004, 254, '08-2034', '50000.00', '0000-00-00 00:00:00', 'XXX', 'TUNDA', '', '2015-03-17 00:10:31', '2015-03-17 00:10:31'),
(2318, 2015020005, 1, '02-2015', '50000.00', '2015-03-17 02:03:44', 'XXX', 'LUNAS', '', '2015-03-17 09:30:44', '2015-03-17 02:30:44'),
(2319, 2015020005, 2, '03-2015', '50000.00', '0000-00-00 00:00:00', 'XXX', 'TUNDA', '', '2015-03-17 00:17:09', '2015-03-17 00:17:09'),
(2320, 2015020005, 3, '04-2015', '50000.00', '0000-00-00 00:00:00', 'XXX', 'TUNDA', '', '2015-03-17 00:17:09', '2015-03-17 00:17:09'),
(2321, 2015020005, 4, '05-2015', '50000.00', '0000-00-00 00:00:00', 'XXX', 'TUNDA', '', '2015-03-17 00:17:09', '2015-03-17 00:17:09'),
(2322, 2015020005, 5, '06-2015', '50000.00', '0000-00-00 00:00:00', 'XXX', 'TUNDA', '', '2015-03-17 00:17:09', '2015-03-17 00:17:09'),
(2323, 2015020005, 6, '07-2015', '50000.00', '0000-00-00 00:00:00', 'XXX', 'TUNDA', '', '2015-03-17 00:17:09', '2015-03-17 00:17:09'),
(2324, 2015020005, 7, '08-2015', '50000.00', '0000-00-00 00:00:00', 'XXX', 'TUNDA', '', '2015-03-17 00:17:09', '2015-03-17 00:17:09'),
(2325, 2015020005, 8, '09-2015', '50000.00', '0000-00-00 00:00:00', 'XXX', 'TUNDA', '', '2015-03-17 00:17:09', '2015-03-17 00:17:09'),
(2326, 2015020005, 9, '10-2015', '50000.00', '0000-00-00 00:00:00', 'XXX', 'TUNDA', '', '2015-03-17 00:17:09', '2015-03-17 00:17:09'),
(2327, 2015020005, 10, '11-2015', '50000.00', '0000-00-00 00:00:00', 'XXX', 'TUNDA', '', '2015-03-17 00:17:09', '2015-03-17 00:17:09'),
(2328, 2015020005, 11, '12-2015', '50000.00', '0000-00-00 00:00:00', 'XXX', 'TUNDA', '', '2015-03-17 00:17:09', '2015-03-17 00:17:09'),
(2329, 2015020005, 12, '01-2016', '50000.00', '0000-00-00 00:00:00', 'XXX', 'TUNDA', '', '2015-03-17 00:17:09', '2015-03-17 00:17:09'),
(2330, 2015020005, 13, '02-2016', '50000.00', '0000-00-00 00:00:00', 'XXX', 'TUNDA', '', '2015-03-17 00:17:09', '2015-03-17 00:17:09'),
(2331, 2015020005, 14, '03-2016', '50000.00', '0000-00-00 00:00:00', 'XXX', 'TUNDA', '', '2015-03-17 00:17:09', '2015-03-17 00:17:09'),
(2332, 2015020005, 15, '04-2016', '50000.00', '0000-00-00 00:00:00', 'XXX', 'TUNDA', '', '2015-03-17 00:17:09', '2015-03-17 00:17:09'),
(2333, 2015020005, 16, '05-2016', '50000.00', '0000-00-00 00:00:00', 'XXX', 'TUNDA', '', '2015-03-17 00:17:09', '2015-03-17 00:17:09'),
(2334, 2015020005, 17, '06-2016', '50000.00', '0000-00-00 00:00:00', 'XXX', 'TUNDA', '', '2015-03-17 00:17:09', '2015-03-17 00:17:09'),
(2335, 2015020005, 18, '07-2016', '50000.00', '0000-00-00 00:00:00', 'XXX', 'TUNDA', '', '2015-03-17 00:17:09', '2015-03-17 00:17:09'),
(2336, 2015020005, 19, '08-2016', '50000.00', '0000-00-00 00:00:00', 'XXX', 'TUNDA', '', '2015-03-17 00:17:09', '2015-03-17 00:17:09'),
(2337, 2015020005, 20, '09-2016', '50000.00', '0000-00-00 00:00:00', 'XXX', 'TUNDA', '', '2015-03-17 00:17:09', '2015-03-17 00:17:09'),
(2338, 2015020005, 21, '10-2016', '50000.00', '0000-00-00 00:00:00', 'XXX', 'TUNDA', '', '2015-03-17 00:17:09', '2015-03-17 00:17:09'),
(2339, 2015020005, 22, '11-2016', '50000.00', '0000-00-00 00:00:00', 'XXX', 'TUNDA', '', '2015-03-17 00:17:09', '2015-03-17 00:17:09'),
(2340, 2015020005, 23, '12-2016', '50000.00', '0000-00-00 00:00:00', 'XXX', 'TUNDA', '', '2015-03-17 00:17:09', '2015-03-17 00:17:09'),
(2341, 2015020005, 24, '01-2017', '50000.00', '0000-00-00 00:00:00', 'XXX', 'TUNDA', '', '2015-03-17 00:17:09', '2015-03-17 00:17:09'),
(2342, 2015020005, 25, '02-2017', '50000.00', '0000-00-00 00:00:00', 'XXX', 'TUNDA', '', '2015-03-17 00:17:09', '2015-03-17 00:17:09'),
(2343, 2015020005, 26, '03-2017', '50000.00', '0000-00-00 00:00:00', 'XXX', 'TUNDA', '', '2015-03-17 00:17:09', '2015-03-17 00:17:09'),
(2344, 2015020005, 27, '04-2017', '50000.00', '0000-00-00 00:00:00', 'XXX', 'TUNDA', '', '2015-03-17 00:17:09', '2015-03-17 00:17:09'),
(2345, 2015020005, 28, '05-2017', '50000.00', '0000-00-00 00:00:00', 'XXX', 'TUNDA', '', '2015-03-17 00:17:10', '2015-03-17 00:17:10'),
(2346, 2015020005, 29, '06-2017', '50000.00', '0000-00-00 00:00:00', 'XXX', 'TUNDA', '', '2015-03-17 00:17:10', '2015-03-17 00:17:10'),
(2347, 2015020005, 30, '07-2017', '50000.00', '0000-00-00 00:00:00', 'XXX', 'TUNDA', '', '2015-03-17 00:17:10', '2015-03-17 00:17:10'),
(2348, 2015020005, 31, '08-2017', '50000.00', '0000-00-00 00:00:00', 'XXX', 'TUNDA', '', '2015-03-17 00:17:10', '2015-03-17 00:17:10'),
(2349, 2015020005, 32, '09-2017', '50000.00', '0000-00-00 00:00:00', 'XXX', 'TUNDA', '', '2015-03-17 00:17:10', '2015-03-17 00:17:10'),
(2350, 2015020005, 33, '10-2017', '50000.00', '0000-00-00 00:00:00', 'XXX', 'TUNDA', '', '2015-03-17 00:17:10', '2015-03-17 00:17:10'),
(2351, 2015020005, 34, '11-2017', '50000.00', '0000-00-00 00:00:00', 'XXX', 'TUNDA', '', '2015-03-17 00:17:10', '2015-03-17 00:17:10'),
(2352, 2015020005, 35, '12-2017', '50000.00', '0000-00-00 00:00:00', 'XXX', 'TUNDA', '', '2015-03-17 00:17:10', '2015-03-17 00:17:10'),
(2353, 2015020005, 36, '01-2018', '50000.00', '0000-00-00 00:00:00', 'XXX', 'TUNDA', '', '2015-03-17 00:17:10', '2015-03-17 00:17:10'),
(2354, 2015020005, 37, '02-2018', '50000.00', '0000-00-00 00:00:00', 'XXX', 'TUNDA', '', '2015-03-17 00:17:10', '2015-03-17 00:17:10'),
(2355, 2015020005, 38, '03-2018', '50000.00', '0000-00-00 00:00:00', 'XXX', 'TUNDA', '', '2015-03-17 00:17:10', '2015-03-17 00:17:10'),
(2356, 2015020005, 39, '04-2018', '50000.00', '0000-00-00 00:00:00', 'XXX', 'TUNDA', '', '2015-03-17 00:17:10', '2015-03-17 00:17:10'),
(2357, 2015020005, 40, '05-2018', '50000.00', '0000-00-00 00:00:00', 'XXX', 'TUNDA', '', '2015-03-17 00:17:10', '2015-03-17 00:17:10'),
(2358, 2015020005, 41, '06-2018', '50000.00', '0000-00-00 00:00:00', 'XXX', 'TUNDA', '', '2015-03-17 00:17:10', '2015-03-17 00:17:10'),
(2359, 2015020005, 42, '07-2018', '50000.00', '0000-00-00 00:00:00', 'XXX', 'TUNDA', '', '2015-03-17 00:17:10', '2015-03-17 00:17:10'),
(2360, 2015020005, 43, '08-2018', '50000.00', '0000-00-00 00:00:00', 'XXX', 'TUNDA', '', '2015-03-17 00:17:10', '2015-03-17 00:17:10'),
(2361, 2015020005, 44, '09-2018', '50000.00', '0000-00-00 00:00:00', 'XXX', 'TUNDA', '', '2015-03-17 00:17:10', '2015-03-17 00:17:10'),
(2362, 2015020005, 45, '10-2018', '50000.00', '0000-00-00 00:00:00', 'XXX', 'TUNDA', '', '2015-03-17 00:17:10', '2015-03-17 00:17:10'),
(2363, 2015020005, 46, '11-2018', '50000.00', '0000-00-00 00:00:00', 'XXX', 'TUNDA', '', '2015-03-17 00:17:10', '2015-03-17 00:17:10'),
(2364, 2015020005, 47, '12-2018', '50000.00', '0000-00-00 00:00:00', 'XXX', 'TUNDA', '', '2015-03-17 00:17:10', '2015-03-17 00:17:10'),
(2365, 2015020005, 48, '01-2019', '50000.00', '0000-00-00 00:00:00', 'XXX', 'TUNDA', '', '2015-03-17 00:17:10', '2015-03-17 00:17:10'),
(2366, 2015020005, 49, '02-2019', '50000.00', '0000-00-00 00:00:00', 'XXX', 'TUNDA', '', '2015-03-17 00:17:10', '2015-03-17 00:17:10'),
(2367, 2015020005, 50, '03-2019', '50000.00', '0000-00-00 00:00:00', 'XXX', 'TUNDA', '', '2015-03-17 00:17:10', '2015-03-17 00:17:10'),
(2368, 2015020005, 51, '04-2019', '50000.00', '0000-00-00 00:00:00', 'XXX', 'TUNDA', '', '2015-03-17 00:17:10', '2015-03-17 00:17:10'),
(2369, 2015020005, 52, '05-2019', '50000.00', '0000-00-00 00:00:00', 'XXX', 'TUNDA', '', '2015-03-17 00:17:10', '2015-03-17 00:17:10'),
(2370, 2015020005, 53, '06-2019', '50000.00', '0000-00-00 00:00:00', 'XXX', 'TUNDA', '', '2015-03-17 00:17:10', '2015-03-17 00:17:10'),
(2371, 2015020005, 54, '07-2019', '50000.00', '0000-00-00 00:00:00', 'XXX', 'TUNDA', '', '2015-03-17 00:17:10', '2015-03-17 00:17:10'),
(2372, 2015020005, 55, '08-2019', '50000.00', '0000-00-00 00:00:00', 'XXX', 'TUNDA', '', '2015-03-17 00:17:10', '2015-03-17 00:17:10'),
(2373, 2015020005, 56, '09-2019', '50000.00', '0000-00-00 00:00:00', 'XXX', 'TUNDA', '', '2015-03-17 00:17:10', '2015-03-17 00:17:10'),
(2374, 2015020005, 57, '10-2019', '50000.00', '0000-00-00 00:00:00', 'XXX', 'TUNDA', '', '2015-03-17 00:17:10', '2015-03-17 00:17:10'),
(2375, 2015020005, 58, '11-2019', '50000.00', '0000-00-00 00:00:00', 'XXX', 'TUNDA', '', '2015-03-17 00:17:10', '2015-03-17 00:17:10'),
(2376, 2015020005, 59, '12-2019', '50000.00', '0000-00-00 00:00:00', 'XXX', 'TUNDA', '', '2015-03-17 00:17:10', '2015-03-17 00:17:10'),
(2377, 2015020005, 60, '01-2020', '50000.00', '0000-00-00 00:00:00', 'XXX', 'TUNDA', '', '2015-03-17 00:17:10', '2015-03-17 00:17:10'),
(2378, 2015020005, 61, '02-2020', '50000.00', '0000-00-00 00:00:00', 'XXX', 'TUNDA', '', '2015-03-17 00:17:10', '2015-03-17 00:17:10'),
(2379, 2015020005, 62, '03-2020', '50000.00', '0000-00-00 00:00:00', 'XXX', 'TUNDA', '', '2015-03-17 00:17:10', '2015-03-17 00:17:10'),
(2380, 2015020005, 63, '04-2020', '50000.00', '0000-00-00 00:00:00', 'XXX', 'TUNDA', '', '2015-03-17 00:17:10', '2015-03-17 00:17:10'),
(2381, 2015020005, 64, '05-2020', '50000.00', '0000-00-00 00:00:00', 'XXX', 'TUNDA', '', '2015-03-17 00:17:10', '2015-03-17 00:17:10'),
(2382, 2015020005, 65, '06-2020', '50000.00', '0000-00-00 00:00:00', 'XXX', 'TUNDA', '', '2015-03-17 00:17:10', '2015-03-17 00:17:10'),
(2383, 2015020005, 66, '07-2020', '50000.00', '0000-00-00 00:00:00', 'XXX', 'TUNDA', '', '2015-03-17 00:17:11', '2015-03-17 00:17:11'),
(2384, 2015020005, 67, '08-2020', '50000.00', '0000-00-00 00:00:00', 'XXX', 'TUNDA', '', '2015-03-17 00:17:11', '2015-03-17 00:17:11'),
(2385, 2015020005, 68, '09-2020', '50000.00', '0000-00-00 00:00:00', 'XXX', 'TUNDA', '', '2015-03-17 00:17:11', '2015-03-17 00:17:11'),
(2386, 2015020005, 69, '10-2020', '50000.00', '0000-00-00 00:00:00', 'XXX', 'TUNDA', '', '2015-03-17 00:17:11', '2015-03-17 00:17:11'),
(2387, 2015020005, 70, '11-2020', '50000.00', '0000-00-00 00:00:00', 'XXX', 'TUNDA', '', '2015-03-17 00:17:11', '2015-03-17 00:17:11'),
(2388, 2015020005, 71, '12-2020', '50000.00', '0000-00-00 00:00:00', 'XXX', 'TUNDA', '', '2015-03-17 00:17:11', '2015-03-17 00:17:11'),
(2389, 2015020005, 72, '01-2021', '50000.00', '0000-00-00 00:00:00', 'XXX', 'TUNDA', '', '2015-03-17 00:17:11', '2015-03-17 00:17:11'),
(2390, 2015020005, 73, '02-2021', '50000.00', '0000-00-00 00:00:00', 'XXX', 'TUNDA', '', '2015-03-17 00:17:11', '2015-03-17 00:17:11'),
(2391, 2015020005, 74, '03-2021', '50000.00', '0000-00-00 00:00:00', 'XXX', 'TUNDA', '', '2015-03-17 00:17:11', '2015-03-17 00:17:11'),
(2392, 2015020005, 75, '04-2021', '50000.00', '0000-00-00 00:00:00', 'XXX', 'TUNDA', '', '2015-03-17 00:17:11', '2015-03-17 00:17:11'),
(2393, 2015020005, 76, '05-2021', '50000.00', '0000-00-00 00:00:00', 'XXX', 'TUNDA', '', '2015-03-17 00:17:11', '2015-03-17 00:17:11'),
(2394, 2015020005, 77, '06-2021', '50000.00', '0000-00-00 00:00:00', 'XXX', 'TUNDA', '', '2015-03-17 00:17:11', '2015-03-17 00:17:11'),
(2395, 2015020005, 78, '07-2021', '50000.00', '0000-00-00 00:00:00', 'XXX', 'TUNDA', '', '2015-03-17 00:17:11', '2015-03-17 00:17:11'),
(2396, 2015020005, 79, '08-2021', '50000.00', '0000-00-00 00:00:00', 'XXX', 'TUNDA', '', '2015-03-17 00:17:11', '2015-03-17 00:17:11'),
(2397, 2015020005, 80, '09-2021', '50000.00', '0000-00-00 00:00:00', 'XXX', 'TUNDA', '', '2015-03-17 00:17:11', '2015-03-17 00:17:11'),
(2398, 2015020005, 81, '10-2021', '50000.00', '0000-00-00 00:00:00', 'XXX', 'TUNDA', '', '2015-03-17 00:17:11', '2015-03-17 00:17:11'),
(2399, 2015020005, 82, '11-2021', '50000.00', '0000-00-00 00:00:00', 'XXX', 'TUNDA', '', '2015-03-17 00:17:11', '2015-03-17 00:17:11'),
(2400, 2015020005, 83, '12-2021', '50000.00', '0000-00-00 00:00:00', 'XXX', 'TUNDA', '', '2015-03-17 00:17:11', '2015-03-17 00:17:11'),
(2401, 2015020005, 84, '01-2022', '50000.00', '0000-00-00 00:00:00', 'XXX', 'TUNDA', '', '2015-03-17 00:17:11', '2015-03-17 00:17:11'),
(2402, 2015020005, 85, '02-2022', '50000.00', '0000-00-00 00:00:00', 'XXX', 'TUNDA', '', '2015-03-17 00:17:11', '2015-03-17 00:17:11'),
(2403, 2015020005, 86, '03-2022', '50000.00', '0000-00-00 00:00:00', 'XXX', 'TUNDA', '', '2015-03-17 00:17:11', '2015-03-17 00:17:11'),
(2404, 2015020005, 87, '04-2022', '50000.00', '0000-00-00 00:00:00', 'XXX', 'TUNDA', '', '2015-03-17 00:17:11', '2015-03-17 00:17:11'),
(2405, 2015020005, 88, '05-2022', '50000.00', '0000-00-00 00:00:00', 'XXX', 'TUNDA', '', '2015-03-17 00:17:11', '2015-03-17 00:17:11'),
(2406, 2015020005, 89, '06-2022', '50000.00', '0000-00-00 00:00:00', 'XXX', 'TUNDA', '', '2015-03-17 00:17:11', '2015-03-17 00:17:11'),
(2407, 2015020005, 90, '07-2022', '50000.00', '0000-00-00 00:00:00', 'XXX', 'TUNDA', '', '2015-03-17 00:17:11', '2015-03-17 00:17:11'),
(2408, 2015020005, 91, '08-2022', '50000.00', '0000-00-00 00:00:00', 'XXX', 'TUNDA', '', '2015-03-17 00:17:11', '2015-03-17 00:17:11'),
(2409, 2015020005, 92, '09-2022', '50000.00', '0000-00-00 00:00:00', 'XXX', 'TUNDA', '', '2015-03-17 00:17:11', '2015-03-17 00:17:11'),
(2410, 2015020005, 93, '10-2022', '50000.00', '0000-00-00 00:00:00', 'XXX', 'TUNDA', '', '2015-03-17 00:17:11', '2015-03-17 00:17:11'),
(2411, 2015020005, 94, '11-2022', '50000.00', '0000-00-00 00:00:00', 'XXX', 'TUNDA', '', '2015-03-17 00:17:11', '2015-03-17 00:17:11'),
(2412, 2015020005, 95, '12-2022', '50000.00', '0000-00-00 00:00:00', 'XXX', 'TUNDA', '', '2015-03-17 00:17:11', '2015-03-17 00:17:11'),
(2413, 2015020005, 96, '01-2023', '50000.00', '0000-00-00 00:00:00', 'XXX', 'TUNDA', '', '2015-03-17 00:17:11', '2015-03-17 00:17:11'),
(2414, 2015020005, 97, '02-2023', '50000.00', '0000-00-00 00:00:00', 'XXX', 'TUNDA', '', '2015-03-17 00:17:11', '2015-03-17 00:17:11'),
(2415, 2015020005, 98, '03-2023', '50000.00', '0000-00-00 00:00:00', 'XXX', 'TUNDA', '', '2015-03-17 00:17:11', '2015-03-17 00:17:11'),
(2416, 2015020005, 99, '04-2023', '50000.00', '0000-00-00 00:00:00', 'XXX', 'TUNDA', '', '2015-03-17 00:17:11', '2015-03-17 00:17:11'),
(2417, 2015020005, 100, '05-2023', '50000.00', '0000-00-00 00:00:00', 'XXX', 'TUNDA', '', '2015-03-17 00:17:11', '2015-03-17 00:17:11'),
(2418, 2015020005, 101, '06-2023', '50000.00', '0000-00-00 00:00:00', 'XXX', 'TUNDA', '', '2015-03-17 00:17:11', '2015-03-17 00:17:11'),
(2419, 2015020005, 102, '07-2023', '50000.00', '0000-00-00 00:00:00', 'XXX', 'TUNDA', '', '2015-03-17 00:17:12', '2015-03-17 00:17:12'),
(2420, 2015020005, 103, '08-2023', '50000.00', '0000-00-00 00:00:00', 'XXX', 'TUNDA', '', '2015-03-17 00:17:12', '2015-03-17 00:17:12'),
(2421, 2015020005, 104, '09-2023', '50000.00', '0000-00-00 00:00:00', 'XXX', 'TUNDA', '', '2015-03-17 00:17:12', '2015-03-17 00:17:12'),
(2422, 2015020005, 105, '10-2023', '50000.00', '0000-00-00 00:00:00', 'XXX', 'TUNDA', '', '2015-03-17 00:17:12', '2015-03-17 00:17:12'),
(2423, 2015020005, 106, '11-2023', '50000.00', '0000-00-00 00:00:00', 'XXX', 'TUNDA', '', '2015-03-17 00:17:12', '2015-03-17 00:17:12'),
(2424, 2015020005, 107, '12-2023', '50000.00', '0000-00-00 00:00:00', 'XXX', 'TUNDA', '', '2015-03-17 00:17:12', '2015-03-17 00:17:12'),
(2425, 2015020005, 108, '01-2024', '50000.00', '0000-00-00 00:00:00', 'XXX', 'TUNDA', '', '2015-03-17 00:17:12', '2015-03-17 00:17:12'),
(2426, 2015020005, 109, '02-2024', '50000.00', '0000-00-00 00:00:00', 'XXX', 'TUNDA', '', '2015-03-17 00:17:12', '2015-03-17 00:17:12'),
(2427, 2015020005, 110, '03-2024', '50000.00', '0000-00-00 00:00:00', 'XXX', 'TUNDA', '', '2015-03-17 00:17:12', '2015-03-17 00:17:12'),
(2428, 2015020005, 111, '04-2024', '50000.00', '0000-00-00 00:00:00', 'XXX', 'TUNDA', '', '2015-03-17 00:17:12', '2015-03-17 00:17:12'),
(2429, 2015020005, 112, '05-2024', '50000.00', '0000-00-00 00:00:00', 'XXX', 'TUNDA', '', '2015-03-17 00:17:12', '2015-03-17 00:17:12'),
(2430, 2015020005, 113, '06-2024', '50000.00', '0000-00-00 00:00:00', 'XXX', 'TUNDA', '', '2015-03-17 00:17:12', '2015-03-17 00:17:12'),
(2431, 2015020005, 114, '07-2024', '50000.00', '0000-00-00 00:00:00', 'XXX', 'TUNDA', '', '2015-03-17 00:17:12', '2015-03-17 00:17:12'),
(2432, 2015020005, 115, '08-2024', '50000.00', '0000-00-00 00:00:00', 'XXX', 'TUNDA', '', '2015-03-17 00:17:12', '2015-03-17 00:17:12'),
(2433, 2015020005, 116, '09-2024', '50000.00', '0000-00-00 00:00:00', 'XXX', 'TUNDA', '', '2015-03-17 00:17:12', '2015-03-17 00:17:12'),
(2434, 2015020005, 117, '10-2024', '50000.00', '0000-00-00 00:00:00', 'XXX', 'TUNDA', '', '2015-03-17 00:17:12', '2015-03-17 00:17:12'),
(2435, 2015020005, 118, '11-2024', '50000.00', '0000-00-00 00:00:00', 'XXX', 'TUNDA', '', '2015-03-17 00:17:12', '2015-03-17 00:17:12'),
(2436, 2015020005, 119, '12-2024', '50000.00', '0000-00-00 00:00:00', 'XXX', 'TUNDA', '', '2015-03-17 00:17:12', '2015-03-17 00:17:12'),
(2437, 2015020005, 120, '01-2025', '50000.00', '0000-00-00 00:00:00', 'XXX', 'TUNDA', '', '2015-03-17 00:17:12', '2015-03-17 00:17:12'),
(2438, 2015020005, 121, '02-2025', '50000.00', '0000-00-00 00:00:00', 'XXX', 'TUNDA', '', '2015-03-17 00:17:12', '2015-03-17 00:17:12'),
(2439, 2015020005, 122, '03-2025', '50000.00', '0000-00-00 00:00:00', 'XXX', 'TUNDA', '', '2015-03-17 00:17:12', '2015-03-17 00:17:12'),
(2440, 2015020005, 123, '04-2025', '50000.00', '0000-00-00 00:00:00', 'XXX', 'TUNDA', '', '2015-03-17 00:17:12', '2015-03-17 00:17:12'),
(2441, 2015020005, 124, '05-2025', '50000.00', '0000-00-00 00:00:00', 'XXX', 'TUNDA', '', '2015-03-17 00:17:12', '2015-03-17 00:17:12'),
(2442, 2015020005, 125, '06-2025', '50000.00', '0000-00-00 00:00:00', 'XXX', 'TUNDA', '', '2015-03-17 00:17:12', '2015-03-17 00:17:12'),
(2443, 2015020005, 126, '07-2025', '50000.00', '0000-00-00 00:00:00', 'XXX', 'TUNDA', '', '2015-03-17 00:17:12', '2015-03-17 00:17:12'),
(2444, 2015020005, 127, '08-2025', '50000.00', '0000-00-00 00:00:00', 'XXX', 'TUNDA', '', '2015-03-17 00:17:12', '2015-03-17 00:17:12'),
(2445, 2015020005, 128, '09-2025', '50000.00', '0000-00-00 00:00:00', 'XXX', 'TUNDA', '', '2015-03-17 00:17:12', '2015-03-17 00:17:12'),
(2446, 2015020005, 129, '10-2025', '50000.00', '0000-00-00 00:00:00', 'XXX', 'TUNDA', '', '2015-03-17 00:17:12', '2015-03-17 00:17:12'),
(2447, 2015020005, 130, '11-2025', '50000.00', '0000-00-00 00:00:00', 'XXX', 'TUNDA', '', '2015-03-17 00:17:12', '2015-03-17 00:17:12'),
(2448, 2015020005, 131, '12-2025', '50000.00', '0000-00-00 00:00:00', 'XXX', 'TUNDA', '', '2015-03-17 00:17:12', '2015-03-17 00:17:12'),
(2449, 2015020005, 132, '01-2026', '50000.00', '0000-00-00 00:00:00', 'XXX', 'TUNDA', '', '2015-03-17 00:17:12', '2015-03-17 00:17:12'),
(2450, 2015020005, 133, '02-2026', '50000.00', '0000-00-00 00:00:00', 'XXX', 'TUNDA', '', '2015-03-17 00:17:12', '2015-03-17 00:17:12'),
(2451, 2015020005, 134, '03-2026', '50000.00', '0000-00-00 00:00:00', 'XXX', 'TUNDA', '', '2015-03-17 00:17:12', '2015-03-17 00:17:12'),
(2452, 2015020005, 135, '04-2026', '50000.00', '0000-00-00 00:00:00', 'XXX', 'TUNDA', '', '2015-03-17 00:17:12', '2015-03-17 00:17:12'),
(2453, 2015020005, 136, '05-2026', '50000.00', '0000-00-00 00:00:00', 'XXX', 'TUNDA', '', '2015-03-17 00:17:12', '2015-03-17 00:17:12'),
(2454, 2015020005, 137, '06-2026', '50000.00', '0000-00-00 00:00:00', 'XXX', 'TUNDA', '', '2015-03-17 00:17:12', '2015-03-17 00:17:12'),
(2455, 2015020005, 138, '07-2026', '50000.00', '0000-00-00 00:00:00', 'XXX', 'TUNDA', '', '2015-03-17 00:17:12', '2015-03-17 00:17:12'),
(2456, 2015020005, 139, '08-2026', '50000.00', '0000-00-00 00:00:00', 'XXX', 'TUNDA', '', '2015-03-17 00:17:12', '2015-03-17 00:17:12'),
(2457, 2015020005, 140, '09-2026', '50000.00', '0000-00-00 00:00:00', 'XXX', 'TUNDA', '', '2015-03-17 00:17:13', '2015-03-17 00:17:13'),
(2458, 2015020005, 141, '10-2026', '50000.00', '0000-00-00 00:00:00', 'XXX', 'TUNDA', '', '2015-03-17 00:17:13', '2015-03-17 00:17:13'),
(2459, 2015020005, 142, '11-2026', '50000.00', '0000-00-00 00:00:00', 'XXX', 'TUNDA', '', '2015-03-17 00:17:13', '2015-03-17 00:17:13'),
(2460, 2015020005, 143, '12-2026', '50000.00', '0000-00-00 00:00:00', 'XXX', 'TUNDA', '', '2015-03-17 00:17:13', '2015-03-17 00:17:13'),
(2461, 2015020005, 144, '01-2027', '50000.00', '0000-00-00 00:00:00', 'XXX', 'TUNDA', '', '2015-03-17 00:17:13', '2015-03-17 00:17:13'),
(2462, 2015020005, 145, '02-2027', '50000.00', '0000-00-00 00:00:00', 'XXX', 'TUNDA', '', '2015-03-17 00:17:13', '2015-03-17 00:17:13'),
(2463, 2015020005, 146, '03-2027', '50000.00', '0000-00-00 00:00:00', 'XXX', 'TUNDA', '', '2015-03-17 00:17:13', '2015-03-17 00:17:13'),
(2464, 2015020005, 147, '04-2027', '50000.00', '0000-00-00 00:00:00', 'XXX', 'TUNDA', '', '2015-03-17 00:17:13', '2015-03-17 00:17:13'),
(2465, 2015020005, 148, '05-2027', '50000.00', '0000-00-00 00:00:00', 'XXX', 'TUNDA', '', '2015-03-17 00:17:13', '2015-03-17 00:17:13'),
(2466, 2015020005, 149, '06-2027', '50000.00', '0000-00-00 00:00:00', 'XXX', 'TUNDA', '', '2015-03-17 00:17:13', '2015-03-17 00:17:13'),
(2467, 2015020005, 150, '07-2027', '50000.00', '0000-00-00 00:00:00', 'XXX', 'TUNDA', '', '2015-03-17 00:17:13', '2015-03-17 00:17:13'),
(2468, 2015020005, 151, '08-2027', '50000.00', '0000-00-00 00:00:00', 'XXX', 'TUNDA', '', '2015-03-17 00:17:13', '2015-03-17 00:17:13'),
(2469, 2015020005, 152, '09-2027', '50000.00', '0000-00-00 00:00:00', 'XXX', 'TUNDA', '', '2015-03-17 00:17:13', '2015-03-17 00:17:13'),
(2470, 2015020005, 153, '10-2027', '50000.00', '0000-00-00 00:00:00', 'XXX', 'TUNDA', '', '2015-03-17 00:17:13', '2015-03-17 00:17:13'),
(2471, 2015020005, 154, '11-2027', '50000.00', '0000-00-00 00:00:00', 'XXX', 'TUNDA', '', '2015-03-17 00:17:13', '2015-03-17 00:17:13'),
(2472, 2015020005, 155, '12-2027', '50000.00', '0000-00-00 00:00:00', 'XXX', 'TUNDA', '', '2015-03-17 00:17:13', '2015-03-17 00:17:13'),
(2473, 2015020005, 156, '01-2028', '50000.00', '0000-00-00 00:00:00', 'XXX', 'TUNDA', '', '2015-03-17 00:17:13', '2015-03-17 00:17:13'),
(2474, 2015020005, 157, '02-2028', '50000.00', '0000-00-00 00:00:00', 'XXX', 'TUNDA', '', '2015-03-17 00:17:13', '2015-03-17 00:17:13'),
(2475, 2015020005, 158, '03-2028', '50000.00', '0000-00-00 00:00:00', 'XXX', 'TUNDA', '', '2015-03-17 00:17:13', '2015-03-17 00:17:13'),
(2476, 2015020005, 159, '04-2028', '50000.00', '0000-00-00 00:00:00', 'XXX', 'TUNDA', '', '2015-03-17 00:17:13', '2015-03-17 00:17:13'),
(2477, 2015020005, 160, '05-2028', '50000.00', '0000-00-00 00:00:00', 'XXX', 'TUNDA', '', '2015-03-17 00:17:13', '2015-03-17 00:17:13'),
(2478, 2015020005, 161, '06-2028', '50000.00', '0000-00-00 00:00:00', 'XXX', 'TUNDA', '', '2015-03-17 00:17:13', '2015-03-17 00:17:13'),
(2479, 2015020005, 162, '07-2028', '50000.00', '0000-00-00 00:00:00', 'XXX', 'TUNDA', '', '2015-03-17 00:17:13', '2015-03-17 00:17:13'),
(2480, 2015020005, 163, '08-2028', '50000.00', '0000-00-00 00:00:00', 'XXX', 'TUNDA', '', '2015-03-17 00:17:13', '2015-03-17 00:17:13'),
(2481, 2015020005, 164, '09-2028', '50000.00', '0000-00-00 00:00:00', 'XXX', 'TUNDA', '', '2015-03-17 00:17:13', '2015-03-17 00:17:13');
INSERT INTO `iurans` (`id`, `id_peserta`, `cicilan_ke`, `bln_thn`, `iuran`, `tanggal_bayar`, `id_bank`, `status`, `keterangan`, `created_at`, `updated_at`) VALUES
(2482, 2015020005, 165, '10-2028', '50000.00', '0000-00-00 00:00:00', 'XXX', 'TUNDA', '', '2015-03-17 00:17:13', '2015-03-17 00:17:13'),
(2483, 2015020005, 166, '11-2028', '50000.00', '0000-00-00 00:00:00', 'XXX', 'TUNDA', '', '2015-03-17 00:17:13', '2015-03-17 00:17:13'),
(2484, 2015020005, 167, '12-2028', '50000.00', '0000-00-00 00:00:00', 'XXX', 'TUNDA', '', '2015-03-17 00:17:13', '2015-03-17 00:17:13'),
(2485, 2015020005, 168, '01-2029', '50000.00', '0000-00-00 00:00:00', 'XXX', 'TUNDA', '', '2015-03-17 00:17:13', '2015-03-17 00:17:13'),
(2486, 2015020005, 169, '02-2029', '50000.00', '0000-00-00 00:00:00', 'XXX', 'TUNDA', '', '2015-03-17 00:17:13', '2015-03-17 00:17:13'),
(2487, 2015020005, 170, '03-2029', '50000.00', '0000-00-00 00:00:00', 'XXX', 'TUNDA', '', '2015-03-17 00:17:13', '2015-03-17 00:17:13'),
(2488, 2015020005, 171, '04-2029', '50000.00', '0000-00-00 00:00:00', 'XXX', 'TUNDA', '', '2015-03-17 00:17:13', '2015-03-17 00:17:13'),
(2489, 2015020005, 172, '05-2029', '50000.00', '0000-00-00 00:00:00', 'XXX', 'TUNDA', '', '2015-03-17 00:17:13', '2015-03-17 00:17:13'),
(2490, 2015020005, 173, '06-2029', '50000.00', '0000-00-00 00:00:00', 'XXX', 'TUNDA', '', '2015-03-17 00:17:13', '2015-03-17 00:17:13'),
(2491, 2015020005, 174, '07-2029', '50000.00', '0000-00-00 00:00:00', 'XXX', 'TUNDA', '', '2015-03-17 00:17:13', '2015-03-17 00:17:13'),
(2492, 2015020005, 175, '08-2029', '50000.00', '0000-00-00 00:00:00', 'XXX', 'TUNDA', '', '2015-03-17 00:17:13', '2015-03-17 00:17:13'),
(2493, 2015020005, 176, '09-2029', '50000.00', '0000-00-00 00:00:00', 'XXX', 'TUNDA', '', '2015-03-17 00:17:13', '2015-03-17 00:17:13'),
(2494, 2015020005, 177, '10-2029', '50000.00', '0000-00-00 00:00:00', 'XXX', 'TUNDA', '', '2015-03-17 00:17:13', '2015-03-17 00:17:13'),
(2495, 2015020005, 178, '11-2029', '50000.00', '0000-00-00 00:00:00', 'XXX', 'TUNDA', '', '2015-03-17 00:17:14', '2015-03-17 00:17:14'),
(2496, 2015020005, 179, '12-2029', '50000.00', '0000-00-00 00:00:00', 'XXX', 'TUNDA', '', '2015-03-17 00:17:14', '2015-03-17 00:17:14'),
(2497, 2015020005, 180, '01-2030', '50000.00', '0000-00-00 00:00:00', 'XXX', 'TUNDA', '', '2015-03-17 00:17:14', '2015-03-17 00:17:14'),
(2498, 2015020005, 181, '02-2030', '50000.00', '0000-00-00 00:00:00', 'XXX', 'TUNDA', '', '2015-03-17 00:17:14', '2015-03-17 00:17:14'),
(2499, 2015020005, 182, '03-2030', '50000.00', '0000-00-00 00:00:00', 'XXX', 'TUNDA', '', '2015-03-17 00:17:14', '2015-03-17 00:17:14'),
(2500, 2015020005, 183, '04-2030', '50000.00', '0000-00-00 00:00:00', 'XXX', 'TUNDA', '', '2015-03-17 00:17:14', '2015-03-17 00:17:14'),
(2501, 2015020005, 184, '05-2030', '50000.00', '0000-00-00 00:00:00', 'XXX', 'TUNDA', '', '2015-03-17 00:17:14', '2015-03-17 00:17:14'),
(2502, 2015020005, 185, '06-2030', '50000.00', '0000-00-00 00:00:00', 'XXX', 'TUNDA', '', '2015-03-17 00:17:14', '2015-03-17 00:17:14'),
(2503, 2015020005, 186, '07-2030', '50000.00', '0000-00-00 00:00:00', 'XXX', 'TUNDA', '', '2015-03-17 00:17:14', '2015-03-17 00:17:14'),
(2504, 2015020005, 187, '08-2030', '50000.00', '0000-00-00 00:00:00', 'XXX', 'TUNDA', '', '2015-03-17 00:17:14', '2015-03-17 00:17:14'),
(2505, 2015020005, 188, '09-2030', '50000.00', '0000-00-00 00:00:00', 'XXX', 'TUNDA', '', '2015-03-17 00:17:14', '2015-03-17 00:17:14'),
(2506, 2015020005, 189, '10-2030', '50000.00', '0000-00-00 00:00:00', 'XXX', 'TUNDA', '', '2015-03-17 00:17:14', '2015-03-17 00:17:14'),
(2507, 2015020005, 190, '11-2030', '50000.00', '0000-00-00 00:00:00', 'XXX', 'TUNDA', '', '2015-03-17 00:17:14', '2015-03-17 00:17:14'),
(2508, 2015020005, 191, '12-2030', '50000.00', '0000-00-00 00:00:00', 'XXX', 'TUNDA', '', '2015-03-17 00:17:14', '2015-03-17 00:17:14'),
(2509, 2015020005, 192, '01-2031', '50000.00', '0000-00-00 00:00:00', 'XXX', 'TUNDA', '', '2015-03-17 00:17:14', '2015-03-17 00:17:14'),
(2510, 2015020005, 193, '02-2031', '50000.00', '0000-00-00 00:00:00', 'XXX', 'TUNDA', '', '2015-03-17 00:17:14', '2015-03-17 00:17:14'),
(2511, 2015020005, 194, '03-2031', '50000.00', '0000-00-00 00:00:00', 'XXX', 'TUNDA', '', '2015-03-17 00:17:14', '2015-03-17 00:17:14'),
(2512, 2015020005, 195, '04-2031', '50000.00', '0000-00-00 00:00:00', 'XXX', 'TUNDA', '', '2015-03-17 00:17:15', '2015-03-17 00:17:15'),
(2513, 2015020005, 196, '05-2031', '50000.00', '0000-00-00 00:00:00', 'XXX', 'TUNDA', '', '2015-03-17 00:17:15', '2015-03-17 00:17:15'),
(2514, 2015020005, 197, '06-2031', '50000.00', '0000-00-00 00:00:00', 'XXX', 'TUNDA', '', '2015-03-17 00:17:15', '2015-03-17 00:17:15'),
(2515, 2015020005, 198, '07-2031', '50000.00', '0000-00-00 00:00:00', 'XXX', 'TUNDA', '', '2015-03-17 00:17:15', '2015-03-17 00:17:15'),
(2516, 2015020005, 199, '08-2031', '50000.00', '0000-00-00 00:00:00', 'XXX', 'TUNDA', '', '2015-03-17 00:17:15', '2015-03-17 00:17:15'),
(2517, 2015020005, 200, '09-2031', '50000.00', '0000-00-00 00:00:00', 'XXX', 'TUNDA', '', '2015-03-17 00:17:15', '2015-03-17 00:17:15'),
(2518, 2015020005, 201, '10-2031', '50000.00', '0000-00-00 00:00:00', 'XXX', 'TUNDA', '', '2015-03-17 00:17:15', '2015-03-17 00:17:15'),
(2519, 2015020005, 202, '11-2031', '50000.00', '0000-00-00 00:00:00', 'XXX', 'TUNDA', '', '2015-03-17 00:17:15', '2015-03-17 00:17:15'),
(2520, 2015020005, 203, '12-2031', '50000.00', '0000-00-00 00:00:00', 'XXX', 'TUNDA', '', '2015-03-17 00:17:15', '2015-03-17 00:17:15'),
(2521, 2015020005, 204, '01-2032', '50000.00', '0000-00-00 00:00:00', 'XXX', 'TUNDA', '', '2015-03-17 00:17:15', '2015-03-17 00:17:15'),
(2522, 2015020005, 205, '02-2032', '50000.00', '0000-00-00 00:00:00', 'XXX', 'TUNDA', '', '2015-03-17 00:17:15', '2015-03-17 00:17:15'),
(2523, 2015020005, 206, '03-2032', '50000.00', '0000-00-00 00:00:00', 'XXX', 'TUNDA', '', '2015-03-17 00:17:15', '2015-03-17 00:17:15'),
(2524, 2015020005, 207, '04-2032', '50000.00', '0000-00-00 00:00:00', 'XXX', 'TUNDA', '', '2015-03-17 00:17:15', '2015-03-17 00:17:15'),
(2525, 2015020005, 208, '05-2032', '50000.00', '0000-00-00 00:00:00', 'XXX', 'TUNDA', '', '2015-03-17 00:17:15', '2015-03-17 00:17:15'),
(2526, 2015020005, 209, '06-2032', '50000.00', '0000-00-00 00:00:00', 'XXX', 'TUNDA', '', '2015-03-17 00:17:15', '2015-03-17 00:17:15'),
(2527, 2015020005, 210, '07-2032', '50000.00', '0000-00-00 00:00:00', 'XXX', 'TUNDA', '', '2015-03-17 00:17:15', '2015-03-17 00:17:15'),
(2528, 2015020005, 211, '08-2032', '50000.00', '0000-00-00 00:00:00', 'XXX', 'TUNDA', '', '2015-03-17 00:17:15', '2015-03-17 00:17:15'),
(2529, 2015020005, 212, '09-2032', '50000.00', '0000-00-00 00:00:00', 'XXX', 'TUNDA', '', '2015-03-17 00:17:15', '2015-03-17 00:17:15'),
(2530, 2015020005, 213, '10-2032', '50000.00', '0000-00-00 00:00:00', 'XXX', 'TUNDA', '', '2015-03-17 00:17:15', '2015-03-17 00:17:15'),
(2531, 2015020005, 214, '11-2032', '50000.00', '0000-00-00 00:00:00', 'XXX', 'TUNDA', '', '2015-03-17 00:17:15', '2015-03-17 00:17:15'),
(2532, 2015020005, 215, '12-2032', '50000.00', '0000-00-00 00:00:00', 'XXX', 'TUNDA', '', '2015-03-17 00:17:15', '2015-03-17 00:17:15'),
(2533, 2015020005, 216, '01-2033', '50000.00', '0000-00-00 00:00:00', 'XXX', 'TUNDA', '', '2015-03-17 00:17:15', '2015-03-17 00:17:15'),
(2534, 2015020005, 217, '02-2033', '50000.00', '0000-00-00 00:00:00', 'XXX', 'TUNDA', '', '2015-03-17 00:17:15', '2015-03-17 00:17:15'),
(2535, 2015020005, 218, '03-2033', '50000.00', '0000-00-00 00:00:00', 'XXX', 'TUNDA', '', '2015-03-17 00:17:15', '2015-03-17 00:17:15'),
(2536, 2015020005, 219, '04-2033', '50000.00', '0000-00-00 00:00:00', 'XXX', 'TUNDA', '', '2015-03-17 00:17:15', '2015-03-17 00:17:15'),
(2537, 2015020005, 220, '05-2033', '50000.00', '0000-00-00 00:00:00', 'XXX', 'TUNDA', '', '2015-03-17 00:17:15', '2015-03-17 00:17:15'),
(2538, 2015020005, 221, '06-2033', '50000.00', '0000-00-00 00:00:00', 'XXX', 'TUNDA', '', '2015-03-17 00:17:15', '2015-03-17 00:17:15'),
(2539, 2015020005, 222, '07-2033', '50000.00', '0000-00-00 00:00:00', 'XXX', 'TUNDA', '', '2015-03-17 00:17:15', '2015-03-17 00:17:15'),
(2540, 2015020005, 223, '08-2033', '50000.00', '0000-00-00 00:00:00', 'XXX', 'TUNDA', '', '2015-03-17 00:17:15', '2015-03-17 00:17:15'),
(2541, 2015020005, 224, '09-2033', '50000.00', '0000-00-00 00:00:00', 'XXX', 'TUNDA', '', '2015-03-17 00:17:15', '2015-03-17 00:17:15'),
(2542, 2015020005, 225, '10-2033', '50000.00', '0000-00-00 00:00:00', 'XXX', 'TUNDA', '', '2015-03-17 00:17:15', '2015-03-17 00:17:15'),
(2543, 2015020005, 226, '11-2033', '50000.00', '0000-00-00 00:00:00', 'XXX', 'TUNDA', '', '2015-03-17 00:17:15', '2015-03-17 00:17:15'),
(2544, 2015020005, 227, '12-2033', '50000.00', '0000-00-00 00:00:00', 'XXX', 'TUNDA', '', '2015-03-17 00:17:15', '2015-03-17 00:17:15'),
(2545, 2015020005, 228, '01-2034', '50000.00', '0000-00-00 00:00:00', 'XXX', 'TUNDA', '', '2015-03-17 00:17:15', '2015-03-17 00:17:15'),
(2546, 2015020005, 229, '02-2034', '50000.00', '0000-00-00 00:00:00', 'XXX', 'TUNDA', '', '2015-03-17 00:17:15', '2015-03-17 00:17:15'),
(2547, 2015020005, 230, '03-2034', '50000.00', '0000-00-00 00:00:00', 'XXX', 'TUNDA', '', '2015-03-17 00:17:15', '2015-03-17 00:17:15'),
(2548, 2015020005, 231, '04-2034', '50000.00', '0000-00-00 00:00:00', 'XXX', 'TUNDA', '', '2015-03-17 00:17:16', '2015-03-17 00:17:16'),
(2549, 2015020005, 232, '05-2034', '50000.00', '0000-00-00 00:00:00', 'XXX', 'TUNDA', '', '2015-03-17 00:17:16', '2015-03-17 00:17:16'),
(2550, 2015020005, 233, '06-2034', '50000.00', '0000-00-00 00:00:00', 'XXX', 'TUNDA', '', '2015-03-17 00:17:16', '2015-03-17 00:17:16'),
(2551, 2015020005, 234, '07-2034', '50000.00', '0000-00-00 00:00:00', 'XXX', 'TUNDA', '', '2015-03-17 00:17:16', '2015-03-17 00:17:16'),
(2552, 2015020005, 235, '08-2034', '50000.00', '0000-00-00 00:00:00', 'XXX', 'TUNDA', '', '2015-03-17 00:17:16', '2015-03-17 00:17:16'),
(2553, 2015020005, 236, '09-2034', '50000.00', '0000-00-00 00:00:00', 'XXX', 'TUNDA', '', '2015-03-17 00:17:16', '2015-03-17 00:17:16'),
(2554, 2015020005, 237, '10-2034', '50000.00', '0000-00-00 00:00:00', 'XXX', 'TUNDA', '', '2015-03-17 00:17:16', '2015-03-17 00:17:16'),
(2555, 2015020005, 238, '11-2034', '50000.00', '0000-00-00 00:00:00', 'XXX', 'TUNDA', '', '2015-03-17 00:17:16', '2015-03-17 00:17:16'),
(2556, 2015020005, 239, '12-2034', '50000.00', '0000-00-00 00:00:00', 'XXX', 'TUNDA', '', '2015-03-17 00:17:16', '2015-03-17 00:17:16'),
(2557, 2015020005, 240, '01-2035', '50000.00', '0000-00-00 00:00:00', 'XXX', 'TUNDA', '', '2015-03-17 00:17:16', '2015-03-17 00:17:16'),
(2558, 2015020005, 241, '02-2035', '50000.00', '0000-00-00 00:00:00', 'XXX', 'TUNDA', '', '2015-03-17 00:17:16', '2015-03-17 00:17:16'),
(2559, 2015020005, 242, '03-2035', '50000.00', '0000-00-00 00:00:00', 'XXX', 'TUNDA', '', '2015-03-17 00:17:16', '2015-03-17 00:17:16'),
(2560, 2015020005, 243, '04-2035', '50000.00', '0000-00-00 00:00:00', 'XXX', 'TUNDA', '', '2015-03-17 00:17:16', '2015-03-17 00:17:16'),
(2561, 2015020005, 244, '05-2035', '50000.00', '0000-00-00 00:00:00', 'XXX', 'TUNDA', '', '2015-03-17 00:17:16', '2015-03-17 00:17:16'),
(2562, 2015020005, 245, '06-2035', '50000.00', '0000-00-00 00:00:00', 'XXX', 'TUNDA', '', '2015-03-17 00:17:16', '2015-03-17 00:17:16'),
(2563, 2015020005, 246, '07-2035', '50000.00', '0000-00-00 00:00:00', 'XXX', 'TUNDA', '', '2015-03-17 00:17:16', '2015-03-17 00:17:16'),
(2564, 2015020005, 247, '08-2035', '50000.00', '0000-00-00 00:00:00', 'XXX', 'TUNDA', '', '2015-03-17 00:17:16', '2015-03-17 00:17:16'),
(2565, 2015020005, 248, '09-2035', '50000.00', '0000-00-00 00:00:00', 'XXX', 'TUNDA', '', '2015-03-17 00:17:16', '2015-03-17 00:17:16'),
(2566, 2015020005, 249, '10-2035', '50000.00', '0000-00-00 00:00:00', 'XXX', 'TUNDA', '', '2015-03-17 00:17:16', '2015-03-17 00:17:16'),
(2567, 2015020005, 250, '11-2035', '50000.00', '0000-00-00 00:00:00', 'XXX', 'TUNDA', '', '2015-03-17 00:17:16', '2015-03-17 00:17:16'),
(2568, 2015020005, 251, '12-2035', '50000.00', '0000-00-00 00:00:00', 'XXX', 'TUNDA', '', '2015-03-17 00:17:16', '2015-03-17 00:17:16'),
(2569, 2015020005, 252, '01-2036', '50000.00', '0000-00-00 00:00:00', 'XXX', 'TUNDA', '', '2015-03-17 00:17:16', '2015-03-17 00:17:16'),
(2570, 2015020005, 253, '02-2036', '50000.00', '0000-00-00 00:00:00', 'XXX', 'TUNDA', '', '2015-03-17 00:17:16', '2015-03-17 00:17:16'),
(2571, 2015020005, 254, '03-2036', '50000.00', '0000-00-00 00:00:00', 'XXX', 'TUNDA', '', '2015-03-17 00:17:16', '2015-03-17 00:17:16');

-- --------------------------------------------------------

--
-- Table structure for table `manfaats`
--

CREATE TABLE IF NOT EXISTS `manfaats` (
  `id` int(4) NOT NULL AUTO_INCREMENT,
  `id_paket` varchar(5) NOT NULL,
  `bulan` int(4) NOT NULL,
  `manfaat` decimal(18,2) NOT NULL,
  `santunan` decimal(18,2) NOT NULL,
  `tambahan` decimal(18,2) NOT NULL,
  `created_at` timestamp NOT NULL DEFAULT '0000-00-00 00:00:00',
  `updated_at` timestamp NOT NULL DEFAULT '0000-00-00 00:00:00',
  PRIMARY KEY (`id`),
  UNIQUE KEY `id_paket` (`id_paket`,`bulan`),
  KEY `bulan` (`bulan`)
) ENGINE=InnoDB  DEFAULT CHARSET=latin1 AUTO_INCREMENT=5 ;

--
-- Dumping data for table `manfaats`
--

INSERT INTO `manfaats` (`id`, `id_paket`, `bulan`, `manfaat`, `santunan`, `tambahan`, `created_at`, `updated_at`) VALUES
(1, 'A-50', 1, '37324.00', '0.00', '0.00', '0000-00-00 00:00:00', '0000-00-00 00:00:00'),
(2, 'A-50', 2, '74647.00', '0.00', '0.00', '2015-02-19 07:55:36', '2015-02-19 07:55:36'),
(3, 'A-50', 3, '111971.00', '0.00', '0.00', '2015-02-19 07:56:06', '2015-02-19 07:56:06'),
(4, 'A-50', 4, '149295.00', '0.00', '0.00', '2015-03-02 06:07:13', '2015-03-02 06:07:13');

-- --------------------------------------------------------

--
-- Table structure for table `migrations`
--

CREATE TABLE IF NOT EXISTS `migrations` (
  `migration` varchar(255) COLLATE utf8_unicode_ci NOT NULL,
  `batch` int(11) NOT NULL
) ENGINE=InnoDB DEFAULT CHARSET=utf8 COLLATE=utf8_unicode_ci;

--
-- Dumping data for table `migrations`
--

INSERT INTO `migrations` (`migration`, `batch`) VALUES
('2012_12_06_225921_migration_cartalyst_sentry_install_users', 1),
('2012_12_06_225929_migration_cartalyst_sentry_install_groups', 1),
('2012_12_06_225945_migration_cartalyst_sentry_install_users_groups_pivot', 1),
('2012_12_06_225988_migration_cartalyst_sentry_install_throttle', 1),
('2014_10_03_065136_create_division_table', 2),
('2014_11_29_120125_create_table_account', 2),
('2014_11_29_200903_create_table_subaccount', 2),
('2014_11_29_203318_create_table_coa', 2),
('2015_03_28_023003_create_table_ekspedisi', 3),
('2015_03_28_023610_create_table_supplier', 3),
('2015_03_28_024304_create_table_sales', 3),
('2015_03_29_071422_create_table_anggota', 4),
('2015_03_29_071514_create_table_pengambilan', 4),
('2015_03_29_071603_create_table_pinjaman_detail', 4),
('2015_03_29_071653_create_table_pinjaman_header', 4),
('2015_03_29_071739_create_table_simpanan', 4),
('2015_03_29_071836_create_table_jenis_simpan', 5),
('2014_03_29_071422_create_table_anggota', 6),
('2014_03_25_022850_create_table_koperasi', 7),
('2014_03_25_024021_rename_table_koperasis', 8),
('2014_03_29_022850_create_table_koperasi', 8),
('2014_02_29_011653_create_table_pinjaman_header', 9),
('2014_01_01_011111_create_table_pelanggan', 10),
('2014_01_01_011111_create_table_barang', 11),
('2014_01_01_000111_create_table_adjustment', 12);

-- --------------------------------------------------------

--
-- Table structure for table `pakets`
--

CREATE TABLE IF NOT EXISTS `pakets` (
  `id_paket` varchar(5) NOT NULL,
  `nama_paket` varchar(60) NOT NULL,
  `iuran` decimal(18,2) NOT NULL,
  `premi` decimal(18,2) NOT NULL,
  `operasional` decimal(18,2) NOT NULL,
  `cadangan` decimal(18,2) NOT NULL,
  `created_at` timestamp NOT NULL DEFAULT '0000-00-00 00:00:00',
  `updated_at` timestamp NOT NULL DEFAULT '0000-00-00 00:00:00',
  PRIMARY KEY (`id_paket`)
) ENGINE=InnoDB DEFAULT CHARSET=latin1;

--
-- Dumping data for table `pakets`
--

INSERT INTO `pakets` (`id_paket`, `nama_paket`, `iuran`, `premi`, `operasional`, `cadangan`, `created_at`, `updated_at`) VALUES
('A-50', 'A-50000', '50000.00', '9200.00', '5000.00', '35800.00', '0000-00-00 00:00:00', '0000-00-00 00:00:00');

-- --------------------------------------------------------

--
-- Table structure for table `pdams`
--

CREATE TABLE IF NOT EXISTS `pdams` (
  `id_pdam` int(4) NOT NULL AUTO_INCREMENT,
  `nama_pdam` varchar(60) NOT NULL,
  `alamat` varchar(255) NOT NULL,
  `telepon` varchar(20) NOT NULL,
  `fax` varchar(20) NOT NULL,
  `created_at` timestamp NOT NULL DEFAULT '0000-00-00 00:00:00',
  `updated_at` timestamp NOT NULL DEFAULT '0000-00-00 00:00:00',
  PRIMARY KEY (`id_pdam`)
) ENGINE=InnoDB  DEFAULT CHARSET=latin1 AUTO_INCREMENT=3 ;

--
-- Dumping data for table `pdams`
--

INSERT INTO `pdams` (`id_pdam`, `nama_pdam`, `alamat`, `telepon`, `fax`, `created_at`, `updated_at`) VALUES
(1, 'PDAM TIRTA HANDAYANI', 'KABUPATEN GUNUNG KIDUL JL. KI AGENG GIRING 12 WONOSARI. GUNUNG KIDUL - 55931', '0856', '021', '2015-03-02 13:10:00', '2015-03-02 06:10:00'),
(2, 'PDAM KOTA SURAKARTA', 'JL. ADI SUCIPTO NO 143 SURAKARTA -57145', '', '', '0000-00-00 00:00:00', '0000-00-00 00:00:00');

-- --------------------------------------------------------

--
-- Table structure for table `pesertas`
--

CREATE TABLE IF NOT EXISTS `pesertas` (
  `id_peserta` int(8) NOT NULL,
  `nama_peserta` varchar(60) NOT NULL,
  `tempat_lahir` varchar(60) NOT NULL,
  `tanggal_lahir` date NOT NULL,
  `jenis_kelamin` varchar(9) NOT NULL,
  `alamat` varchar(255) NOT NULL,
  `telpon` varchar(20) NOT NULL,
  `handphone` varchar(20) NOT NULL,
  `id_pdam` int(4) NOT NULL,
  `id_paket` varchar(5) NOT NULL,
  `tanggal_masuk` date NOT NULL DEFAULT '0000-00-00',
  `tanggal_berhenti` date NOT NULL DEFAULT '0000-00-00',
  `tanggal_proses` date NOT NULL DEFAULT '0000-00-00',
  `nama_ahli_waris` varchar(60) NOT NULL,
  `id_bank` varchar(3) NOT NULL,
  `nomor_rekening` varchar(20) NOT NULL,
  `atas_nama` varchar(60) NOT NULL,
  `id_status` int(2) NOT NULL,
  `jml_claim` int(11) NOT NULL DEFAULT '0',
  `created_at` timestamp NOT NULL DEFAULT '0000-00-00 00:00:00',
  `updated_at` timestamp NOT NULL DEFAULT '0000-00-00 00:00:00',
  PRIMARY KEY (`id_peserta`),
  KEY `id_pdam` (`id_pdam`),
  KEY `id_paket` (`id_paket`),
  KEY `id_status` (`id_status`),
  KEY `id_bank` (`id_bank`)
) ENGINE=InnoDB DEFAULT CHARSET=latin1;

--
-- Dumping data for table `pesertas`
--

INSERT INTO `pesertas` (`id_peserta`, `nama_peserta`, `tempat_lahir`, `tanggal_lahir`, `jenis_kelamin`, `alamat`, `telpon`, `handphone`, `id_pdam`, `id_paket`, `tanggal_masuk`, `tanggal_berhenti`, `tanggal_proses`, `nama_ahli_waris`, `id_bank`, `nomor_rekening`, `atas_nama`, `id_status`, `jml_claim`, `created_at`, `updated_at`) VALUES
(2014080001, 'HARUN', 'PURWOREJO', '1989-06-09', 'L', 'PURWOREJO', '085', '085', 1, 'A-50', '2014-08-09', '1970-01-01', '1970-01-01', 'YUSUF', 'BRI', '021', 'HARUN', 6, 2, '2015-03-18 10:15:57', '2015-03-18 03:15:57'),
(2014080002, 'AGUSTINO', 'JAKARTA', '1970-01-01', 'L', 'KP MELAYU CIPINANG MUARA', '0213456789', '08976542244', 1, 'A-50', '2014-08-03', '1970-01-01', '1970-01-01', 'SETIAWAN', 'BRI', '89677777777', 'FIRAUN', 6, 0, '2015-03-07 21:42:28', '2015-03-07 21:42:28'),
(2015010002, 'TOEKO TRIYANTO', 'YOGYAKARTA', '1984-06-19', 'L', 'GRIYA KOTA BEKASI 2 B29/2', '085920527954', '085920527954', 1, 'A-50', '2015-01-19', '1970-01-01', '1970-01-01', 'ADITYA PRATAMA SAPUTRA', 'BRI', '87736545554', 'TOEKO TRIYANTO', 0, 0, '2015-02-23 20:37:48', '2015-02-23 13:37:48'),
(2015010003, 'LINA TRI KUSUMAWATI', 'BANDUNG', '2014-02-12', 'P', 'GRIYA KOTA BEKASI 2', '085920527954', '085920527954', 2, 'A-50', '2014-01-02', '1970-01-01', '1970-01-01', 'ADITYA PRATAMA SAPUTRA', 'BRI', '87736545554', 'TOEKO TRIYANTO', 6, 0, '2015-02-23 20:38:03', '2015-02-23 13:38:03'),
(2015020001, 'ASEP JAENUDIN', 'MAGELANG', '1988-01-18', 'L', 'sdffgsg', '08787989098987', '087883654211', 1, 'A-50', '2015-02-14', '1970-01-01', '1970-01-01', 'ARDIAN', 'BRI', '89677777777', 'MISKUN', 6, 0, '2015-03-16 23:40:35', '2015-03-16 23:40:35'),
(2015020002, 'ASEP JAENUDIN', 'JAKARTA', '1980-06-19', 'L', 'aagfd', '082101980808', '087883654211', 1, 'A-50', '2015-02-14', '1970-01-01', '1970-01-01', 'ARDIAN', 'MDR', '4567890', 'MISKUN', 6, 0, '2015-03-17 00:02:10', '2015-03-17 00:02:10'),
(2015020003, 'JENGLOT', 'JAKARTA', '1970-01-01', 'L', 'sdf', '021 786787878', '087883654211', 1, 'A-50', '2015-02-14', '1970-01-01', '1970-01-01', 'ARDIAN', 'BRI', '4567890', 'MISKUN', 6, 0, '2015-03-17 00:04:02', '2015-03-17 00:04:02'),
(2015020004, 'ASEP JAENUDIN', 'JAKARTA', '1980-06-19', 'L', 'kp rawa panajjoijkl', '087883654211', '087883654211', 1, 'A-50', '2015-02-14', '1970-01-01', '1970-01-01', 'AKMAL IBRAHIM', 'BRI', '4567890', 'MISKUN', 6, 0, '2015-03-17 00:10:23', '2015-03-17 00:10:23'),
(2015020005, 'JENGLOT', 'PURWOREJO', '1980-06-19', 'L', 'kljljljl', '087883654211', '987987987987897', 1, 'A-50', '2015-02-14', '1970-01-01', '1970-01-01', 'ARDIAN', 'BRI', '4567890', 'MISKUN', 6, 0, '2015-03-17 00:17:09', '2015-03-17 00:17:09'),
(2015030002, 'ASEP JAENUDIN', 'JAKARTA', '1980-06-19', 'L', 'kp', '087883654211', '087883654211', 1, 'A-50', '2015-03-14', '1970-01-01', '1970-01-01', 'ARDIAN', 'MDR', '4567890', 'MISKUN', 6, 0, '2015-02-23 20:38:20', '2015-02-23 13:38:20'),
(2015030003, 'ASEP JAENUDIN', 'JAKARTA', '1980-06-19', 'L', 'bekasi', '087883654211', '087883654211', 1, 'A-50', '2015-03-14', '1970-01-01', '1970-01-01', 'ARDIAN', 'MDR', '4567890', 'MISKUN', 6, 0, '2015-02-23 20:38:38', '2015-02-23 13:38:38'),
(2015030004, 'LINA TRIKUSUSM', 'JAKARTA', '1988-01-18', 'P', 'GRIYA KOTA BEKASI 2', '087883654211', '087883654211', 1, 'A-50', '2015-03-14', '1970-01-01', '1970-01-01', 'AKMAL IBRAHIM', 'MDR', '123333333333', 'LINA TRIKUSUMAWATI', 0, 0, '2015-03-24 03:17:30', '2015-03-23 20:17:30'),
(2015030005, 'JENGLOT', 'JAKARTA', '1980-06-19', 'L', 'kp griya kota bekasi', '08787989098987', '987987987987897', 1, 'A-50', '2015-03-14', '1970-01-01', '1970-01-01', 'ARDIAN', 'BRI', '4567890', 'FIRAUN', 6, 0, '2015-03-16 23:32:19', '2015-03-16 23:32:19');

-- --------------------------------------------------------

--
-- Table structure for table `status`
--

CREATE TABLE IF NOT EXISTS `status` (
  `id_status` int(2) NOT NULL,
  `keterangan` varchar(60) NOT NULL,
  `tarif` int(3) NOT NULL,
  `created_at` timestamp NOT NULL DEFAULT '0000-00-00 00:00:00',
  `updated_at` timestamp NOT NULL DEFAULT '0000-00-00 00:00:00',
  PRIMARY KEY (`id_status`)
) ENGINE=InnoDB DEFAULT CHARSET=latin1;

--
-- Dumping data for table `status`
--

INSERT INTO `status` (`id_status`, `keterangan`, `tarif`, `created_at`, `updated_at`) VALUES
(0, 'AKTIF', 100, '2015-01-13 09:03:07', '0000-00-00 00:00:00'),
(1, 'PENSIUN NORMAL', 100, '2015-01-13 09:03:18', '0000-00-00 00:00:00'),
(2, 'PENSIUN DITUNDA', 40, '2015-01-13 09:03:27', '0000-00-00 00:00:00'),
(3, 'PENSIUN DIPERCEPAT', 40, '2015-01-13 09:03:36', '0000-00-00 00:00:00'),
(4, 'MENINGGAL DUNIA', 100, '2015-01-13 09:03:48', '0000-00-00 00:00:00'),
(5, 'MENINGGAL DUNIA ( BUNUH DIRI )', 100, '2015-01-13 09:04:00', '0000-00-00 00:00:00'),
(6, 'PENDAFTARAN', 0, '2015-01-19 06:51:58', '2015-01-19 06:51:58');

-- --------------------------------------------------------

--
-- Table structure for table `subaccounts`
--

CREATE TABLE IF NOT EXISTS `subaccounts` (
  `id` varchar(1) COLLATE utf8_unicode_ci NOT NULL,
  `subaccount_name` varchar(60) COLLATE utf8_unicode_ci NOT NULL,
  `created_at` timestamp NOT NULL DEFAULT '0000-00-00 00:00:00',
  `updated_at` timestamp NOT NULL DEFAULT '0000-00-00 00:00:00',
  PRIMARY KEY (`id`)
) ENGINE=InnoDB DEFAULT CHARSET=utf8 COLLATE=utf8_unicode_ci;

-- --------------------------------------------------------

--
-- Table structure for table `throttle`
--

CREATE TABLE IF NOT EXISTS `throttle` (
  `id` int(10) unsigned NOT NULL AUTO_INCREMENT,
  `user_id` int(10) unsigned DEFAULT NULL,
  `ip_address` varchar(255) COLLATE utf8_unicode_ci DEFAULT NULL,
  `attempts` int(11) NOT NULL DEFAULT '0',
  `suspended` tinyint(1) NOT NULL DEFAULT '0',
  `banned` tinyint(1) NOT NULL DEFAULT '0',
  `last_attempt_at` timestamp NULL DEFAULT NULL,
  `suspended_at` timestamp NULL DEFAULT NULL,
  `banned_at` timestamp NULL DEFAULT NULL,
  PRIMARY KEY (`id`),
  KEY `throttle_user_id_index` (`user_id`)
) ENGINE=InnoDB  DEFAULT CHARSET=utf8 COLLATE=utf8_unicode_ci AUTO_INCREMENT=6 ;

--
-- Dumping data for table `throttle`
--

INSERT INTO `throttle` (`id`, `user_id`, `ip_address`, `attempts`, `suspended`, `banned`, `last_attempt_at`, `suspended_at`, `banned_at`) VALUES
(1, 1, '127.0.0.1', 2, 0, 0, '2015-01-12 21:15:31', NULL, NULL),
(2, 1, '::1', 4, 0, 0, '2015-02-13 18:20:05', NULL, NULL),
(3, 2, '::1', 1, 0, 0, '2015-02-02 06:42:51', NULL, NULL),
(4, 3, '::1', 0, 0, 0, NULL, NULL, NULL),
(5, 3, '192.168.0.16', 0, 0, 0, NULL, NULL, NULL);

-- --------------------------------------------------------

--
-- Table structure for table `trx_adjustment`
--

CREATE TABLE IF NOT EXISTS `trx_adjustment` (
  `id` int(10) unsigned NOT NULL AUTO_INCREMENT,
  `tanggal_adjust` date NOT NULL,
  `id_barang` varchar(4) COLLATE utf8_unicode_ci NOT NULL,
  `jenis_adjust` varchar(1) COLLATE utf8_unicode_ci NOT NULL,
  `jml_adjust` decimal(18,2) NOT NULL,
  `keterangan` varchar(255) COLLATE utf8_unicode_ci NOT NULL,
  `created_at` timestamp NOT NULL DEFAULT '0000-00-00 00:00:00',
  `updated_at` timestamp NOT NULL DEFAULT '0000-00-00 00:00:00',
  PRIMARY KEY (`id`),
  KEY `id_barang` (`id_barang`)
) ENGINE=InnoDB  DEFAULT CHARSET=utf8 COLLATE=utf8_unicode_ci AUTO_INCREMENT=5 ;

--
-- Dumping data for table `trx_adjustment`
--

INSERT INTO `trx_adjustment` (`id`, `tanggal_adjust`, `id_barang`, `jenis_adjust`, `jml_adjust`, `keterangan`, `created_at`, `updated_at`) VALUES
(1, '2015-04-05', 'IK00', '+', '12.00', '', '0000-00-00 00:00:00', '2015-04-05 14:24:27'),
(2, '2015-04-05', 'IK00', '-', '0.00', '', '2015-04-05 14:22:59', '2015-04-05 14:22:59'),
(3, '2015-04-05', 'IK00', '+', '10.00', '', '2015-04-05 14:32:37', '2015-04-05 14:32:37'),
(4, '2015-04-05', 'IK00', '-', '20.00', '', '2015-04-05 14:38:09', '2015-04-05 14:38:09');

-- --------------------------------------------------------

--
-- Table structure for table `trx_barang`
--

CREATE TABLE IF NOT EXISTS `trx_barang` (
  `id` varchar(4) COLLATE utf8_unicode_ci NOT NULL,
  `nama_barang` varchar(255) COLLATE utf8_unicode_ci NOT NULL,
  `stok` decimal(8,2) NOT NULL,
  `created_at` timestamp NOT NULL DEFAULT '0000-00-00 00:00:00',
  `updated_at` timestamp NOT NULL DEFAULT '0000-00-00 00:00:00',
  PRIMARY KEY (`id`)
) ENGINE=InnoDB DEFAULT CHARSET=utf8 COLLATE=utf8_unicode_ci;

--
-- Dumping data for table `trx_barang`
--

INSERT INTO `trx_barang` (`id`, `nama_barang`, `stok`, `created_at`, `updated_at`) VALUES
('IK00', 'WM ITRON DIA 1/2" SNI 2013', '69.00', '0000-00-00 00:00:00', '2015-04-05 14:38:10');

-- --------------------------------------------------------

--
-- Table structure for table `trx_ekspedisis`
--

CREATE TABLE IF NOT EXISTS `trx_ekspedisis` (
  `id` int(11) NOT NULL AUTO_INCREMENT,
  `nama` varchar(255) COLLATE utf8_unicode_ci NOT NULL,
  `alamat` varchar(255) COLLATE utf8_unicode_ci NOT NULL,
  `kota` varchar(255) COLLATE utf8_unicode_ci NOT NULL,
  `contact` varchar(255) COLLATE utf8_unicode_ci NOT NULL,
  `telp` varchar(255) COLLATE utf8_unicode_ci NOT NULL,
  `daerah` varchar(255) COLLATE utf8_unicode_ci NOT NULL,
  `email` varchar(255) COLLATE utf8_unicode_ci NOT NULL,
  `created_at` timestamp NOT NULL DEFAULT '0000-00-00 00:00:00',
  `updated_at` timestamp NOT NULL DEFAULT '0000-00-00 00:00:00',
  PRIMARY KEY (`id`)
) ENGINE=InnoDB  DEFAULT CHARSET=utf8 COLLATE=utf8_unicode_ci AUTO_INCREMENT=3 ;

--
-- Dumping data for table `trx_ekspedisis`
--

INSERT INTO `trx_ekspedisis` (`id`, `nama`, `alamat`, `kota`, `contact`, `telp`, `daerah`, `email`, `created_at`, `updated_at`) VALUES
(2, 'jne local', 'jakarta', 'jakarta', 'toeko', '908080', 'jakarta', 'to.eko.triyanto@gmail.com', '2015-03-28 21:15:24', '2015-03-28 21:15:24');

-- --------------------------------------------------------

--
-- Table structure for table `trx_pelanggan`
--

CREATE TABLE IF NOT EXISTS `trx_pelanggan` (
  `id` int(11) NOT NULL AUTO_INCREMENT,
  `nama_pelanggan` varchar(255) COLLATE utf8_unicode_ci NOT NULL,
  `alamat` varchar(255) COLLATE utf8_unicode_ci NOT NULL,
  `contact` varchar(255) COLLATE utf8_unicode_ci NOT NULL,
  `telp` varchar(255) COLLATE utf8_unicode_ci NOT NULL,
  `fax` varchar(255) COLLATE utf8_unicode_ci NOT NULL,
  `created_at` timestamp NOT NULL DEFAULT '0000-00-00 00:00:00',
  `updated_at` timestamp NOT NULL DEFAULT '0000-00-00 00:00:00',
  PRIMARY KEY (`id`)
) ENGINE=InnoDB  DEFAULT CHARSET=utf8 COLLATE=utf8_unicode_ci AUTO_INCREMENT=2 ;

--
-- Dumping data for table `trx_pelanggan`
--

INSERT INTO `trx_pelanggan` (`id`, `nama_pelanggan`, `alamat`, `contact`, `telp`, `fax`, `created_at`, `updated_at`) VALUES
(1, 'toeko triyanto', 'jakarta', 'eko xx', '0809808', '021786787878', '2015-04-05 08:25:09', '2015-04-05 08:33:03');

-- --------------------------------------------------------

--
-- Table structure for table `trx_sales`
--

CREATE TABLE IF NOT EXISTS `trx_sales` (
  `id` int(11) NOT NULL AUTO_INCREMENT,
  `nama_sales` varchar(255) COLLATE utf8_unicode_ci NOT NULL,
  `created_at` timestamp NOT NULL DEFAULT '0000-00-00 00:00:00',
  `updated_at` timestamp NOT NULL DEFAULT '0000-00-00 00:00:00',
  PRIMARY KEY (`id`)
) ENGINE=InnoDB  DEFAULT CHARSET=utf8 COLLATE=utf8_unicode_ci AUTO_INCREMENT=2 ;

--
-- Dumping data for table `trx_sales`
--

INSERT INTO `trx_sales` (`id`, `nama_sales`, `created_at`, `updated_at`) VALUES
(1, 'toeko triyanto', '0000-00-00 00:00:00', '0000-00-00 00:00:00');

-- --------------------------------------------------------

--
-- Table structure for table `trx_suppliers`
--

CREATE TABLE IF NOT EXISTS `trx_suppliers` (
  `id` int(11) NOT NULL AUTO_INCREMENT,
  `nama_supplier` varchar(255) COLLATE utf8_unicode_ci NOT NULL,
  `kota` varchar(255) COLLATE utf8_unicode_ci NOT NULL,
  `contact` varchar(255) COLLATE utf8_unicode_ci NOT NULL,
  `telp` varchar(255) COLLATE utf8_unicode_ci NOT NULL,
  `product` varchar(255) COLLATE utf8_unicode_ci NOT NULL,
  `email` varchar(255) COLLATE utf8_unicode_ci NOT NULL,
  `created_at` timestamp NOT NULL DEFAULT '0000-00-00 00:00:00',
  `updated_at` timestamp NOT NULL DEFAULT '0000-00-00 00:00:00',
  PRIMARY KEY (`id`)
) ENGINE=InnoDB  DEFAULT CHARSET=utf8 COLLATE=utf8_unicode_ci AUTO_INCREMENT=2 ;

--
-- Dumping data for table `trx_suppliers`
--

INSERT INTO `trx_suppliers` (`id`, `nama_supplier`, `kota`, `contact`, `telp`, `product`, `email`, `created_at`, `updated_at`) VALUES
(1, 'pt xyz', 'bogor', 'tono', '097987979', 'marketing done xxxxxx', 'to.eko.triyanto@gmail.com', '2015-03-28 20:20:16', '2015-03-28 20:27:31');

-- --------------------------------------------------------

--
-- Table structure for table `users`
--

CREATE TABLE IF NOT EXISTS `users` (
  `id` int(10) unsigned NOT NULL AUTO_INCREMENT,
  `email` varchar(255) COLLATE utf8_unicode_ci NOT NULL,
  `password` varchar(255) COLLATE utf8_unicode_ci NOT NULL,
  `permissions` text COLLATE utf8_unicode_ci,
  `activated` tinyint(1) NOT NULL DEFAULT '0',
  `activation_code` varchar(255) COLLATE utf8_unicode_ci DEFAULT NULL,
  `activated_at` timestamp NULL DEFAULT NULL,
  `last_login` timestamp NULL DEFAULT NULL,
  `persist_code` varchar(255) COLLATE utf8_unicode_ci DEFAULT NULL,
  `reset_password_code` varchar(255) COLLATE utf8_unicode_ci DEFAULT NULL,
  `first_name` varchar(255) COLLATE utf8_unicode_ci DEFAULT NULL,
  `last_name` varchar(255) COLLATE utf8_unicode_ci DEFAULT NULL,
  `created_at` timestamp NOT NULL DEFAULT '0000-00-00 00:00:00',
  `updated_at` timestamp NOT NULL DEFAULT '0000-00-00 00:00:00',
  PRIMARY KEY (`id`),
  UNIQUE KEY `users_email_unique` (`email`),
  KEY `users_activation_code_index` (`activation_code`),
  KEY `users_reset_password_code_index` (`reset_password_code`)
) ENGINE=InnoDB  DEFAULT CHARSET=utf8 COLLATE=utf8_unicode_ci AUTO_INCREMENT=4 ;

--
-- Dumping data for table `users`
--

INSERT INTO `users` (`id`, `email`, `password`, `permissions`, `activated`, `activation_code`, `activated_at`, `last_login`, `persist_code`, `reset_password_code`, `first_name`, `last_name`, `created_at`, `updated_at`) VALUES
(3, 'to.eko.triyanto@gmail.com', 'yZj8yksvzXaa91z4099418f587f08c0bb83a3eab46144839e395feb08a5c0ea0d8d8961169060830', NULL, 1, NULL, NULL, '2015-04-05 13:23:39', 'zgnUDYcXubeEXO6g9412b8af29b83b5d9a6dc1e8bef229a3a89ac3785aa2efe4276615020c6e24de', NULL, 'toeko', 'triyanto', '2015-02-17 08:06:01', '2015-04-05 13:23:39');

-- --------------------------------------------------------

--
-- Table structure for table `users_groups`
--

CREATE TABLE IF NOT EXISTS `users_groups` (
  `user_id` int(10) unsigned NOT NULL,
  `group_id` int(10) unsigned NOT NULL,
  PRIMARY KEY (`user_id`,`group_id`)
) ENGINE=InnoDB DEFAULT CHARSET=utf8 COLLATE=utf8_unicode_ci;

--
-- Dumping data for table `users_groups`
--

INSERT INTO `users_groups` (`user_id`, `group_id`) VALUES
(3, 1);

-- --------------------------------------------------------

--
-- Table structure for table `usp_anggotas`
--

CREATE TABLE IF NOT EXISTS `usp_anggotas` (
  `id` varchar(255) COLLATE utf8_unicode_ci NOT NULL,
  `nama_anggota` varchar(255) COLLATE utf8_unicode_ci NOT NULL,
  `jk` varchar(10) COLLATE utf8_unicode_ci NOT NULL,
  `tempat_lahir` varchar(255) COLLATE utf8_unicode_ci NOT NULL,
  `tanggal_lahir` date NOT NULL,
  `alamat` varchar(255) COLLATE utf8_unicode_ci NOT NULL,
  `hp` varchar(15) COLLATE utf8_unicode_ci NOT NULL,
  `no_identitas` varchar(255) COLLATE utf8_unicode_ci NOT NULL,
  `id_pdam` int(4) NOT NULL,
  `created_at` timestamp NOT NULL DEFAULT '0000-00-00 00:00:00',
  `updated_at` timestamp NOT NULL DEFAULT '0000-00-00 00:00:00',
  PRIMARY KEY (`id`)
) ENGINE=InnoDB DEFAULT CHARSET=utf8 COLLATE=utf8_unicode_ci;

--
-- Dumping data for table `usp_anggotas`
--

INSERT INTO `usp_anggotas` (`id`, `nama_anggota`, `jk`, `tempat_lahir`, `tanggal_lahir`, `alamat`, `hp`, `no_identitas`, `id_pdam`, `created_at`, `updated_at`) VALUES
('12345678', 'toeko triyanto', 'pria', 'yogyakarta', '1984-06-19', 'griya kota bekasi 2 blok b29/2', '085920527954', '320809808080809808', 1, '0000-00-00 00:00:00', '0000-00-00 00:00:00'),
('87654321', 'toeko', 'Pria', 'yogykarta', '0000-00-00', 'xxxx', '43535345', '535353535', 2, '2015-04-04 13:24:08', '2015-04-04 13:27:58');

-- --------------------------------------------------------

--
-- Table structure for table `usp_jenis_simpan`
--

CREATE TABLE IF NOT EXISTS `usp_jenis_simpan` (
  `id` int(11) NOT NULL AUTO_INCREMENT,
  `jenis_simpanan` varchar(255) COLLATE utf8_unicode_ci NOT NULL,
  `jumlah` decimal(18,2) NOT NULL,
  `created_at` timestamp NOT NULL DEFAULT '0000-00-00 00:00:00',
  `updated_at` timestamp NOT NULL DEFAULT '0000-00-00 00:00:00',
  PRIMARY KEY (`id`)
) ENGINE=InnoDB  DEFAULT CHARSET=utf8 COLLATE=utf8_unicode_ci AUTO_INCREMENT=3 ;

--
-- Dumping data for table `usp_jenis_simpan`
--

INSERT INTO `usp_jenis_simpan` (`id`, `jenis_simpanan`, `jumlah`, `created_at`, `updated_at`) VALUES
(1, 'simpanan wajib', '250000.00', '0000-00-00 00:00:00', '0000-00-00 00:00:00'),
(2, 'simpanan pokok', '5000000.00', '0000-00-00 00:00:00', '0000-00-00 00:00:00');

-- --------------------------------------------------------

--
-- Table structure for table `usp_koperasis`
--

CREATE TABLE IF NOT EXISTS `usp_koperasis` (
  `id` int(10) unsigned NOT NULL AUTO_INCREMENT,
  `nama_koperasi` varchar(255) COLLATE utf8_unicode_ci NOT NULL,
  `alamat` varchar(255) COLLATE utf8_unicode_ci NOT NULL,
  `telp` varchar(20) COLLATE utf8_unicode_ci NOT NULL,
  `fax` varchar(20) COLLATE utf8_unicode_ci NOT NULL,
  `pengurus1` varchar(255) COLLATE utf8_unicode_ci NOT NULL,
  `pengurus2` varchar(255) COLLATE utf8_unicode_ci NOT NULL,
  `pengurus3` varchar(255) COLLATE utf8_unicode_ci NOT NULL,
  `pengawas` varchar(255) COLLATE utf8_unicode_ci NOT NULL,
  `email` varchar(255) COLLATE utf8_unicode_ci NOT NULL,
  `simpanan_pokok` decimal(18,2) NOT NULL,
  `simpanan_wajib` decimal(18,2) NOT NULL,
  `created_at` timestamp NOT NULL DEFAULT '0000-00-00 00:00:00',
  `updated_at` timestamp NOT NULL DEFAULT '0000-00-00 00:00:00',
  PRIMARY KEY (`id`)
) ENGINE=InnoDB  DEFAULT CHARSET=utf8 COLLATE=utf8_unicode_ci AUTO_INCREMENT=3 ;

--
-- Dumping data for table `usp_koperasis`
--

INSERT INTO `usp_koperasis` (`id`, `nama_koperasi`, `alamat`, `telp`, `fax`, `pengurus1`, `pengurus2`, `pengurus3`, `pengawas`, `email`, `simpanan_pokok`, `simpanan_wajib`, `created_at`, `updated_at`) VALUES
(1, 'koperasi bojonegoro', 'semarang yogyakarta', '0988808', '9808099', 'ahmad', 'ahmad', 'ahmad', 'monyuuu', 'toeko.triyanto@gmail.com', '250000.00', '5000000.00', '0000-00-00 00:00:00', '0000-00-00 00:00:00'),
(2, 'dfoiuooipoii', 'kljljljl', '9808080989', '08080', 'lkjlj', 'lkj', 'lkj', 'kj', 'to.eko.triyanto@gmail.com', '100000.00', '120202020.00', '2015-03-31 13:43:31', '2015-03-31 13:43:31');

-- --------------------------------------------------------

--
-- Table structure for table `usp_pengambilan`
--

CREATE TABLE IF NOT EXISTS `usp_pengambilan` (
  `id` varchar(255) COLLATE utf8_unicode_ci NOT NULL,
  `tanggal_ambil` date NOT NULL,
  `id_anggota` int(11) NOT NULL,
  `jumlah` decimal(8,2) NOT NULL,
  `created_at` timestamp NOT NULL DEFAULT '0000-00-00 00:00:00',
  `updated_at` timestamp NOT NULL DEFAULT '0000-00-00 00:00:00',
  PRIMARY KEY (`id`)
) ENGINE=InnoDB DEFAULT CHARSET=utf8 COLLATE=utf8_unicode_ci;

--
-- Dumping data for table `usp_pengambilan`
--

INSERT INTO `usp_pengambilan` (`id`, `tanggal_ambil`, `id_anggota`, `jumlah`, `created_at`, `updated_at`) VALUES
('2015040001', '2015-04-03', 1, '10000.00', '2015-04-02 19:58:51', '2015-04-02 20:24:18'),
('2015040002', '2015-04-03', 1, '10000.00', '2015-04-02 20:16:21', '2015-04-02 20:16:21'),
('2015040003', '2015-04-03', 1, '230000.00', '2015-04-02 20:17:33', '2015-04-02 20:25:03');

-- --------------------------------------------------------

--
-- Table structure for table `usp_pinjaman_details`
--

CREATE TABLE IF NOT EXISTS `usp_pinjaman_details` (
  `id` int(10) unsigned NOT NULL AUTO_INCREMENT,
  `id_pinjam` int(11) NOT NULL,
  `cicilan_ke` int(11) NOT NULL,
  `angsuran_pokok` decimal(18,2) NOT NULL,
  `perkiraan_bagi_hasil` decimal(18,2) NOT NULL,
  `total_angsuran` decimal(18,2) NOT NULL,
  `sisa_pembiayaan` decimal(18,2) NOT NULL,
  `tanggal_bayar` date NOT NULL,
  `created_at` timestamp NOT NULL DEFAULT '0000-00-00 00:00:00',
  `updated_at` timestamp NOT NULL DEFAULT '0000-00-00 00:00:00',
  PRIMARY KEY (`id`)
) ENGINE=InnoDB  DEFAULT CHARSET=utf8 COLLATE=utf8_unicode_ci AUTO_INCREMENT=35 ;

--
-- Dumping data for table `usp_pinjaman_details`
--

INSERT INTO `usp_pinjaman_details` (`id`, `id_pinjam`, `cicilan_ke`, `angsuran_pokok`, `perkiraan_bagi_hasil`, `total_angsuran`, `sisa_pembiayaan`, `tanggal_bayar`, `created_at`, `updated_at`) VALUES
(11, 2015040002, 1, '8333.33', '8333.33', '16666.67', '183333.33', '0000-00-00', '2015-04-04 11:26:33', '2015-04-04 11:26:33'),
(12, 2015040002, 2, '8333.33', '8333.33', '16666.67', '166666.67', '0000-00-00', '2015-04-04 11:26:33', '2015-04-04 11:26:33'),
(13, 2015040002, 3, '8333.33', '8333.33', '16666.67', '150000.00', '0000-00-00', '2015-04-04 11:26:33', '2015-04-04 11:26:33'),
(14, 2015040002, 4, '8333.33', '8333.33', '16666.67', '133333.33', '0000-00-00', '2015-04-04 11:26:33', '2015-04-04 11:26:33'),
(15, 2015040002, 5, '8333.33', '8333.33', '16666.67', '116666.67', '0000-00-00', '2015-04-04 11:26:33', '2015-04-04 11:26:33'),
(16, 2015040002, 6, '8333.33', '8333.33', '16666.67', '100000.00', '0000-00-00', '2015-04-04 11:26:33', '2015-04-04 11:26:33'),
(17, 2015040002, 7, '8333.33', '8333.33', '16666.67', '83333.33', '0000-00-00', '2015-04-04 11:26:33', '2015-04-04 11:26:33'),
(18, 2015040002, 8, '8333.33', '8333.33', '16666.67', '66666.67', '0000-00-00', '2015-04-04 11:26:33', '2015-04-04 11:26:33'),
(19, 2015040002, 9, '8333.33', '8333.33', '16666.67', '50000.00', '0000-00-00', '2015-04-04 11:26:33', '2015-04-04 11:26:33'),
(20, 2015040002, 10, '8333.33', '8333.33', '16666.67', '33333.33', '0000-00-00', '2015-04-04 11:26:33', '2015-04-04 11:26:33'),
(21, 2015040002, 11, '8333.33', '8333.33', '16666.67', '16666.67', '0000-00-00', '2015-04-04 11:26:33', '2015-04-04 11:26:33'),
(22, 2015040002, 12, '8333.33', '8333.33', '16666.67', '0.00', '0000-00-00', '2015-04-04 11:26:33', '2015-04-04 11:26:33'),
(23, 2015040003, 1, '8333.33', '4166.67', '12500.00', '137500.00', '2015-04-05', '2015-04-04 11:28:27', '2015-04-04 11:28:27'),
(24, 2015040003, 2, '8333.33', '4166.67', '12500.00', '125000.00', '2015-04-04', '2015-04-04 11:28:27', '2015-04-04 13:05:50'),
(25, 2015040003, 3, '8333.33', '4166.67', '12500.00', '112500.00', '2015-04-04', '2015-04-04 11:28:28', '2015-04-04 13:07:45'),
(26, 2015040003, 4, '8333.33', '4166.67', '12500.00', '100000.00', '0000-00-00', '2015-04-04 11:28:28', '2015-04-04 11:28:28'),
(27, 2015040003, 5, '8333.33', '4166.67', '12500.00', '87500.00', '0000-00-00', '2015-04-04 11:28:28', '2015-04-04 11:28:28'),
(28, 2015040003, 6, '8333.33', '4166.67', '12500.00', '75000.00', '0000-00-00', '2015-04-04 11:28:28', '2015-04-04 11:28:28'),
(29, 2015040003, 7, '8333.33', '4166.67', '12500.00', '62500.00', '0000-00-00', '2015-04-04 11:28:28', '2015-04-04 11:28:28'),
(30, 2015040003, 8, '8333.33', '4166.67', '12500.00', '50000.00', '0000-00-00', '2015-04-04 11:28:28', '2015-04-04 11:28:28'),
(31, 2015040003, 9, '8333.33', '4166.67', '12500.00', '37500.00', '0000-00-00', '2015-04-04 11:28:28', '2015-04-04 11:28:28'),
(32, 2015040003, 10, '8333.33', '4166.67', '12500.00', '25000.00', '0000-00-00', '2015-04-04 11:28:28', '2015-04-04 11:28:28'),
(33, 2015040003, 11, '8333.33', '4166.67', '12500.00', '12500.00', '0000-00-00', '2015-04-04 11:28:28', '2015-04-04 11:28:28'),
(34, 2015040003, 12, '8333.33', '4166.67', '12500.00', '0.00', '0000-00-00', '2015-04-04 11:28:28', '2015-04-04 11:28:28');

-- --------------------------------------------------------

--
-- Table structure for table `usp_pinjaman_header`
--

CREATE TABLE IF NOT EXISTS `usp_pinjaman_header` (
  `id` int(10) unsigned NOT NULL AUTO_INCREMENT,
  `tanggal_pinjam` date NOT NULL,
  `id_anggota` varchar(255) COLLATE utf8_unicode_ci NOT NULL,
  `pokok_pembiayaan` decimal(18,2) NOT NULL,
  `perkiraan_nisbah` decimal(18,2) NOT NULL,
  `maksimum_pembiayaan` decimal(18,2) NOT NULL,
  `jangka_waktu` int(11) NOT NULL,
  `keterangan` varchar(255) COLLATE utf8_unicode_ci NOT NULL,
  `created_at` timestamp NOT NULL DEFAULT '0000-00-00 00:00:00',
  `updated_at` timestamp NOT NULL DEFAULT '0000-00-00 00:00:00',
  PRIMARY KEY (`id`),
  KEY `usp_pinjaman_header_id_anggota_foreign` (`id_anggota`)
) ENGINE=InnoDB  DEFAULT CHARSET=utf8 COLLATE=utf8_unicode_ci AUTO_INCREMENT=2015040004 ;

--
-- Dumping data for table `usp_pinjaman_header`
--

INSERT INTO `usp_pinjaman_header` (`id`, `tanggal_pinjam`, `id_anggota`, `pokok_pembiayaan`, `perkiraan_nisbah`, `maksimum_pembiayaan`, `jangka_waktu`, `keterangan`, `created_at`, `updated_at`) VALUES
(2015040002, '2015-04-04', '', '100000.00', '100000.00', '200000.00', 12, 'ok', '2015-04-04 11:26:33', '2015-04-04 11:26:33'),
(2015040003, '2015-04-04', '12345678', '100000.00', '50000.00', '150000.00', 12, 'xxx', '2015-04-04 11:28:27', '2015-04-04 11:28:27');

-- --------------------------------------------------------

--
-- Table structure for table `usp_simpanans`
--

CREATE TABLE IF NOT EXISTS `usp_simpanans` (
  `id` int(10) unsigned NOT NULL,
  `tanggal_simpanan` date NOT NULL,
  `id_anggota` int(11) NOT NULL,
  `id_jenis` int(11) NOT NULL,
  `jumlah` decimal(18,2) NOT NULL,
  `created_at` timestamp NOT NULL DEFAULT '0000-00-00 00:00:00',
  `updated_at` timestamp NOT NULL DEFAULT '0000-00-00 00:00:00',
  PRIMARY KEY (`id`)
) ENGINE=InnoDB DEFAULT CHARSET=utf8 COLLATE=utf8_unicode_ci;

--
-- Dumping data for table `usp_simpanans`
--

INSERT INTO `usp_simpanans` (`id`, `tanggal_simpanan`, `id_anggota`, `id_jenis`, `jumlah`, `created_at`, `updated_at`) VALUES
(2015040001, '2015-05-01', 12345678, 1, '10000.00', '0000-00-00 00:00:00', '0000-00-00 00:00:00'),
(2015040002, '2015-04-01', 87654321, 1, '250000.00', '2015-04-01 14:24:57', '2015-04-01 14:24:57');

-- --------------------------------------------------------

--
-- Stand-in structure for view `v_pinjaman`
--
CREATE TABLE IF NOT EXISTS `v_pinjaman` (
`id` int(10) unsigned
,`tanggal_pinjam` date
,`id_anggota` varchar(255)
,`keterangan` varchar(255)
,`jangka_waktu` int(11)
,`maksimum_pembiayaan` decimal(18,2)
,`jml_angsuran` bigint(21)
,`total_angsuran` decimal(40,2)
,`jml_sisa_cicilan` bigint(21)
,`total_sisa_cicilan` decimal(40,2)
);
-- --------------------------------------------------------

--
-- Structure for view `v_pinjaman`
--
DROP TABLE IF EXISTS `v_pinjaman`;

CREATE ALGORITHM=UNDEFINED DEFINER=`root`@`localhost` SQL SECURITY DEFINER VIEW `v_pinjaman` AS select `a`.`id` AS `id`,`a`.`tanggal_pinjam` AS `tanggal_pinjam`,`a`.`id_anggota` AS `id_anggota`,`a`.`keterangan` AS `keterangan`,`a`.`jangka_waktu` AS `jangka_waktu`,`a`.`maksimum_pembiayaan` AS `maksimum_pembiayaan`,(select count(0) from `usp_pinjaman_details` where ((`usp_pinjaman_details`.`id_pinjam` = `a`.`id`) and (`usp_pinjaman_details`.`tanggal_bayar` <> '0000-00-00'))) AS `jml_angsuran`,(select ifnull(sum(`usp_pinjaman_details`.`total_angsuran`),0) from `usp_pinjaman_details` where ((`usp_pinjaman_details`.`id_pinjam` = `a`.`id`) and (`usp_pinjaman_details`.`tanggal_bayar` <> '0000-00-00'))) AS `total_angsuran`,(select count(0) from `usp_pinjaman_details` where ((`usp_pinjaman_details`.`id_pinjam` = `a`.`id`) and (`usp_pinjaman_details`.`tanggal_bayar` = '0000-00-00'))) AS `jml_sisa_cicilan`,(select ifnull(sum(`usp_pinjaman_details`.`total_angsuran`),0) from `usp_pinjaman_details` where ((`usp_pinjaman_details`.`id_pinjam` = `a`.`id`) and (`usp_pinjaman_details`.`tanggal_bayar` = '0000-00-00'))) AS `total_sisa_cicilan` from `usp_pinjaman_header` `a`;

--
-- Constraints for dumped tables
--

--
-- Constraints for table `claims`
--
ALTER TABLE `claims`
  ADD CONSTRAINT `claims_ibfk_1` FOREIGN KEY (`id_peserta`) REFERENCES `pesertas` (`id_peserta`),
  ADD CONSTRAINT `claims_ibfk_2` FOREIGN KEY (`id_status`) REFERENCES `status` (`id_status`),
  ADD CONSTRAINT `claims_ibfk_3` FOREIGN KEY (`id_bank`) REFERENCES `banks` (`id_bank`);

--
-- Constraints for table `iurans`
--
ALTER TABLE `iurans`
  ADD CONSTRAINT `iurans_ibfk_1` FOREIGN KEY (`id_peserta`) REFERENCES `pesertas` (`id_peserta`);

--
-- Constraints for table `manfaats`
--
ALTER TABLE `manfaats`
  ADD CONSTRAINT `manfaats_ibfk_1` FOREIGN KEY (`id_paket`) REFERENCES `pakets` (`id_paket`);

--
-- Constraints for table `pesertas`
--
ALTER TABLE `pesertas`
  ADD CONSTRAINT `pesertas_ibfk_1` FOREIGN KEY (`id_pdam`) REFERENCES `pdams` (`id_pdam`),
  ADD CONSTRAINT `pesertas_ibfk_2` FOREIGN KEY (`id_paket`) REFERENCES `pakets` (`id_paket`),
  ADD CONSTRAINT `pesertas_ibfk_3` FOREIGN KEY (`id_status`) REFERENCES `status` (`id_status`),
  ADD CONSTRAINT `pesertas_ibfk_4` FOREIGN KEY (`id_bank`) REFERENCES `banks` (`id_bank`);

--
-- Constraints for table `trx_adjustment`
--
ALTER TABLE `trx_adjustment`
  ADD CONSTRAINT `trx_adjustment_ibfk_1` FOREIGN KEY (`id_barang`) REFERENCES `trx_barang` (`id`) ON DELETE CASCADE ON UPDATE CASCADE;

/*!40101 SET CHARACTER_SET_CLIENT=@OLD_CHARACTER_SET_CLIENT */;
/*!40101 SET CHARACTER_SET_RESULTS=@OLD_CHARACTER_SET_RESULTS */;
/*!40101 SET COLLATION_CONNECTION=@OLD_COLLATION_CONNECTION */;
