-- phpMyAdmin SQL Dump
-- version 4.1.12
-- http://www.phpmyadmin.net
--
-- Host: 127.0.0.1
-- Generation Time: Mar 12, 2015 at 11:49 PM
-- Server version: 5.6.16
-- PHP Version: 5.5.11

SET SQL_MODE = "NO_AUTO_VALUE_ON_ZERO";
SET time_zone = "+00:00";


/*!40101 SET @OLD_CHARACTER_SET_CLIENT=@@CHARACTER_SET_CLIENT */;
/*!40101 SET @OLD_CHARACTER_SET_RESULTS=@@CHARACTER_SET_RESULTS */;
/*!40101 SET @OLD_COLLATION_CONNECTION=@@COLLATION_CONNECTION */;
/*!40101 SET NAMES utf8 */;

--
-- Database: `inkop_pamsi`
--

-- --------------------------------------------------------

--
-- Table structure for table `acc_journal_details`
--

CREATE TABLE IF NOT EXISTS `acc_journal_details` (
  `id` int(4) NOT NULL AUTO_INCREMENT,
  `no_bukti` varchar(5) NOT NULL,
  `id_rekening` int(6) NOT NULL,
  `debet` decimal(15,2) NOT NULL DEFAULT '0.00',
  `kredit` decimal(15,2) NOT NULL DEFAULT '0.00',
  `created_at` timestamp NOT NULL DEFAULT CURRENT_TIMESTAMP ON UPDATE CURRENT_TIMESTAMP,
  `updated_at` timestamp NOT NULL DEFAULT '0000-00-00 00:00:00',
  PRIMARY KEY (`id`),
  KEY `no_bukti` (`no_bukti`)
) ENGINE=InnoDB DEFAULT CHARSET=latin1 AUTO_INCREMENT=1 ;

-- --------------------------------------------------------

--
-- Table structure for table `acc_journal_headers`
--

CREATE TABLE IF NOT EXISTS `acc_journal_headers` (
  `no_bukti` varchar(5) NOT NULL,
  `tanggal` timestamp NOT NULL DEFAULT CURRENT_TIMESTAMP ON UPDATE CURRENT_TIMESTAMP,
  `keterangan` varchar(255) NOT NULL,
  `debet` decimal(15,2) NOT NULL DEFAULT '0.00',
  `kredit` decimal(15,2) NOT NULL DEFAULT '0.00',
  `created_at` timestamp NOT NULL DEFAULT '0000-00-00 00:00:00',
  `updated_at` timestamp NOT NULL DEFAULT '0000-00-00 00:00:00',
  PRIMARY KEY (`no_bukti`)
) ENGINE=InnoDB DEFAULT CHARSET=latin1;

--
-- Dumping data for table `acc_journal_headers`
--

INSERT INTO `acc_journal_headers` (`no_bukti`, `tanggal`, `keterangan`, `debet`, `kredit`, `created_at`, `updated_at`) VALUES
('00001', '2015-03-03 17:00:00', 'gogogoggo', '10000.00', '0.00', '2015-03-08 10:24:17', '2015-03-08 10:24:17');

-- --------------------------------------------------------

--
-- Table structure for table `acc_klasifikasis`
--

CREATE TABLE IF NOT EXISTS `acc_klasifikasis` (
  `id_klasifikasi` int(1) NOT NULL,
  `keterangan` varchar(60) NOT NULL,
  `created_at` timestamp NOT NULL DEFAULT CURRENT_TIMESTAMP ON UPDATE CURRENT_TIMESTAMP,
  `updated_at` timestamp NOT NULL DEFAULT '0000-00-00 00:00:00'
) ENGINE=InnoDB DEFAULT CHARSET=latin1;

--
-- Dumping data for table `acc_klasifikasis`
--

INSERT INTO `acc_klasifikasis` (`id_klasifikasi`, `keterangan`, `created_at`, `updated_at`) VALUES
(1, 'KLASIFIKASI UTAMA', '2015-02-02 16:24:51', '0000-00-00 00:00:00'),
(2, 'GOLONGAN', '2015-02-02 16:25:06', '0000-00-00 00:00:00'),
(3, 'KELOMPOK', '2015-02-02 16:25:20', '0000-00-00 00:00:00'),
(4, 'RINCIAN', '2015-02-02 16:25:33', '0000-00-00 00:00:00'),
(5, 'JENIS', '2015-02-02 16:25:46', '0000-00-00 00:00:00');

-- --------------------------------------------------------

--
-- Table structure for table `acc_posisis`
--

CREATE TABLE IF NOT EXISTS `acc_posisis` (
  `id_posisi` varchar(6) NOT NULL DEFAULT '0',
  `keterangan` varchar(255) NOT NULL,
  `created_at` timestamp NOT NULL DEFAULT CURRENT_TIMESTAMP ON UPDATE CURRENT_TIMESTAMP,
  `updated_at` timestamp NOT NULL DEFAULT '0000-00-00 00:00:00'
) ENGINE=InnoDB DEFAULT CHARSET=latin1;

--
-- Dumping data for table `acc_posisis`
--

INSERT INTO `acc_posisis` (`id_posisi`, `keterangan`, `created_at`, `updated_at`) VALUES
('DEBET', 'DEBET', '2015-03-01 20:00:06', '0000-00-00 00:00:00'),
('KREDIT', 'KREDIT', '2015-03-01 20:00:06', '0000-00-00 00:00:00');

-- --------------------------------------------------------

--
-- Table structure for table `acc_profils`
--

CREATE TABLE IF NOT EXISTS `acc_profils` (
  `id` int(4) NOT NULL AUTO_INCREMENT,
  `nama_perusahaan` varchar(100) NOT NULL,
  `alamat` varchar(255) NOT NULL,
  `telpon` varchar(15) NOT NULL,
  `fax` varchar(15) NOT NULL,
  `email` varchar(255) NOT NULL,
  `website` varchar(255) NOT NULL,
  `created_at` timestamp NOT NULL DEFAULT CURRENT_TIMESTAMP,
  `updated_at` timestamp NOT NULL DEFAULT '0000-00-00 00:00:00',
  PRIMARY KEY (`id`)
) ENGINE=InnoDB  DEFAULT CHARSET=latin1 AUTO_INCREMENT=2 ;

--
-- Dumping data for table `acc_profils`
--

INSERT INTO `acc_profils` (`id`, `nama_perusahaan`, `alamat`, `telpon`, `fax`, `email`, `website`, `created_at`, `updated_at`) VALUES
(1, 'INKOPPAMSI', 'JL. BATU', '021 786787878', '021786787878', 'inkoppamsi@gmail.com', 'http://www.inkoppamsi.co.id', '2015-03-03 13:15:25', '2015-03-03 13:15:48');

-- --------------------------------------------------------

--
-- Table structure for table `acc_rekenings`
--

CREATE TABLE IF NOT EXISTS `acc_rekenings` (
  `id_rekening` int(6) NOT NULL,
  `nama_rekening` varchar(255) NOT NULL,
  `id_klasifikasi` int(1) NOT NULL,
  `parent_id` int(6) NOT NULL,
  `normal_balance` varchar(10) NOT NULL,
  `posisi` varchar(10) NOT NULL,
  `saldo_awal_debet` decimal(15,2) NOT NULL,
  `saldo_awal_kredit` decimal(15,2) NOT NULL,
  `created_at` timestamp NOT NULL DEFAULT CURRENT_TIMESTAMP ON UPDATE CURRENT_TIMESTAMP,
  `updated_at` timestamp NOT NULL DEFAULT '0000-00-00 00:00:00'
) ENGINE=InnoDB DEFAULT CHARSET=latin1;

--
-- Dumping data for table `acc_rekenings`
--

INSERT INTO `acc_rekenings` (`id_rekening`, `nama_rekening`, `id_klasifikasi`, `parent_id`, `normal_balance`, `posisi`, `saldo_awal_debet`, `saldo_awal_kredit`, `created_at`, `updated_at`) VALUES
(100000, 'AKTIVA', 1, 100000, 'DEBET', 'NERACA', '0.00', '0.00', '2015-03-03 20:14:24', '2015-03-03 13:14:24'),
(100004, 'PENGELUARAN SABUN', 1, 100000, 'DEBET', 'NERACA', '0.00', '0.00', '2015-03-04 14:13:00', '2015-03-04 14:13:00');

-- --------------------------------------------------------

--
-- Table structure for table `banks`
--

CREATE TABLE IF NOT EXISTS `banks` (
  `id_bank` varchar(3) NOT NULL,
  `nama_bank` varchar(60) NOT NULL,
  `created_at` timestamp NOT NULL DEFAULT CURRENT_TIMESTAMP ON UPDATE CURRENT_TIMESTAMP,
  `updated_at` timestamp NOT NULL DEFAULT '0000-00-00 00:00:00',
  PRIMARY KEY (`id_bank`)
) ENGINE=InnoDB DEFAULT CHARSET=latin1;

--
-- Dumping data for table `banks`
--

INSERT INTO `banks` (`id_bank`, `nama_bank`, `created_at`, `updated_at`) VALUES
('BRI', 'BRI', '2015-02-23 20:41:50', '0000-00-00 00:00:00'),
('MDR', 'MANDIRI', '2015-02-23 20:42:10', '0000-00-00 00:00:00'),
('XXX', 'NOT DEFINE', '2015-02-23 19:36:15', '0000-00-00 00:00:00');

-- --------------------------------------------------------

--
-- Table structure for table `bulan`
--

CREATE TABLE IF NOT EXISTS `bulan` (
  `id_bulan` int(4) NOT NULL AUTO_INCREMENT,
  `nama_bulan` varchar(60) NOT NULL,
  PRIMARY KEY (`id_bulan`)
) ENGINE=InnoDB  DEFAULT CHARSET=latin1 AUTO_INCREMENT=13 ;

--
-- Dumping data for table `bulan`
--

INSERT INTO `bulan` (`id_bulan`, `nama_bulan`) VALUES
(1, 'JANUARI'),
(2, 'FEBRUARI'),
(3, 'MARET'),
(4, 'APRIL'),
(5, 'MEI'),
(6, 'JUNI'),
(7, 'JUNI'),
(8, 'AGUSTUS'),
(9, 'SEPTEMBER'),
(10, 'OKTOBER'),
(11, 'NOVEMBER'),
(12, 'DESEMBER');

-- --------------------------------------------------------

--
-- Table structure for table `claims`
--

CREATE TABLE IF NOT EXISTS `claims` (
  `id_claim` int(8) NOT NULL,
  `nama_lengkap` varchar(60) NOT NULL,
  `tempat_lahir` varchar(60) NOT NULL,
  `tanggal_lahir` date NOT NULL,
  `alamat_rumah` varchar(255) NOT NULL,
  `hubungan` varchar(20) NOT NULL,
  `jenis_pengajuan` varchar(30) NOT NULL,
  `id_peserta` int(8) NOT NULL,
  `id_status` int(2) NOT NULL,
  `keterangan` varchar(255) NOT NULL,
  `id_bank` varchar(3) NOT NULL,
  `cabang` varchar(60) NOT NULL,
  `nama_rekening` varchar(60) NOT NULL,
  `no_rekening` varchar(60) NOT NULL,
  `created_at` timestamp NOT NULL DEFAULT CURRENT_TIMESTAMP ON UPDATE CURRENT_TIMESTAMP,
  `updated_at` timestamp NOT NULL DEFAULT '0000-00-00 00:00:00',
  PRIMARY KEY (`id_claim`),
  KEY `id_peserta` (`id_peserta`),
  KEY `id_status` (`id_status`),
  KEY `id_bank` (`id_bank`)
) ENGINE=InnoDB DEFAULT CHARSET=latin1;

--
-- Dumping data for table `claims`
--

INSERT INTO `claims` (`id_claim`, `nama_lengkap`, `tempat_lahir`, `tanggal_lahir`, `alamat_rumah`, `hubungan`, `jenis_pengajuan`, `id_peserta`, `id_status`, `keterangan`, `id_bank`, `cabang`, `nama_rekening`, `no_rekening`, `created_at`, `updated_at`) VALUES
(2015010001, 'TOEKO TRIYANTO', 'YOGYAKARTA', '1984-06-19', 'GRIYA KOTA BEKASI 2 BLOK B29/2', 'Peserta', 'Manfaat Nilai Tunai', 2015010002, 1, '', 'MDR', 'KRAMAT', 'TOEKO TRIYANTO', '8736656546464', '2015-02-23 20:37:18', '2015-02-23 13:37:18'),
(2015010002, 'LINA TRIKUSUMA', 'MAGELANG', '0000-00-00', 'GRIYA KOTA BEKASI 2 BLOK B29/2', 'Ahli Waris', 'Manfaat Nilai Tunai', 2015010002, 1, '', 'BRI', 'KRAMAT', 'GIGOLO BALI', '8777877777', '2015-02-23 20:37:00', '2015-02-23 13:37:00');

-- --------------------------------------------------------

--
-- Table structure for table `groups`
--

CREATE TABLE IF NOT EXISTS `groups` (
  `id` int(10) unsigned NOT NULL AUTO_INCREMENT,
  `name` varchar(255) COLLATE utf8_unicode_ci NOT NULL,
  `permissions` text COLLATE utf8_unicode_ci,
  `created_at` timestamp NOT NULL DEFAULT '0000-00-00 00:00:00',
  `updated_at` timestamp NOT NULL DEFAULT '0000-00-00 00:00:00',
  PRIMARY KEY (`id`),
  UNIQUE KEY `groups_name_unique` (`name`)
) ENGINE=InnoDB  DEFAULT CHARSET=utf8 COLLATE=utf8_unicode_ci AUTO_INCREMENT=3 ;

--
-- Dumping data for table `groups`
--

INSERT INTO `groups` (`id`, `name`, `permissions`, `created_at`, `updated_at`) VALUES
(1, 'admin', '{"account.read":1,"account.create":1,"account.update":1,"account.destroy":1,"subaccount.read":1,"subaccount.create":1,"subaccount.update":1,"subaccount.destroy":1,"coa.read":1,"coa.create":1,"coa.update":1,"coa.destroy":1,"register.read":1,"register.create":1,"register.update":1,"register.destroy":1,"group.read":1,"group.create":1,"group.update":1,"group.destroy":1,"user.read":1,"user.create":1,"user.update":1,"user.destroy":1}', '2015-01-06 01:32:38', '2015-01-06 01:32:38'),
(2, 'user', '{"account.read":1,"account.create":1,"account.update":1,"account.destroy":1,"subaccount.read":1,"subaccount.create":1,"subaccount.update":1,"subaccount.destroy":1,"coa.read":1,"coa.create":1,"coa.update":1,"coa.destroy":1,"register.read":1,"register.create":1,"register.update":1,"register.destroy":1,"group.read":1,"group.create":1,"group.update":1,"group.destroy":1,"user.read":1,"user.create":1,"user.update":1,"user.destroy":1}', '2015-01-06 01:33:01', '2015-01-06 01:33:01');

-- --------------------------------------------------------

--
-- Table structure for table `iurans`
--

CREATE TABLE IF NOT EXISTS `iurans` (
  `id` int(4) NOT NULL AUTO_INCREMENT,
  `id_peserta` int(8) NOT NULL,
  `cicilan_ke` int(4) NOT NULL,
  `bulan` varchar(10) NOT NULL,
  `tahun` int(4) NOT NULL,
  `iuran` decimal(18,2) NOT NULL,
  `tanggal_bayar` timestamp NOT NULL DEFAULT '0000-00-00 00:00:00' ON UPDATE CURRENT_TIMESTAMP,
  `id_bank` varchar(3) NOT NULL DEFAULT 'XXX',
  `status` varchar(10) NOT NULL,
  `keterangan` varchar(255) NOT NULL,
  `created_at` timestamp NOT NULL DEFAULT CURRENT_TIMESTAMP ON UPDATE CURRENT_TIMESTAMP,
  `updated_at` timestamp NOT NULL DEFAULT '0000-00-00 00:00:00',
  PRIMARY KEY (`id`),
  UNIQUE KEY `id_peserta` (`id_peserta`,`cicilan_ke`),
  KEY `id_bank` (`id_bank`)
) ENGINE=InnoDB  DEFAULT CHARSET=latin1 AUTO_INCREMENT=828 ;

--
-- Dumping data for table `iurans`
--

INSERT INTO `iurans` (`id`, `id_peserta`, `cicilan_ke`, `bulan`, `tahun`, `iuran`, `tanggal_bayar`, `id_bank`, `status`, `keterangan`, `created_at`, `updated_at`) VALUES
(1, 2015010002, 1, '02-2015', 2014, '50000.00', '2015-03-11 18:20:50', 'BRI', 'LUNAS', '', '2015-03-11 18:20:50', '2015-03-09 07:16:20'),
(2, 2015010002, 2, '02-2014', 2014, '50000.00', '2015-03-11 18:17:43', 'BRI', 'TUNDA', 'oke jono', '2015-03-11 18:17:43', '2015-03-02 06:33:07'),
(3, 2015010003, 1, '02-2015', 0, '50000.00', '2015-03-11 18:23:14', 'MDR', 'LUNAS', 'oke sudah lunas nih', '2015-03-11 18:23:14', '2015-02-19 09:16:18'),
(353, 2015030004, 1, '', 0, '50000.00', '0000-00-00 00:00:00', 'XXX', 'TUNDA', '', '2015-03-08 04:46:35', '2015-02-19 14:09:11'),
(354, 2015030004, 2, '', 0, '50000.00', '2015-02-23 19:38:16', 'XXX', 'TUNDA', '', '2015-02-23 19:38:16', '2015-02-19 14:09:11'),
(355, 2015030004, 3, '', 0, '50000.00', '2015-02-23 19:38:16', 'XXX', 'TUNDA', '', '2015-02-23 19:38:16', '2015-02-19 14:09:11'),
(356, 2015030004, 4, '', 0, '50000.00', '2015-02-23 19:38:16', 'XXX', 'TUNDA', '', '2015-02-23 19:38:16', '2015-02-19 14:09:12'),
(357, 2015030004, 5, '', 0, '50000.00', '2015-02-23 19:38:16', 'XXX', 'TUNDA', '', '2015-02-23 19:38:16', '2015-02-19 14:09:12'),
(358, 2015030004, 6, '', 0, '50000.00', '2015-02-23 19:38:16', 'XXX', 'TUNDA', '', '2015-02-23 19:38:16', '2015-02-19 14:09:12'),
(359, 2015030004, 7, '', 0, '50000.00', '2015-02-23 19:38:16', 'XXX', 'TUNDA', '', '2015-02-23 19:38:16', '2015-02-19 14:09:12'),
(360, 2015030004, 8, '', 0, '50000.00', '2015-02-23 19:38:16', 'XXX', 'TUNDA', '', '2015-02-23 19:38:16', '2015-02-19 14:09:12'),
(361, 2015030004, 9, '', 0, '50000.00', '2015-02-23 19:38:16', 'XXX', 'TUNDA', '', '2015-02-23 19:38:16', '2015-02-19 14:09:12'),
(362, 2015030004, 10, '', 0, '50000.00', '2015-02-23 19:38:16', 'XXX', 'TUNDA', '', '2015-02-23 19:38:16', '2015-02-19 14:09:12'),
(363, 2015030004, 11, '', 0, '50000.00', '2015-02-23 19:38:16', 'XXX', 'TUNDA', '', '2015-02-23 19:38:16', '2015-02-19 14:09:12'),
(364, 2015030004, 12, '', 0, '50000.00', '2015-02-23 19:38:16', 'XXX', 'TUNDA', '', '2015-02-23 19:38:16', '2015-02-19 14:09:12'),
(365, 2015030004, 13, '', 0, '50000.00', '2015-02-23 19:38:16', 'XXX', 'TUNDA', '', '2015-02-23 19:38:16', '2015-02-19 14:09:12'),
(366, 2015030004, 14, '', 0, '50000.00', '2015-02-23 19:38:16', 'XXX', 'TUNDA', '', '2015-02-23 19:38:16', '2015-02-19 14:09:12'),
(367, 2015030004, 15, '', 0, '50000.00', '2015-02-23 19:38:16', 'XXX', 'TUNDA', '', '2015-02-23 19:38:16', '2015-02-19 14:09:12'),
(368, 2015030004, 16, '', 0, '50000.00', '2015-02-23 19:38:16', 'XXX', 'TUNDA', '', '2015-02-23 19:38:16', '2015-02-19 14:09:12'),
(369, 2015030004, 17, '', 0, '50000.00', '2015-02-23 19:38:16', 'XXX', 'TUNDA', '', '2015-02-23 19:38:16', '2015-02-19 14:09:12'),
(370, 2015030004, 18, '', 0, '50000.00', '2015-02-23 19:38:16', 'XXX', 'TUNDA', '', '2015-02-23 19:38:16', '2015-02-19 14:09:12'),
(371, 2015030004, 19, '', 0, '50000.00', '2015-02-23 19:38:16', 'XXX', 'TUNDA', '', '2015-02-23 19:38:16', '2015-02-19 14:09:12'),
(372, 2015030004, 20, '', 0, '50000.00', '2015-02-23 19:38:16', 'XXX', 'TUNDA', '', '2015-02-23 19:38:16', '2015-02-19 14:09:12'),
(373, 2015030004, 21, '', 0, '50000.00', '2015-02-23 19:38:16', 'XXX', 'TUNDA', '', '2015-02-23 19:38:16', '2015-02-19 14:09:12'),
(374, 2015030004, 22, '', 0, '50000.00', '2015-02-23 19:38:16', 'XXX', 'TUNDA', '', '2015-02-23 19:38:16', '2015-02-19 14:09:12'),
(375, 2015030004, 23, '', 0, '50000.00', '2015-02-23 19:38:16', 'XXX', 'TUNDA', '', '2015-02-23 19:38:16', '2015-02-19 14:09:12'),
(376, 2015030004, 24, '', 0, '50000.00', '2015-02-23 19:38:16', 'XXX', 'TUNDA', '', '2015-02-23 19:38:16', '2015-02-19 14:09:12'),
(377, 2015030004, 25, '', 0, '50000.00', '2015-02-23 19:38:16', 'XXX', 'TUNDA', '', '2015-02-23 19:38:16', '2015-02-19 14:09:12'),
(378, 2015030004, 26, '', 0, '50000.00', '2015-02-23 19:38:16', 'XXX', 'TUNDA', '', '2015-02-23 19:38:16', '2015-02-19 14:09:12'),
(379, 2015030004, 27, '', 0, '50000.00', '2015-02-23 19:38:16', 'XXX', 'TUNDA', '', '2015-02-23 19:38:16', '2015-02-19 14:09:12'),
(380, 2015030004, 28, '', 0, '50000.00', '2015-02-23 19:38:16', 'XXX', 'TUNDA', '', '2015-02-23 19:38:16', '2015-02-19 14:09:12'),
(381, 2015030004, 29, '', 0, '50000.00', '2015-02-23 19:38:16', 'XXX', 'TUNDA', '', '2015-02-23 19:38:16', '2015-02-19 14:09:12'),
(382, 2015030004, 30, '', 0, '50000.00', '2015-02-23 19:38:16', 'XXX', 'TUNDA', '', '2015-02-23 19:38:16', '2015-02-19 14:09:12'),
(383, 2015030004, 31, '', 0, '50000.00', '2015-02-23 19:38:16', 'XXX', 'TUNDA', '', '2015-02-23 19:38:16', '2015-02-19 14:09:12'),
(384, 2015030004, 32, '', 0, '50000.00', '2015-02-23 19:38:16', 'XXX', 'TUNDA', '', '2015-02-23 19:38:16', '2015-02-19 14:09:12'),
(385, 2015030004, 33, '', 0, '50000.00', '2015-02-23 19:38:16', 'XXX', 'TUNDA', '', '2015-02-23 19:38:16', '2015-02-19 14:09:12'),
(386, 2015030004, 34, '', 0, '50000.00', '2015-02-23 19:38:16', 'XXX', 'TUNDA', '', '2015-02-23 19:38:16', '2015-02-19 14:09:12'),
(387, 2015030004, 35, '', 0, '50000.00', '2015-02-23 19:38:16', 'XXX', 'TUNDA', '', '2015-02-23 19:38:16', '2015-02-19 14:09:13'),
(388, 2015030004, 36, '', 0, '50000.00', '2015-02-23 19:38:16', 'XXX', 'TUNDA', '', '2015-02-23 19:38:16', '2015-02-19 14:09:13'),
(389, 2015030004, 37, '', 0, '50000.00', '2015-02-23 19:38:16', 'XXX', 'TUNDA', '', '2015-02-23 19:38:16', '2015-02-19 14:09:13'),
(390, 2015030004, 38, '', 0, '50000.00', '2015-02-23 19:38:16', 'XXX', 'TUNDA', '', '2015-02-23 19:38:16', '2015-02-19 14:09:13'),
(391, 2015030004, 39, '', 0, '50000.00', '2015-02-23 19:38:16', 'XXX', 'TUNDA', '', '2015-02-23 19:38:16', '2015-02-19 14:09:13'),
(392, 2015030004, 40, '', 0, '50000.00', '2015-02-23 19:38:16', 'XXX', 'TUNDA', '', '2015-02-23 19:38:16', '2015-02-19 14:09:13'),
(393, 2015030004, 41, '', 0, '50000.00', '2015-02-23 19:38:16', 'XXX', 'TUNDA', '', '2015-02-23 19:38:16', '2015-02-19 14:09:13'),
(394, 2015030004, 42, '', 0, '50000.00', '2015-02-23 19:38:16', 'XXX', 'TUNDA', '', '2015-02-23 19:38:16', '2015-02-19 14:09:13'),
(395, 2015030004, 43, '', 0, '50000.00', '2015-02-23 19:38:16', 'XXX', 'TUNDA', '', '2015-02-23 19:38:16', '2015-02-19 14:09:13'),
(396, 2015030004, 44, '', 0, '50000.00', '2015-02-23 19:38:16', 'XXX', 'TUNDA', '', '2015-02-23 19:38:16', '2015-02-19 14:09:13'),
(397, 2015030004, 45, '', 0, '50000.00', '2015-02-23 19:38:16', 'XXX', 'TUNDA', '', '2015-02-23 19:38:16', '2015-02-19 14:09:13'),
(398, 2015030004, 46, '', 0, '50000.00', '2015-02-23 19:38:16', 'XXX', 'TUNDA', '', '2015-02-23 19:38:16', '2015-02-19 14:09:13'),
(399, 2015030004, 47, '', 0, '50000.00', '2015-02-23 19:38:16', 'XXX', 'TUNDA', '', '2015-02-23 19:38:16', '2015-02-19 14:09:13'),
(400, 2015030004, 48, '', 0, '50000.00', '2015-02-23 19:38:16', 'XXX', 'TUNDA', '', '2015-02-23 19:38:16', '2015-02-19 14:09:13'),
(401, 2015030004, 49, '', 0, '50000.00', '2015-02-23 19:38:16', 'XXX', 'TUNDA', '', '2015-02-23 19:38:16', '2015-02-19 14:09:13'),
(402, 2015030004, 50, '', 0, '50000.00', '2015-02-23 19:38:16', 'XXX', 'TUNDA', '', '2015-02-23 19:38:16', '2015-02-19 14:09:13'),
(403, 2015030004, 51, '', 0, '50000.00', '2015-02-23 19:38:16', 'XXX', 'TUNDA', '', '2015-02-23 19:38:16', '2015-02-19 14:09:13'),
(404, 2015030004, 52, '', 0, '50000.00', '2015-02-23 19:38:16', 'XXX', 'TUNDA', '', '2015-02-23 19:38:16', '2015-02-19 14:09:13'),
(405, 2015030004, 53, '', 0, '50000.00', '2015-02-23 19:38:16', 'XXX', 'TUNDA', '', '2015-02-23 19:38:16', '2015-02-19 14:09:13'),
(406, 2015030004, 54, '', 0, '50000.00', '2015-02-23 19:38:16', 'XXX', 'TUNDA', '', '2015-02-23 19:38:16', '2015-02-19 14:09:13'),
(407, 2015030004, 55, '', 0, '50000.00', '2015-02-23 19:38:16', 'XXX', 'TUNDA', '', '2015-02-23 19:38:16', '2015-02-19 14:09:13'),
(408, 2015030004, 56, '', 0, '50000.00', '2015-02-23 19:38:16', 'XXX', 'TUNDA', '', '2015-02-23 19:38:16', '2015-02-19 14:09:13'),
(409, 2015030004, 57, '', 0, '50000.00', '2015-02-23 19:38:16', 'XXX', 'TUNDA', '', '2015-02-23 19:38:16', '2015-02-19 14:09:13'),
(410, 2015030004, 58, '', 0, '50000.00', '2015-02-23 19:38:16', 'XXX', 'TUNDA', '', '2015-02-23 19:38:16', '2015-02-19 14:09:13'),
(411, 2015030004, 59, '', 0, '50000.00', '2015-02-23 19:38:16', 'XXX', 'TUNDA', '', '2015-02-23 19:38:16', '2015-02-19 14:09:13'),
(412, 2015030004, 60, '', 0, '50000.00', '2015-02-23 19:38:16', 'XXX', 'TUNDA', '', '2015-02-23 19:38:16', '2015-02-19 14:09:13'),
(413, 2015030004, 61, '', 0, '50000.00', '2015-02-23 19:38:16', 'XXX', 'TUNDA', '', '2015-02-23 19:38:16', '2015-02-19 14:09:13'),
(414, 2015030004, 62, '', 0, '50000.00', '2015-02-23 19:38:16', 'XXX', 'TUNDA', '', '2015-02-23 19:38:16', '2015-02-19 14:09:13'),
(415, 2015030004, 63, '', 0, '50000.00', '2015-02-23 19:38:16', 'XXX', 'TUNDA', '', '2015-02-23 19:38:16', '2015-02-19 14:09:13'),
(416, 2015030004, 64, '', 0, '50000.00', '2015-02-23 19:38:16', 'XXX', 'TUNDA', '', '2015-02-23 19:38:16', '2015-02-19 14:09:13'),
(417, 2015030004, 65, '', 0, '50000.00', '2015-02-23 19:38:16', 'XXX', 'TUNDA', '', '2015-02-23 19:38:16', '2015-02-19 14:09:13'),
(418, 2015030004, 66, '', 0, '50000.00', '2015-02-23 19:38:16', 'XXX', 'TUNDA', '', '2015-02-23 19:38:16', '2015-02-19 14:09:13'),
(419, 2015030004, 67, '', 0, '50000.00', '2015-02-23 19:38:16', 'XXX', 'TUNDA', '', '2015-02-23 19:38:16', '2015-02-19 14:09:13'),
(420, 2015030004, 68, '', 0, '50000.00', '2015-02-23 19:38:16', 'XXX', 'TUNDA', '', '2015-02-23 19:38:16', '2015-02-19 14:09:14'),
(421, 2015030004, 69, '', 0, '50000.00', '2015-02-23 19:38:16', 'XXX', 'TUNDA', '', '2015-02-23 19:38:16', '2015-02-19 14:09:14'),
(422, 2015030004, 70, '', 0, '50000.00', '2015-02-23 19:38:16', 'XXX', 'TUNDA', '', '2015-02-23 19:38:16', '2015-02-19 14:09:14'),
(423, 2015030004, 71, '', 0, '50000.00', '2015-02-23 19:38:16', 'XXX', 'TUNDA', '', '2015-02-23 19:38:16', '2015-02-19 14:09:14'),
(424, 2015030004, 72, '', 0, '50000.00', '2015-02-23 19:38:16', 'XXX', 'TUNDA', '', '2015-02-23 19:38:16', '2015-02-19 14:09:14'),
(425, 2015030004, 73, '', 0, '50000.00', '2015-02-23 19:38:16', 'XXX', 'TUNDA', '', '2015-02-23 19:38:16', '2015-02-19 14:09:14'),
(426, 2015030004, 74, '', 0, '50000.00', '2015-02-23 19:38:16', 'XXX', 'TUNDA', '', '2015-02-23 19:38:16', '2015-02-19 14:09:14'),
(427, 2015030004, 75, '', 0, '50000.00', '2015-02-23 19:38:16', 'XXX', 'TUNDA', '', '2015-02-23 19:38:16', '2015-02-19 14:09:14'),
(428, 2015030004, 76, '', 0, '50000.00', '2015-02-23 19:38:16', 'XXX', 'TUNDA', '', '2015-02-23 19:38:16', '2015-02-19 14:09:14'),
(429, 2015030004, 77, '', 0, '50000.00', '2015-02-23 19:38:16', 'XXX', 'TUNDA', '', '2015-02-23 19:38:16', '2015-02-19 14:09:14'),
(430, 2015030004, 78, '', 0, '50000.00', '2015-02-23 19:38:16', 'XXX', 'TUNDA', '', '2015-02-23 19:38:16', '2015-02-19 14:09:14'),
(431, 2015030004, 79, '', 0, '50000.00', '2015-02-23 19:38:16', 'XXX', 'TUNDA', '', '2015-02-23 19:38:16', '2015-02-19 14:09:14'),
(432, 2015030004, 80, '', 0, '50000.00', '2015-02-23 19:38:16', 'XXX', 'TUNDA', '', '2015-02-23 19:38:16', '2015-02-19 14:09:14'),
(433, 2015030004, 81, '', 0, '50000.00', '2015-02-23 19:38:16', 'XXX', 'TUNDA', '', '2015-02-23 19:38:16', '2015-02-19 14:09:14'),
(434, 2015030004, 82, '', 0, '50000.00', '2015-02-23 19:38:16', 'XXX', 'TUNDA', '', '2015-02-23 19:38:16', '2015-02-19 14:09:14'),
(435, 2015030004, 83, '', 0, '50000.00', '2015-02-23 19:38:16', 'XXX', 'TUNDA', '', '2015-02-23 19:38:16', '2015-02-19 14:09:14'),
(436, 2015030004, 84, '', 0, '50000.00', '2015-02-23 19:38:16', 'XXX', 'TUNDA', '', '2015-02-23 19:38:16', '2015-02-19 14:09:14'),
(437, 2015030004, 85, '', 0, '50000.00', '2015-02-23 19:38:16', 'XXX', 'TUNDA', '', '2015-02-23 19:38:16', '2015-02-19 14:09:14'),
(438, 2015030004, 86, '', 0, '50000.00', '2015-02-23 19:38:16', 'XXX', 'TUNDA', '', '2015-02-23 19:38:16', '2015-02-19 14:09:14'),
(439, 2015030004, 87, '', 0, '50000.00', '2015-02-23 19:38:16', 'XXX', 'TUNDA', '', '2015-02-23 19:38:16', '2015-02-19 14:09:14'),
(440, 2015030004, 88, '', 0, '50000.00', '2015-02-23 19:38:16', 'XXX', 'TUNDA', '', '2015-02-23 19:38:16', '2015-02-19 14:09:14'),
(441, 2015030004, 89, '', 0, '50000.00', '2015-02-23 19:38:16', 'XXX', 'TUNDA', '', '2015-02-23 19:38:16', '2015-02-19 14:09:14'),
(442, 2015030004, 90, '', 0, '50000.00', '2015-02-23 19:38:16', 'XXX', 'TUNDA', '', '2015-02-23 19:38:16', '2015-02-19 14:09:14'),
(443, 2015030004, 91, '', 0, '50000.00', '2015-02-23 19:38:16', 'XXX', 'TUNDA', '', '2015-02-23 19:38:16', '2015-02-19 14:09:14'),
(444, 2015030004, 92, '', 0, '50000.00', '2015-02-23 19:38:16', 'XXX', 'TUNDA', '', '2015-02-23 19:38:16', '2015-02-19 14:09:14'),
(445, 2015030004, 93, '', 0, '50000.00', '2015-02-23 19:38:16', 'XXX', 'TUNDA', '', '2015-02-23 19:38:16', '2015-02-19 14:09:14'),
(446, 2015030004, 94, '', 0, '50000.00', '2015-02-23 19:38:16', 'XXX', 'TUNDA', '', '2015-02-23 19:38:16', '2015-02-19 14:09:14'),
(447, 2015030004, 95, '', 0, '50000.00', '2015-02-23 19:38:16', 'XXX', 'TUNDA', '', '2015-02-23 19:38:16', '2015-02-19 14:09:14'),
(448, 2015030004, 96, '', 0, '50000.00', '2015-02-23 19:38:16', 'XXX', 'TUNDA', '', '2015-02-23 19:38:16', '2015-02-19 14:09:14'),
(449, 2015030004, 97, '', 0, '50000.00', '2015-02-23 19:38:16', 'XXX', 'TUNDA', '', '2015-02-23 19:38:16', '2015-02-19 14:09:14'),
(450, 2015030004, 98, '', 0, '50000.00', '2015-02-23 19:38:16', 'XXX', 'TUNDA', '', '2015-02-23 19:38:16', '2015-02-19 14:09:14'),
(451, 2015030004, 99, '', 0, '50000.00', '2015-02-23 19:38:16', 'XXX', 'TUNDA', '', '2015-02-23 19:38:16', '2015-02-19 14:09:14'),
(452, 2015030004, 100, '', 0, '50000.00', '2015-02-23 19:38:16', 'XXX', 'TUNDA', '', '2015-02-23 19:38:16', '2015-02-19 14:09:15'),
(453, 2015030004, 101, '', 0, '50000.00', '2015-02-23 19:38:16', 'XXX', 'TUNDA', '', '2015-02-23 19:38:16', '2015-02-19 14:09:15'),
(454, 2015030004, 102, '', 0, '50000.00', '2015-02-23 19:38:16', 'XXX', 'TUNDA', '', '2015-02-23 19:38:16', '2015-02-19 14:09:15'),
(455, 2015030004, 103, '', 0, '50000.00', '2015-02-23 19:38:16', 'XXX', 'TUNDA', '', '2015-02-23 19:38:16', '2015-02-19 14:09:15'),
(456, 2015030004, 104, '', 0, '50000.00', '2015-02-23 19:38:16', 'XXX', 'TUNDA', '', '2015-02-23 19:38:16', '2015-02-19 14:09:15'),
(457, 2015030004, 105, '', 0, '50000.00', '2015-02-23 19:38:16', 'XXX', 'TUNDA', '', '2015-02-23 19:38:16', '2015-02-19 14:09:15'),
(458, 2015030004, 106, '', 0, '50000.00', '2015-02-23 19:38:16', 'XXX', 'TUNDA', '', '2015-02-23 19:38:16', '2015-02-19 14:09:15'),
(459, 2015030004, 107, '', 0, '50000.00', '2015-02-23 19:38:16', 'XXX', 'TUNDA', '', '2015-02-23 19:38:16', '2015-02-19 14:09:15'),
(460, 2015030004, 108, '', 0, '50000.00', '2015-02-23 19:38:16', 'XXX', 'TUNDA', '', '2015-02-23 19:38:16', '2015-02-19 14:09:15'),
(461, 2015030004, 109, '', 0, '50000.00', '2015-02-23 19:38:16', 'XXX', 'TUNDA', '', '2015-02-23 19:38:16', '2015-02-19 14:09:15'),
(462, 2015030004, 110, '', 0, '50000.00', '2015-02-23 19:38:16', 'XXX', 'TUNDA', '', '2015-02-23 19:38:16', '2015-02-19 14:09:15'),
(463, 2015030004, 111, '', 0, '50000.00', '2015-02-23 19:38:16', 'XXX', 'TUNDA', '', '2015-02-23 19:38:16', '2015-02-19 14:09:15'),
(464, 2015030004, 112, '', 0, '50000.00', '2015-02-23 19:38:16', 'XXX', 'TUNDA', '', '2015-02-23 19:38:16', '2015-02-19 14:09:15'),
(465, 2015030004, 113, '', 0, '50000.00', '2015-02-23 19:38:16', 'XXX', 'TUNDA', '', '2015-02-23 19:38:16', '2015-02-19 14:09:15'),
(466, 2015030004, 114, '', 0, '50000.00', '2015-02-23 19:38:16', 'XXX', 'TUNDA', '', '2015-02-23 19:38:16', '2015-02-19 14:09:15'),
(467, 2015030004, 115, '', 0, '50000.00', '2015-02-23 19:38:16', 'XXX', 'TUNDA', '', '2015-02-23 19:38:16', '2015-02-19 14:09:15'),
(468, 2015030004, 116, '', 0, '50000.00', '2015-02-23 19:38:16', 'XXX', 'TUNDA', '', '2015-02-23 19:38:16', '2015-02-19 14:09:15'),
(469, 2015030004, 117, '', 0, '50000.00', '2015-02-23 19:38:16', 'XXX', 'TUNDA', '', '2015-02-23 19:38:16', '2015-02-19 14:09:15'),
(470, 2015030004, 118, '', 0, '50000.00', '2015-02-23 19:38:16', 'XXX', 'TUNDA', '', '2015-02-23 19:38:16', '2015-02-19 14:09:15'),
(471, 2015030004, 119, '', 0, '50000.00', '2015-02-23 19:38:16', 'XXX', 'TUNDA', '', '2015-02-23 19:38:16', '2015-02-19 14:09:15'),
(472, 2015030004, 120, '', 0, '50000.00', '2015-02-23 19:38:16', 'XXX', 'TUNDA', '', '2015-02-23 19:38:16', '2015-02-19 14:09:15'),
(473, 2015030004, 121, '', 0, '50000.00', '2015-02-23 19:38:16', 'XXX', 'TUNDA', '', '2015-02-23 19:38:16', '2015-02-19 14:09:15'),
(474, 2015030004, 122, '', 0, '50000.00', '2015-02-23 19:38:16', 'XXX', 'TUNDA', '', '2015-02-23 19:38:16', '2015-02-19 14:09:15'),
(475, 2015030004, 123, '', 0, '50000.00', '2015-02-23 19:38:16', 'XXX', 'TUNDA', '', '2015-02-23 19:38:16', '2015-02-19 14:09:15'),
(476, 2015030004, 124, '', 0, '50000.00', '2015-02-23 19:38:16', 'XXX', 'TUNDA', '', '2015-02-23 19:38:16', '2015-02-19 14:09:15'),
(477, 2015030004, 125, '', 0, '50000.00', '2015-02-23 19:38:16', 'XXX', 'TUNDA', '', '2015-02-23 19:38:16', '2015-02-19 14:09:15'),
(478, 2015030004, 126, '', 0, '50000.00', '2015-02-23 19:38:16', 'XXX', 'TUNDA', '', '2015-02-23 19:38:16', '2015-02-19 14:09:15'),
(479, 2015030004, 127, '', 0, '50000.00', '2015-02-23 19:38:16', 'XXX', 'TUNDA', '', '2015-02-23 19:38:16', '2015-02-19 14:09:15'),
(480, 2015030004, 128, '', 0, '50000.00', '2015-02-23 19:38:16', 'XXX', 'TUNDA', '', '2015-02-23 19:38:16', '2015-02-19 14:09:15'),
(481, 2015030004, 129, '', 0, '50000.00', '2015-02-23 19:38:16', 'XXX', 'TUNDA', '', '2015-02-23 19:38:16', '2015-02-19 14:09:15'),
(482, 2015030004, 130, '', 0, '50000.00', '2015-02-23 19:38:16', 'XXX', 'TUNDA', '', '2015-02-23 19:38:16', '2015-02-19 14:09:15'),
(483, 2015030004, 131, '', 0, '50000.00', '2015-02-23 19:38:16', 'XXX', 'TUNDA', '', '2015-02-23 19:38:16', '2015-02-19 14:09:15'),
(484, 2015030004, 132, '', 0, '50000.00', '2015-02-23 19:38:16', 'XXX', 'TUNDA', '', '2015-02-23 19:38:16', '2015-02-19 14:09:15'),
(485, 2015030004, 133, '', 0, '50000.00', '2015-02-23 19:38:16', 'XXX', 'TUNDA', '', '2015-02-23 19:38:16', '2015-02-19 14:09:15'),
(486, 2015030004, 134, '', 0, '50000.00', '2015-02-23 19:38:16', 'XXX', 'TUNDA', '', '2015-02-23 19:38:16', '2015-02-19 14:09:15'),
(487, 2015030004, 135, '', 0, '50000.00', '2015-02-23 19:38:16', 'XXX', 'TUNDA', '', '2015-02-23 19:38:16', '2015-02-19 14:09:15'),
(488, 2015030004, 136, '', 0, '50000.00', '2015-02-23 19:38:16', 'XXX', 'TUNDA', '', '2015-02-23 19:38:16', '2015-02-19 14:09:16'),
(489, 2015030004, 137, '', 0, '50000.00', '2015-02-23 19:38:16', 'XXX', 'TUNDA', '', '2015-02-23 19:38:16', '2015-02-19 14:09:16'),
(490, 2015030004, 138, '', 0, '50000.00', '2015-02-23 19:38:16', 'XXX', 'TUNDA', '', '2015-02-23 19:38:16', '2015-02-19 14:09:16'),
(491, 2015030004, 139, '', 0, '50000.00', '2015-02-23 19:38:16', 'XXX', 'TUNDA', '', '2015-02-23 19:38:16', '2015-02-19 14:09:16'),
(492, 2015030004, 140, '', 0, '50000.00', '2015-02-23 19:38:16', 'XXX', 'TUNDA', '', '2015-02-23 19:38:16', '2015-02-19 14:09:16'),
(493, 2015030004, 141, '', 0, '50000.00', '2015-02-23 19:38:16', 'XXX', 'TUNDA', '', '2015-02-23 19:38:16', '2015-02-19 14:09:16'),
(494, 2015030004, 142, '', 0, '50000.00', '2015-02-23 19:38:16', 'XXX', 'TUNDA', '', '2015-02-23 19:38:16', '2015-02-19 14:09:16'),
(495, 2015030004, 143, '', 0, '50000.00', '2015-02-23 19:38:16', 'XXX', 'TUNDA', '', '2015-02-23 19:38:16', '2015-02-19 14:09:16'),
(496, 2015030004, 144, '', 0, '50000.00', '2015-02-23 19:38:16', 'XXX', 'TUNDA', '', '2015-02-23 19:38:16', '2015-02-19 14:09:16'),
(497, 2015030004, 145, '', 0, '50000.00', '2015-02-23 19:38:16', 'XXX', 'TUNDA', '', '2015-02-23 19:38:16', '2015-02-19 14:09:16'),
(498, 2015030004, 146, '', 0, '50000.00', '2015-02-23 19:38:16', 'XXX', 'TUNDA', '', '2015-02-23 19:38:16', '2015-02-19 14:09:16'),
(499, 2015030004, 147, '', 0, '50000.00', '2015-02-23 19:38:16', 'XXX', 'TUNDA', '', '2015-02-23 19:38:16', '2015-02-19 14:09:16'),
(500, 2015030004, 148, '', 0, '50000.00', '2015-02-23 19:38:16', 'XXX', 'TUNDA', '', '2015-02-23 19:38:16', '2015-02-19 14:09:16'),
(501, 2015030004, 149, '', 0, '50000.00', '2015-02-23 19:38:16', 'XXX', 'TUNDA', '', '2015-02-23 19:38:16', '2015-02-19 14:09:16'),
(502, 2015030004, 150, '', 0, '50000.00', '2015-02-23 19:38:16', 'XXX', 'TUNDA', '', '2015-02-23 19:38:16', '2015-02-19 14:09:16'),
(503, 2015030004, 151, '', 0, '50000.00', '2015-02-23 19:38:16', 'XXX', 'TUNDA', '', '2015-02-23 19:38:16', '2015-02-19 14:09:16'),
(504, 2015030004, 152, '', 0, '50000.00', '2015-02-23 19:38:16', 'XXX', 'TUNDA', '', '2015-02-23 19:38:16', '2015-02-19 14:09:16'),
(505, 2015030004, 153, '', 0, '50000.00', '2015-02-23 19:38:16', 'XXX', 'TUNDA', '', '2015-02-23 19:38:16', '2015-02-19 14:09:16'),
(506, 2015030004, 154, '', 0, '50000.00', '2015-02-23 19:38:16', 'XXX', 'TUNDA', '', '2015-02-23 19:38:16', '2015-02-19 14:09:16'),
(507, 2015030004, 155, '', 0, '50000.00', '2015-02-23 19:38:16', 'XXX', 'TUNDA', '', '2015-02-23 19:38:16', '2015-02-19 14:09:16'),
(508, 2015030004, 156, '', 0, '50000.00', '2015-02-23 19:38:16', 'XXX', 'TUNDA', '', '2015-02-23 19:38:16', '2015-02-19 14:09:16'),
(509, 2015030004, 157, '', 0, '50000.00', '2015-02-23 19:38:16', 'XXX', 'TUNDA', '', '2015-02-23 19:38:16', '2015-02-19 14:09:16'),
(510, 2015030004, 158, '', 0, '50000.00', '2015-02-23 19:38:16', 'XXX', 'TUNDA', '', '2015-02-23 19:38:16', '2015-02-19 14:09:16'),
(511, 2015030004, 159, '', 0, '50000.00', '2015-02-23 19:38:16', 'XXX', 'TUNDA', '', '2015-02-23 19:38:16', '2015-02-19 14:09:16'),
(512, 2015030004, 160, '', 0, '50000.00', '2015-02-23 19:38:16', 'XXX', 'TUNDA', '', '2015-02-23 19:38:16', '2015-02-19 14:09:16'),
(513, 2015030004, 161, '', 0, '50000.00', '2015-02-23 19:38:16', 'XXX', 'TUNDA', '', '2015-02-23 19:38:16', '2015-02-19 14:09:16'),
(514, 2015030004, 162, '', 0, '50000.00', '2015-02-23 19:38:16', 'XXX', 'TUNDA', '', '2015-02-23 19:38:16', '2015-02-19 14:09:16'),
(515, 2015030004, 163, '', 0, '50000.00', '2015-02-23 19:38:16', 'XXX', 'TUNDA', '', '2015-02-23 19:38:16', '2015-02-19 14:09:16'),
(516, 2015030004, 164, '', 0, '50000.00', '2015-02-23 19:38:16', 'XXX', 'TUNDA', '', '2015-02-23 19:38:16', '2015-02-19 14:09:16'),
(517, 2015030004, 165, '', 0, '50000.00', '2015-02-23 19:38:16', 'XXX', 'TUNDA', '', '2015-02-23 19:38:16', '2015-02-19 14:09:16'),
(518, 2015030004, 166, '', 0, '50000.00', '2015-02-23 19:38:16', 'XXX', 'TUNDA', '', '2015-02-23 19:38:16', '2015-02-19 14:09:17'),
(519, 2015030004, 167, '', 0, '50000.00', '2015-02-23 19:38:16', 'XXX', 'TUNDA', '', '2015-02-23 19:38:16', '2015-02-19 14:09:17'),
(520, 2015030004, 168, '', 0, '50000.00', '2015-02-23 19:38:16', 'XXX', 'TUNDA', '', '2015-02-23 19:38:16', '2015-02-19 14:09:17'),
(521, 2015030004, 169, '', 0, '50000.00', '2015-02-23 19:38:16', 'XXX', 'TUNDA', '', '2015-02-23 19:38:16', '2015-02-19 14:09:17'),
(522, 2015030004, 170, '', 0, '50000.00', '2015-02-23 19:38:16', 'XXX', 'TUNDA', '', '2015-02-23 19:38:16', '2015-02-19 14:09:17'),
(523, 2015030004, 171, '', 0, '50000.00', '2015-02-23 19:38:16', 'XXX', 'TUNDA', '', '2015-02-23 19:38:16', '2015-02-19 14:09:17'),
(524, 2015030004, 172, '', 0, '50000.00', '2015-02-23 19:38:16', 'XXX', 'TUNDA', '', '2015-02-23 19:38:16', '2015-02-19 14:09:17'),
(525, 2015030004, 173, '', 0, '50000.00', '2015-02-23 19:38:16', 'XXX', 'TUNDA', '', '2015-02-23 19:38:16', '2015-02-19 14:09:17'),
(526, 2015030004, 174, '', 0, '50000.00', '2015-02-23 19:38:16', 'XXX', 'TUNDA', '', '2015-02-23 19:38:16', '2015-02-19 14:09:17'),
(527, 2015030004, 175, '', 0, '50000.00', '2015-02-23 19:38:16', 'XXX', 'TUNDA', '', '2015-02-23 19:38:16', '2015-02-19 14:09:17'),
(528, 2015030004, 176, '', 0, '50000.00', '2015-02-23 19:38:16', 'XXX', 'TUNDA', '', '2015-02-23 19:38:16', '2015-02-19 14:09:17'),
(529, 2015030004, 177, '', 0, '50000.00', '2015-02-23 19:38:16', 'XXX', 'TUNDA', '', '2015-02-23 19:38:16', '2015-02-19 14:09:17'),
(530, 2015030004, 178, '', 0, '50000.00', '2015-02-23 19:38:16', 'XXX', 'TUNDA', '', '2015-02-23 19:38:16', '2015-02-19 14:09:17'),
(531, 2015030004, 179, '', 0, '50000.00', '2015-02-23 19:38:16', 'XXX', 'TUNDA', '', '2015-02-23 19:38:16', '2015-02-19 14:09:17'),
(532, 2015030004, 180, '', 0, '50000.00', '2015-02-23 19:38:16', 'XXX', 'TUNDA', '', '2015-02-23 19:38:16', '2015-02-19 14:09:17'),
(533, 2015030004, 181, '', 0, '50000.00', '2015-02-23 19:38:16', 'XXX', 'TUNDA', '', '2015-02-23 19:38:16', '2015-02-19 14:09:17'),
(534, 2015030004, 182, '', 0, '50000.00', '2015-02-23 19:38:16', 'XXX', 'TUNDA', '', '2015-02-23 19:38:16', '2015-02-19 14:09:17'),
(535, 2015030004, 183, '', 0, '50000.00', '2015-02-23 19:38:16', 'XXX', 'TUNDA', '', '2015-02-23 19:38:16', '2015-02-19 14:09:17'),
(536, 2015030004, 184, '', 0, '50000.00', '2015-02-23 19:38:16', 'XXX', 'TUNDA', '', '2015-02-23 19:38:16', '2015-02-19 14:09:17'),
(537, 2015030004, 185, '', 0, '50000.00', '2015-02-23 19:38:16', 'XXX', 'TUNDA', '', '2015-02-23 19:38:16', '2015-02-19 14:09:17'),
(538, 2015030004, 186, '', 0, '50000.00', '2015-02-23 19:38:16', 'XXX', 'TUNDA', '', '2015-02-23 19:38:16', '2015-02-19 14:09:17'),
(539, 2015030004, 187, '', 0, '50000.00', '2015-02-23 19:38:16', 'XXX', 'TUNDA', '', '2015-02-23 19:38:16', '2015-02-19 14:09:17'),
(540, 2015030004, 188, '', 0, '50000.00', '2015-02-23 19:38:16', 'XXX', 'TUNDA', '', '2015-02-23 19:38:16', '2015-02-19 14:09:17'),
(541, 2015030004, 189, '', 0, '50000.00', '2015-02-23 19:38:16', 'XXX', 'TUNDA', '', '2015-02-23 19:38:16', '2015-02-19 14:09:17'),
(542, 2015030004, 190, '', 0, '50000.00', '2015-02-23 19:38:16', 'XXX', 'TUNDA', '', '2015-02-23 19:38:16', '2015-02-19 14:09:17'),
(543, 2015030004, 191, '', 0, '50000.00', '2015-02-23 19:38:16', 'XXX', 'TUNDA', '', '2015-02-23 19:38:16', '2015-02-19 14:09:17'),
(544, 2015030004, 192, '', 0, '50000.00', '2015-02-23 19:38:16', 'XXX', 'TUNDA', '', '2015-02-23 19:38:16', '2015-02-19 14:09:17'),
(545, 2015030004, 193, '', 0, '50000.00', '2015-02-23 19:38:16', 'XXX', 'TUNDA', '', '2015-02-23 19:38:16', '2015-02-19 14:09:17'),
(546, 2015030004, 194, '', 0, '50000.00', '2015-02-23 19:38:16', 'XXX', 'TUNDA', '', '2015-02-23 19:38:16', '2015-02-19 14:09:17'),
(547, 2015030004, 195, '', 0, '50000.00', '2015-02-23 19:38:16', 'XXX', 'TUNDA', '', '2015-02-23 19:38:16', '2015-02-19 14:09:17'),
(548, 2015030004, 196, '', 0, '50000.00', '2015-02-23 19:38:16', 'XXX', 'TUNDA', '', '2015-02-23 19:38:16', '2015-02-19 14:09:17'),
(549, 2015030004, 197, '', 0, '50000.00', '2015-02-23 19:38:16', 'XXX', 'TUNDA', '', '2015-02-23 19:38:16', '2015-02-19 14:09:17'),
(550, 2015030004, 198, '', 0, '50000.00', '2015-02-23 19:38:16', 'XXX', 'TUNDA', '', '2015-02-23 19:38:16', '2015-02-19 14:09:17'),
(551, 2015030004, 199, '', 0, '50000.00', '2015-02-23 19:38:16', 'XXX', 'TUNDA', '', '2015-02-23 19:38:16', '2015-02-19 14:09:17'),
(552, 2015030004, 200, '', 0, '50000.00', '2015-02-23 19:38:16', 'XXX', 'TUNDA', '', '2015-02-23 19:38:16', '2015-02-19 14:09:17'),
(553, 2015030004, 201, '', 0, '50000.00', '2015-02-23 19:38:16', 'XXX', 'TUNDA', '', '2015-02-23 19:38:16', '2015-02-19 14:09:17'),
(554, 2015030004, 202, '', 0, '50000.00', '2015-02-23 19:38:16', 'XXX', 'TUNDA', '', '2015-02-23 19:38:16', '2015-02-19 14:09:17'),
(555, 2015030004, 203, '', 0, '50000.00', '2015-02-23 19:38:16', 'XXX', 'TUNDA', '', '2015-02-23 19:38:16', '2015-02-19 14:09:17'),
(556, 2015030004, 204, '', 0, '50000.00', '2015-02-23 19:38:16', 'XXX', 'TUNDA', '', '2015-02-23 19:38:16', '2015-02-19 14:09:18'),
(557, 2015030004, 205, '', 0, '50000.00', '2015-02-23 19:38:16', 'XXX', 'TUNDA', '', '2015-02-23 19:38:16', '2015-02-19 14:09:18'),
(558, 2015030004, 206, '', 0, '50000.00', '2015-02-23 19:38:16', 'XXX', 'TUNDA', '', '2015-02-23 19:38:16', '2015-02-19 14:09:18'),
(559, 2015030004, 207, '', 0, '50000.00', '2015-02-23 19:38:16', 'XXX', 'TUNDA', '', '2015-02-23 19:38:16', '2015-02-19 14:09:18'),
(560, 2015030004, 208, '', 0, '50000.00', '2015-02-23 19:38:16', 'XXX', 'TUNDA', '', '2015-02-23 19:38:16', '2015-02-19 14:09:18'),
(561, 2015030004, 209, '', 0, '50000.00', '2015-02-23 19:38:16', 'XXX', 'TUNDA', '', '2015-02-23 19:38:16', '2015-02-19 14:09:18'),
(562, 2015030004, 210, '', 0, '50000.00', '2015-02-23 19:38:16', 'XXX', 'TUNDA', '', '2015-02-23 19:38:16', '2015-02-19 14:09:18'),
(563, 2015030004, 211, '', 0, '50000.00', '2015-02-23 19:38:16', 'XXX', 'TUNDA', '', '2015-02-23 19:38:16', '2015-02-19 14:09:18'),
(564, 2015030004, 212, '', 0, '50000.00', '2015-02-23 19:38:16', 'XXX', 'TUNDA', '', '2015-02-23 19:38:16', '2015-02-19 14:09:18'),
(565, 2015030004, 213, '', 0, '50000.00', '2015-02-23 19:38:16', 'XXX', 'TUNDA', '', '2015-02-23 19:38:16', '2015-02-19 14:09:18'),
(566, 2015030004, 214, '', 0, '50000.00', '2015-02-23 19:38:16', 'XXX', 'TUNDA', '', '2015-02-23 19:38:16', '2015-02-19 14:09:18'),
(567, 2015030004, 215, '', 0, '50000.00', '2015-02-23 19:38:16', 'XXX', 'TUNDA', '', '2015-02-23 19:38:16', '2015-02-19 14:09:18'),
(568, 2015030004, 216, '', 0, '50000.00', '2015-02-23 19:38:16', 'XXX', 'TUNDA', '', '2015-02-23 19:38:16', '2015-02-19 14:09:18'),
(569, 2015030004, 217, '', 0, '50000.00', '2015-02-23 19:38:16', 'XXX', 'TUNDA', '', '2015-02-23 19:38:16', '2015-02-19 14:09:18'),
(570, 2015030004, 218, '', 0, '50000.00', '2015-02-23 19:38:16', 'XXX', 'TUNDA', '', '2015-02-23 19:38:16', '2015-02-19 14:09:18'),
(571, 2015030004, 219, '', 0, '50000.00', '2015-02-23 19:38:16', 'XXX', 'TUNDA', '', '2015-02-23 19:38:16', '2015-02-19 14:09:18'),
(572, 2015030004, 220, '', 0, '50000.00', '2015-02-23 19:38:16', 'XXX', 'TUNDA', '', '2015-02-23 19:38:16', '2015-02-19 14:09:18'),
(573, 2015030004, 221, '', 0, '50000.00', '2015-02-23 19:38:16', 'XXX', 'TUNDA', '', '2015-02-23 19:38:16', '2015-02-19 14:09:18'),
(574, 2015030004, 222, '', 0, '50000.00', '2015-02-23 19:38:16', 'XXX', 'TUNDA', '', '2015-02-23 19:38:16', '2015-02-19 14:09:18'),
(575, 2015030004, 223, '', 0, '50000.00', '2015-02-23 19:38:16', 'XXX', 'TUNDA', '', '2015-02-23 19:38:16', '2015-02-19 14:09:18'),
(576, 2015030004, 224, '', 0, '50000.00', '2015-02-23 19:38:16', 'XXX', 'TUNDA', '', '2015-02-23 19:38:16', '2015-02-19 14:09:18'),
(577, 2015030004, 225, '', 0, '50000.00', '2015-02-23 19:38:16', 'XXX', 'TUNDA', '', '2015-02-23 19:38:16', '2015-02-19 14:09:18'),
(578, 2015030004, 226, '', 0, '50000.00', '2015-02-23 19:38:16', 'XXX', 'TUNDA', '', '2015-02-23 19:38:16', '2015-02-19 14:09:18'),
(579, 2015030004, 227, '', 0, '50000.00', '2015-02-23 19:38:16', 'XXX', 'TUNDA', '', '2015-02-23 19:38:16', '2015-02-19 14:09:18'),
(580, 2015030004, 228, '', 0, '50000.00', '2015-02-23 19:38:16', 'XXX', 'TUNDA', '', '2015-02-23 19:38:16', '2015-02-19 14:09:18'),
(581, 2015030004, 229, '', 0, '50000.00', '2015-02-23 19:38:16', 'XXX', 'TUNDA', '', '2015-02-23 19:38:16', '2015-02-19 14:09:18'),
(582, 2015030004, 230, '', 0, '50000.00', '2015-02-23 19:38:16', 'XXX', 'TUNDA', '', '2015-02-23 19:38:16', '2015-02-19 14:09:18'),
(583, 2015030004, 231, '', 0, '50000.00', '2015-02-23 19:38:16', 'XXX', 'TUNDA', '', '2015-02-23 19:38:16', '2015-02-19 14:09:18'),
(584, 2015030004, 232, '', 0, '50000.00', '2015-02-23 19:38:16', 'XXX', 'TUNDA', '', '2015-02-23 19:38:16', '2015-02-19 14:09:18'),
(585, 2015030004, 233, '', 0, '50000.00', '2015-02-23 19:38:16', 'XXX', 'TUNDA', '', '2015-02-23 19:38:16', '2015-02-19 14:09:18'),
(586, 2015030004, 234, '', 0, '50000.00', '2015-02-23 19:38:16', 'XXX', 'TUNDA', '', '2015-02-23 19:38:16', '2015-02-19 14:09:18'),
(587, 2015030004, 235, '', 0, '50000.00', '2015-02-23 19:38:16', 'XXX', 'TUNDA', '', '2015-02-23 19:38:16', '2015-02-19 14:09:18'),
(588, 2015030004, 236, '', 0, '50000.00', '2015-02-23 19:38:16', 'XXX', 'TUNDA', '', '2015-02-23 19:38:16', '2015-02-19 14:09:18'),
(589, 2015030004, 237, '', 0, '50000.00', '2015-02-23 19:38:16', 'XXX', 'TUNDA', '', '2015-02-23 19:38:16', '2015-02-19 14:09:18'),
(590, 2015030004, 238, '', 0, '50000.00', '2015-02-23 19:38:16', 'XXX', 'TUNDA', '', '2015-02-23 19:38:16', '2015-02-19 14:09:18'),
(591, 2015030004, 239, '', 0, '50000.00', '2015-02-23 19:38:16', 'XXX', 'TUNDA', '', '2015-02-23 19:38:16', '2015-02-19 14:09:19'),
(592, 2015030004, 240, '', 0, '50000.00', '2015-02-23 19:38:16', 'XXX', 'TUNDA', '', '2015-02-23 19:38:16', '2015-02-19 14:09:19'),
(593, 2015030004, 241, '', 0, '50000.00', '2015-02-23 19:38:16', 'XXX', 'TUNDA', '', '2015-02-23 19:38:16', '2015-02-19 14:09:19'),
(594, 2015030004, 242, '', 0, '50000.00', '2015-02-23 19:38:16', 'XXX', 'TUNDA', '', '2015-02-23 19:38:16', '2015-02-19 14:09:19'),
(595, 2015030004, 243, '', 0, '50000.00', '2015-02-23 19:38:16', 'XXX', 'TUNDA', '', '2015-02-23 19:38:16', '2015-02-19 14:09:19'),
(596, 2015030004, 244, '', 0, '50000.00', '2015-02-23 19:38:16', 'XXX', 'TUNDA', '', '2015-02-23 19:38:16', '2015-02-19 14:09:19'),
(597, 2015030004, 245, '', 0, '50000.00', '2015-02-23 19:38:16', 'XXX', 'TUNDA', '', '2015-02-23 19:38:16', '2015-02-19 14:09:19'),
(598, 2015030004, 246, '', 0, '50000.00', '2015-02-23 19:38:16', 'XXX', 'TUNDA', '', '2015-02-23 19:38:16', '2015-02-19 14:09:19'),
(599, 2015030004, 247, '', 0, '50000.00', '2015-02-23 19:38:16', 'XXX', 'TUNDA', '', '2015-02-23 19:38:16', '2015-02-19 14:09:19'),
(600, 2015030004, 248, '', 0, '50000.00', '2015-02-23 19:38:16', 'XXX', 'TUNDA', '', '2015-02-23 19:38:16', '2015-02-19 14:09:19'),
(601, 2015030004, 249, '', 0, '50000.00', '2015-02-23 19:38:16', 'XXX', 'TUNDA', '', '2015-02-23 19:38:16', '2015-02-19 14:09:19'),
(602, 2015030004, 250, '', 0, '50000.00', '2015-02-23 19:38:16', 'XXX', 'TUNDA', '', '2015-02-23 19:38:16', '2015-02-19 14:09:19'),
(603, 2015030004, 251, '', 0, '50000.00', '2015-02-23 19:38:16', 'XXX', 'TUNDA', '', '2015-02-23 19:38:16', '2015-02-19 14:09:19'),
(604, 2015030004, 252, '', 0, '50000.00', '2015-02-23 19:38:16', 'XXX', 'TUNDA', '', '2015-02-23 19:38:16', '2015-02-19 14:09:19'),
(605, 2015030004, 253, '', 0, '50000.00', '2015-02-23 19:38:16', 'XXX', 'TUNDA', '', '2015-02-23 19:38:16', '2015-02-19 14:09:19'),
(606, 2015030004, 254, '', 0, '50000.00', '2015-02-23 19:38:16', 'XXX', 'TUNDA', '', '2015-02-23 19:38:16', '2015-02-19 14:09:19'),
(607, 2015030004, 255, '', 0, '50000.00', '2015-02-23 19:38:16', 'XXX', 'TUNDA', '', '2015-02-23 19:38:16', '2015-02-19 14:09:19'),
(608, 2015030004, 256, '', 0, '50000.00', '2015-02-23 19:38:16', 'XXX', 'TUNDA', '', '2015-02-23 19:38:16', '2015-02-19 14:09:19'),
(609, 2015030004, 257, '', 0, '50000.00', '2015-02-23 19:38:16', 'XXX', 'TUNDA', '', '2015-02-23 19:38:16', '2015-02-19 14:09:19'),
(610, 2015030004, 258, '', 0, '50000.00', '2015-02-23 19:38:16', 'XXX', 'TUNDA', '', '2015-02-23 19:38:16', '2015-02-19 14:09:19'),
(611, 2015030004, 259, '', 0, '50000.00', '2015-02-23 19:38:16', 'XXX', 'TUNDA', '', '2015-02-23 19:38:16', '2015-02-19 14:09:19'),
(612, 2015030004, 260, '', 0, '50000.00', '2015-02-23 19:38:16', 'XXX', 'TUNDA', '', '2015-02-23 19:38:16', '2015-02-19 14:09:19'),
(613, 2015030004, 261, '', 0, '50000.00', '2015-02-23 19:38:16', 'XXX', 'TUNDA', '', '2015-02-23 19:38:16', '2015-02-19 14:09:19'),
(614, 2015030004, 262, '', 0, '50000.00', '2015-02-23 19:38:16', 'XXX', 'TUNDA', '', '2015-02-23 19:38:16', '2015-02-19 14:09:19'),
(615, 2015030004, 263, '', 0, '50000.00', '2015-02-23 19:38:16', 'XXX', 'TUNDA', '', '2015-02-23 19:38:16', '2015-02-19 14:09:19'),
(616, 2015030004, 264, '', 0, '50000.00', '2015-02-23 19:38:16', 'XXX', 'TUNDA', '', '2015-02-23 19:38:16', '2015-02-19 14:09:19'),
(617, 2015030004, 265, '', 0, '50000.00', '2015-02-23 19:38:16', 'XXX', 'TUNDA', '', '2015-02-23 19:38:16', '2015-02-19 14:09:19'),
(618, 2015030004, 266, '', 0, '50000.00', '2015-02-23 19:38:16', 'XXX', 'TUNDA', '', '2015-02-23 19:38:16', '2015-02-19 14:09:19'),
(619, 2015030004, 267, '', 0, '50000.00', '2015-02-23 19:38:16', 'XXX', 'TUNDA', '', '2015-02-23 19:38:16', '2015-02-19 14:09:19'),
(620, 2015030004, 268, '', 0, '50000.00', '2015-02-23 19:38:16', 'XXX', 'TUNDA', '', '2015-02-23 19:38:16', '2015-02-19 14:09:19'),
(621, 2015030004, 269, '', 0, '50000.00', '2015-02-23 19:38:16', 'XXX', 'TUNDA', '', '2015-02-23 19:38:16', '2015-02-19 14:09:19'),
(622, 2015030004, 270, '', 0, '50000.00', '2015-02-23 19:38:16', 'XXX', 'TUNDA', '', '2015-02-23 19:38:16', '2015-02-19 14:09:19'),
(623, 2015030004, 271, '', 0, '50000.00', '2015-02-23 19:38:16', 'XXX', 'TUNDA', '', '2015-02-23 19:38:16', '2015-02-19 14:09:19'),
(624, 2015030004, 272, '', 0, '50000.00', '2015-02-23 19:38:16', 'XXX', 'TUNDA', '', '2015-02-23 19:38:16', '2015-02-19 14:09:19'),
(625, 2015030004, 273, '', 0, '50000.00', '2015-02-23 19:38:16', 'XXX', 'TUNDA', '', '2015-02-23 19:38:16', '2015-02-19 14:09:19'),
(626, 2015030004, 274, '', 0, '50000.00', '2015-02-23 19:38:16', 'XXX', 'TUNDA', '', '2015-02-23 19:38:16', '2015-02-19 14:09:19'),
(627, 2015030004, 275, '', 0, '50000.00', '2015-02-23 19:38:16', 'XXX', 'TUNDA', '', '2015-02-23 19:38:16', '2015-02-19 14:09:19'),
(628, 2015030004, 276, '', 0, '50000.00', '2015-02-23 19:38:16', 'XXX', 'TUNDA', '', '2015-02-23 19:38:16', '2015-02-19 14:09:20'),
(629, 2015030004, 277, '', 0, '50000.00', '2015-02-23 19:38:16', 'XXX', 'TUNDA', '', '2015-02-23 19:38:16', '2015-02-19 14:09:20'),
(630, 2015030004, 278, '', 0, '50000.00', '2015-02-23 19:38:16', 'XXX', 'TUNDA', '', '2015-02-23 19:38:16', '2015-02-19 14:09:20'),
(631, 2015030004, 279, '', 0, '50000.00', '2015-02-23 19:38:16', 'XXX', 'TUNDA', '', '2015-02-23 19:38:16', '2015-02-19 14:09:20'),
(632, 2015030004, 280, '', 0, '50000.00', '2015-02-23 19:38:16', 'XXX', 'TUNDA', '', '2015-02-23 19:38:16', '2015-02-19 14:09:20'),
(633, 2015030004, 281, '', 0, '50000.00', '2015-02-23 19:38:16', 'XXX', 'TUNDA', '', '2015-02-23 19:38:16', '2015-02-19 14:09:20'),
(634, 2015030004, 282, '', 0, '50000.00', '2015-02-23 19:38:16', 'XXX', 'TUNDA', '', '2015-02-23 19:38:16', '2015-02-19 14:09:20'),
(635, 2015030004, 283, '', 0, '50000.00', '2015-02-23 19:38:16', 'XXX', 'TUNDA', '', '2015-02-23 19:38:16', '2015-02-19 14:09:20'),
(636, 2015030004, 284, '', 0, '50000.00', '2015-02-23 19:38:16', 'XXX', 'TUNDA', '', '2015-02-23 19:38:16', '2015-02-19 14:09:20'),
(637, 2015030004, 285, '', 0, '50000.00', '2015-02-23 19:38:16', 'XXX', 'TUNDA', '', '2015-02-23 19:38:16', '2015-02-19 14:09:20'),
(638, 2015030004, 286, '', 0, '50000.00', '2015-02-23 19:38:16', 'XXX', 'TUNDA', '', '2015-02-23 19:38:16', '2015-02-19 14:09:20'),
(639, 2015030004, 287, '', 0, '50000.00', '2015-02-23 19:38:16', 'XXX', 'TUNDA', '', '2015-02-23 19:38:16', '2015-02-19 14:09:20'),
(640, 2015030004, 288, '', 0, '50000.00', '2015-02-23 19:38:16', 'XXX', 'TUNDA', '', '2015-02-23 19:38:16', '2015-02-19 14:09:20'),
(641, 2015030004, 289, '', 0, '50000.00', '2015-02-23 19:38:16', 'XXX', 'TUNDA', '', '2015-02-23 19:38:16', '2015-02-19 14:09:20'),
(642, 2015030004, 290, '', 0, '50000.00', '2015-02-23 19:38:16', 'XXX', 'TUNDA', '', '2015-02-23 19:38:16', '2015-02-19 14:09:20'),
(643, 2015030004, 291, '', 0, '50000.00', '2015-02-23 19:38:16', 'XXX', 'TUNDA', '', '2015-02-23 19:38:16', '2015-02-19 14:09:20'),
(644, 2015030004, 292, '', 0, '50000.00', '2015-02-23 19:38:16', 'XXX', 'TUNDA', '', '2015-02-23 19:38:16', '2015-02-19 14:09:20'),
(645, 2015030004, 293, '', 0, '50000.00', '2015-02-23 19:38:16', 'XXX', 'TUNDA', '', '2015-02-23 19:38:16', '2015-02-19 14:09:20'),
(646, 2015030004, 294, '', 0, '50000.00', '2015-02-23 19:38:16', 'XXX', 'TUNDA', '', '2015-02-23 19:38:16', '2015-02-19 14:09:20'),
(647, 2015030004, 295, '', 0, '50000.00', '2015-02-23 19:38:16', 'XXX', 'TUNDA', '', '2015-02-23 19:38:16', '2015-02-19 14:09:20'),
(648, 2015030004, 296, '', 0, '50000.00', '2015-02-23 19:38:16', 'XXX', 'TUNDA', '', '2015-02-23 19:38:16', '2015-02-19 14:09:20'),
(649, 2015030004, 297, '', 0, '50000.00', '2015-02-23 19:38:16', 'XXX', 'TUNDA', '', '2015-02-23 19:38:16', '2015-02-19 14:09:20'),
(650, 2015030004, 298, '', 0, '50000.00', '2015-02-23 19:38:16', 'XXX', 'TUNDA', '', '2015-02-23 19:38:16', '2015-02-19 14:09:20'),
(651, 2015030004, 299, '', 0, '50000.00', '2015-02-23 19:38:16', 'XXX', 'TUNDA', '', '2015-02-23 19:38:16', '2015-02-19 14:09:20'),
(652, 2015030004, 300, '', 0, '50000.00', '2015-02-23 19:38:16', 'XXX', 'TUNDA', '', '2015-02-23 19:38:16', '2015-02-19 14:09:20'),
(653, 2015030004, 301, '', 0, '50000.00', '2015-02-23 19:38:16', 'XXX', 'TUNDA', '', '2015-02-23 19:38:16', '2015-02-19 14:09:20'),
(654, 2015030004, 302, '', 0, '50000.00', '2015-02-23 19:38:16', 'XXX', 'TUNDA', '', '2015-02-23 19:38:16', '2015-02-19 14:09:20'),
(655, 2015030004, 303, '', 0, '50000.00', '2015-02-23 19:38:16', 'XXX', 'TUNDA', '', '2015-02-23 19:38:16', '2015-02-19 14:09:20'),
(656, 2015030004, 304, '', 0, '50000.00', '2015-02-23 19:38:16', 'XXX', 'TUNDA', '', '2015-02-23 19:38:16', '2015-02-19 14:09:20'),
(657, 2015030004, 305, '', 0, '50000.00', '2015-02-23 19:38:16', 'XXX', 'TUNDA', '', '2015-02-23 19:38:16', '2015-02-19 14:09:20'),
(658, 2015030004, 306, '', 0, '50000.00', '2015-02-23 19:38:16', 'XXX', 'TUNDA', '', '2015-02-23 19:38:16', '2015-02-19 14:09:20'),
(659, 2015030004, 307, '', 0, '50000.00', '2015-02-23 19:38:16', 'XXX', 'TUNDA', '', '2015-02-23 19:38:16', '2015-02-19 14:09:20'),
(660, 2015030004, 308, '', 0, '50000.00', '2015-02-23 19:38:16', 'XXX', 'TUNDA', '', '2015-02-23 19:38:16', '2015-02-19 14:09:20'),
(661, 2015030004, 309, '', 0, '50000.00', '2015-02-23 19:38:16', 'XXX', 'TUNDA', '', '2015-02-23 19:38:16', '2015-02-19 14:09:20'),
(662, 2015030004, 310, '', 0, '50000.00', '2015-02-23 19:38:16', 'XXX', 'TUNDA', '', '2015-02-23 19:38:16', '2015-02-19 14:09:20'),
(663, 2015030004, 311, '', 0, '50000.00', '2015-02-23 19:38:16', 'XXX', 'TUNDA', '', '2015-02-23 19:38:16', '2015-02-19 14:09:20'),
(664, 2015030004, 312, '', 0, '50000.00', '2015-02-23 19:38:16', 'XXX', 'TUNDA', '', '2015-02-23 19:38:16', '2015-02-19 14:09:21'),
(665, 2015030004, 313, '', 0, '50000.00', '2015-02-23 19:38:16', 'XXX', 'TUNDA', '', '2015-02-23 19:38:16', '2015-02-19 14:09:21'),
(666, 2015030004, 314, '', 0, '50000.00', '2015-02-23 19:38:16', 'XXX', 'TUNDA', '', '2015-02-23 19:38:16', '2015-02-19 14:09:21'),
(667, 2015030004, 315, '', 0, '50000.00', '2015-02-23 19:38:16', 'XXX', 'TUNDA', '', '2015-02-23 19:38:16', '2015-02-19 14:09:21'),
(668, 2015030004, 316, '', 0, '50000.00', '2015-02-23 19:38:16', 'XXX', 'TUNDA', '', '2015-02-23 19:38:16', '2015-02-19 14:09:21'),
(669, 2015030004, 317, '', 0, '50000.00', '2015-02-23 19:38:16', 'XXX', 'TUNDA', '', '2015-02-23 19:38:16', '2015-02-19 14:09:21'),
(670, 2015030004, 318, '', 0, '50000.00', '2015-02-23 19:38:16', 'XXX', 'TUNDA', '', '2015-02-23 19:38:16', '2015-02-19 14:09:21'),
(671, 2015030004, 319, '', 0, '50000.00', '2015-02-23 19:38:16', 'XXX', 'TUNDA', '', '2015-02-23 19:38:16', '2015-02-19 14:09:21'),
(672, 2015030004, 320, '', 0, '50000.00', '2015-02-23 19:38:16', 'XXX', 'TUNDA', '', '2015-02-23 19:38:16', '2015-02-19 14:09:21'),
(673, 2015030004, 321, '', 0, '50000.00', '2015-02-23 19:38:16', 'XXX', 'TUNDA', '', '2015-02-23 19:38:16', '2015-02-19 14:09:21'),
(674, 2015030004, 322, '', 0, '50000.00', '2015-02-23 19:38:16', 'XXX', 'TUNDA', '', '2015-02-23 19:38:16', '2015-02-19 14:09:21'),
(675, 2015030004, 323, '', 0, '50000.00', '2015-02-23 19:38:16', 'XXX', 'TUNDA', '', '2015-02-23 19:38:16', '2015-02-19 14:09:21'),
(676, 2015030004, 324, '', 0, '50000.00', '2015-02-23 19:38:16', 'XXX', 'TUNDA', '', '2015-02-23 19:38:16', '2015-02-19 14:09:21'),
(677, 2015030004, 325, '', 0, '50000.00', '2015-02-23 19:38:16', 'XXX', 'TUNDA', '', '2015-02-23 19:38:16', '2015-02-19 14:09:21'),
(678, 2015030004, 326, '', 0, '50000.00', '2015-02-23 19:38:16', 'XXX', 'TUNDA', '', '2015-02-23 19:38:16', '2015-02-19 14:09:21'),
(679, 2015030004, 327, '', 0, '50000.00', '2015-02-23 19:38:16', 'XXX', 'TUNDA', '', '2015-02-23 19:38:16', '2015-02-19 14:09:21'),
(680, 2015030004, 328, '', 0, '50000.00', '2015-02-23 19:38:16', 'XXX', 'TUNDA', '', '2015-02-23 19:38:16', '2015-02-19 14:09:21'),
(681, 2015030004, 329, '', 0, '50000.00', '2015-02-23 19:38:16', 'XXX', 'TUNDA', '', '2015-02-23 19:38:16', '2015-02-19 14:09:21'),
(682, 2015030004, 330, '', 0, '50000.00', '2015-02-23 19:38:16', 'XXX', 'TUNDA', '', '2015-02-23 19:38:16', '2015-02-19 14:09:21'),
(683, 2015030004, 331, '', 0, '50000.00', '2015-02-23 19:38:16', 'XXX', 'TUNDA', '', '2015-02-23 19:38:16', '2015-02-19 14:09:21'),
(684, 2015030004, 332, '', 0, '50000.00', '2015-02-23 19:38:16', 'XXX', 'TUNDA', '', '2015-02-23 19:38:16', '2015-02-19 14:09:21'),
(685, 2015030004, 333, '', 0, '50000.00', '2015-02-23 19:38:16', 'XXX', 'TUNDA', '', '2015-02-23 19:38:16', '2015-02-19 14:09:21'),
(686, 2015030004, 334, '', 0, '50000.00', '2015-02-23 19:38:16', 'XXX', 'TUNDA', '', '2015-02-23 19:38:16', '2015-02-19 14:09:21'),
(687, 2015030004, 335, '', 0, '50000.00', '2015-02-23 19:38:16', 'XXX', 'TUNDA', '', '2015-02-23 19:38:16', '2015-02-19 14:09:21'),
(688, 2015030004, 336, '', 0, '50000.00', '2015-02-23 19:38:16', 'XXX', 'TUNDA', '', '2015-02-23 19:38:16', '2015-02-19 14:09:21'),
(689, 2015030004, 337, '', 0, '50000.00', '2015-02-23 19:38:16', 'XXX', 'TUNDA', '', '2015-02-23 19:38:16', '2015-02-19 14:09:21'),
(690, 2015030004, 338, '', 0, '50000.00', '2015-02-23 19:38:16', 'XXX', 'TUNDA', '', '2015-02-23 19:38:16', '2015-02-19 14:09:21'),
(691, 2015030004, 339, '', 0, '50000.00', '2015-02-23 19:38:16', 'XXX', 'TUNDA', '', '2015-02-23 19:38:16', '2015-02-19 14:09:21'),
(692, 2015030004, 340, '', 0, '50000.00', '2015-02-23 19:38:16', 'XXX', 'TUNDA', '', '2015-02-23 19:38:16', '2015-02-19 14:09:21'),
(693, 2015030004, 341, '', 0, '50000.00', '2015-02-23 19:38:16', 'XXX', 'TUNDA', '', '2015-02-23 19:38:16', '2015-02-19 14:09:21'),
(694, 2015030004, 342, '', 0, '50000.00', '2015-02-23 19:38:16', 'XXX', 'TUNDA', '', '2015-02-23 19:38:16', '2015-02-19 14:09:21'),
(695, 2015030004, 343, '', 0, '50000.00', '2015-02-23 19:38:16', 'XXX', 'TUNDA', '', '2015-02-23 19:38:16', '2015-02-19 14:09:21'),
(696, 2015030004, 344, '', 0, '50000.00', '2015-02-23 19:38:16', 'XXX', 'TUNDA', '', '2015-02-23 19:38:16', '2015-02-19 14:09:21'),
(697, 2015030004, 345, '', 0, '50000.00', '2015-02-23 19:38:16', 'XXX', 'TUNDA', '', '2015-02-23 19:38:16', '2015-02-19 14:09:21'),
(698, 2015030004, 346, '', 0, '50000.00', '2015-02-23 19:38:16', 'XXX', 'TUNDA', '', '2015-02-23 19:38:16', '2015-02-19 14:09:21'),
(699, 2014080002, 1, '', 0, '50000.00', '0000-00-00 00:00:00', 'XXX', 'TUNDA', '', '2015-03-07 21:42:28', '2015-03-07 21:42:28'),
(700, 2014080002, 2, '', 0, '50000.00', '0000-00-00 00:00:00', 'XXX', 'TUNDA', '', '2015-03-07 21:42:28', '2015-03-07 21:42:28'),
(701, 2014080002, 3, '', 0, '50000.00', '0000-00-00 00:00:00', 'XXX', 'TUNDA', '', '2015-03-07 21:42:28', '2015-03-07 21:42:28'),
(702, 2014080002, 4, '', 0, '50000.00', '0000-00-00 00:00:00', 'XXX', 'TUNDA', '', '2015-03-07 21:42:28', '2015-03-07 21:42:28'),
(703, 2014080002, 5, '', 0, '50000.00', '0000-00-00 00:00:00', 'XXX', 'TUNDA', '', '2015-03-07 21:42:28', '2015-03-07 21:42:28'),
(704, 2014080002, 6, '', 0, '50000.00', '0000-00-00 00:00:00', 'XXX', 'TUNDA', '', '2015-03-07 21:42:28', '2015-03-07 21:42:28'),
(705, 2014080002, 7, '', 0, '50000.00', '0000-00-00 00:00:00', 'XXX', 'TUNDA', '', '2015-03-07 21:42:28', '2015-03-07 21:42:28'),
(706, 2014080002, 8, '', 0, '50000.00', '0000-00-00 00:00:00', 'XXX', 'TUNDA', '', '2015-03-07 21:42:28', '2015-03-07 21:42:28'),
(707, 2014080002, 9, '', 0, '50000.00', '0000-00-00 00:00:00', 'XXX', 'TUNDA', '', '2015-03-07 21:42:28', '2015-03-07 21:42:28'),
(708, 2014080002, 10, '', 0, '50000.00', '0000-00-00 00:00:00', 'XXX', 'TUNDA', '', '2015-03-07 21:42:28', '2015-03-07 21:42:28'),
(709, 2014080002, 11, '', 0, '50000.00', '0000-00-00 00:00:00', 'XXX', 'TUNDA', '', '2015-03-07 21:42:28', '2015-03-07 21:42:28'),
(710, 2014080002, 12, '', 0, '50000.00', '0000-00-00 00:00:00', 'XXX', 'TUNDA', '', '2015-03-07 21:42:28', '2015-03-07 21:42:28'),
(711, 2014080002, 13, '', 0, '50000.00', '0000-00-00 00:00:00', 'XXX', 'TUNDA', '', '2015-03-07 21:42:28', '2015-03-07 21:42:28'),
(712, 2014080002, 14, '', 0, '50000.00', '0000-00-00 00:00:00', 'XXX', 'TUNDA', '', '2015-03-07 21:42:28', '2015-03-07 21:42:28'),
(713, 2014080002, 15, '', 0, '50000.00', '0000-00-00 00:00:00', 'XXX', 'TUNDA', '', '2015-03-07 21:42:28', '2015-03-07 21:42:28'),
(714, 2014080002, 16, '', 0, '50000.00', '0000-00-00 00:00:00', 'XXX', 'TUNDA', '', '2015-03-07 21:42:28', '2015-03-07 21:42:28'),
(715, 2014080002, 17, '', 0, '50000.00', '0000-00-00 00:00:00', 'XXX', 'TUNDA', '', '2015-03-07 21:42:28', '2015-03-07 21:42:28'),
(716, 2014080002, 18, '', 0, '50000.00', '0000-00-00 00:00:00', 'XXX', 'TUNDA', '', '2015-03-07 21:42:28', '2015-03-07 21:42:28'),
(717, 2014080002, 19, '', 0, '50000.00', '0000-00-00 00:00:00', 'XXX', 'TUNDA', '', '2015-03-07 21:42:29', '2015-03-07 21:42:29'),
(718, 2014080002, 20, '', 0, '50000.00', '0000-00-00 00:00:00', 'XXX', 'TUNDA', '', '2015-03-07 21:42:29', '2015-03-07 21:42:29'),
(719, 2014080002, 21, '', 0, '50000.00', '0000-00-00 00:00:00', 'XXX', 'TUNDA', '', '2015-03-07 21:42:29', '2015-03-07 21:42:29'),
(720, 2014080002, 22, '', 0, '50000.00', '0000-00-00 00:00:00', 'XXX', 'TUNDA', '', '2015-03-07 21:42:29', '2015-03-07 21:42:29'),
(721, 2014080002, 23, '', 0, '50000.00', '0000-00-00 00:00:00', 'XXX', 'TUNDA', '', '2015-03-07 21:42:29', '2015-03-07 21:42:29'),
(722, 2014080002, 24, '', 0, '50000.00', '0000-00-00 00:00:00', 'XXX', 'TUNDA', '', '2015-03-07 21:42:29', '2015-03-07 21:42:29'),
(723, 2014080002, 25, '', 0, '50000.00', '0000-00-00 00:00:00', 'XXX', 'TUNDA', '', '2015-03-07 21:42:29', '2015-03-07 21:42:29'),
(724, 2014080002, 26, '', 0, '50000.00', '0000-00-00 00:00:00', 'XXX', 'TUNDA', '', '2015-03-07 21:42:29', '2015-03-07 21:42:29'),
(725, 2014080002, 27, '', 0, '50000.00', '0000-00-00 00:00:00', 'XXX', 'TUNDA', '', '2015-03-07 21:42:29', '2015-03-07 21:42:29'),
(726, 2014080002, 28, '', 0, '50000.00', '0000-00-00 00:00:00', 'XXX', 'TUNDA', '', '2015-03-07 21:42:29', '2015-03-07 21:42:29'),
(727, 2014080002, 29, '', 0, '50000.00', '0000-00-00 00:00:00', 'XXX', 'TUNDA', '', '2015-03-07 21:42:29', '2015-03-07 21:42:29'),
(728, 2014080002, 30, '', 0, '50000.00', '0000-00-00 00:00:00', 'XXX', 'TUNDA', '', '2015-03-07 21:42:29', '2015-03-07 21:42:29'),
(729, 2014080002, 31, '', 0, '50000.00', '0000-00-00 00:00:00', 'XXX', 'TUNDA', '', '2015-03-07 21:42:29', '2015-03-07 21:42:29'),
(730, 2014080002, 32, '', 0, '50000.00', '0000-00-00 00:00:00', 'XXX', 'TUNDA', '', '2015-03-07 21:42:29', '2015-03-07 21:42:29'),
(731, 2014080002, 33, '', 0, '50000.00', '0000-00-00 00:00:00', 'XXX', 'TUNDA', '', '2015-03-07 21:42:29', '2015-03-07 21:42:29'),
(732, 2014080002, 34, '', 0, '50000.00', '0000-00-00 00:00:00', 'XXX', 'TUNDA', '', '2015-03-07 21:42:29', '2015-03-07 21:42:29'),
(733, 2014080002, 35, '', 0, '50000.00', '0000-00-00 00:00:00', 'XXX', 'TUNDA', '', '2015-03-07 21:42:29', '2015-03-07 21:42:29');
INSERT INTO `iurans` (`id`, `id_peserta`, `cicilan_ke`, `bulan`, `tahun`, `iuran`, `tanggal_bayar`, `id_bank`, `status`, `keterangan`, `created_at`, `updated_at`) VALUES
(734, 2014080002, 36, '', 0, '50000.00', '0000-00-00 00:00:00', 'XXX', 'TUNDA', '', '2015-03-07 21:42:29', '2015-03-07 21:42:29'),
(735, 2014080002, 37, '', 0, '50000.00', '0000-00-00 00:00:00', 'XXX', 'TUNDA', '', '2015-03-07 21:42:29', '2015-03-07 21:42:29'),
(736, 2014080002, 38, '', 0, '50000.00', '0000-00-00 00:00:00', 'XXX', 'TUNDA', '', '2015-03-07 21:42:29', '2015-03-07 21:42:29'),
(737, 2014080002, 39, '', 0, '50000.00', '0000-00-00 00:00:00', 'XXX', 'TUNDA', '', '2015-03-07 21:42:29', '2015-03-07 21:42:29'),
(738, 2014080002, 40, '', 0, '50000.00', '0000-00-00 00:00:00', 'XXX', 'TUNDA', '', '2015-03-07 21:42:29', '2015-03-07 21:42:29'),
(739, 2014080002, 41, '', 0, '50000.00', '0000-00-00 00:00:00', 'XXX', 'TUNDA', '', '2015-03-07 21:42:29', '2015-03-07 21:42:29'),
(740, 2014080002, 42, '', 0, '50000.00', '0000-00-00 00:00:00', 'XXX', 'TUNDA', '', '2015-03-07 21:42:30', '2015-03-07 21:42:30'),
(741, 2014080002, 43, '', 0, '50000.00', '0000-00-00 00:00:00', 'XXX', 'TUNDA', '', '2015-03-07 21:42:30', '2015-03-07 21:42:30'),
(742, 2014080002, 44, '', 0, '50000.00', '0000-00-00 00:00:00', 'XXX', 'TUNDA', '', '2015-03-07 21:42:30', '2015-03-07 21:42:30'),
(743, 2014080002, 45, '', 0, '50000.00', '0000-00-00 00:00:00', 'XXX', 'TUNDA', '', '2015-03-07 21:42:30', '2015-03-07 21:42:30'),
(744, 2014080002, 46, '', 0, '50000.00', '0000-00-00 00:00:00', 'XXX', 'TUNDA', '', '2015-03-07 21:42:30', '2015-03-07 21:42:30'),
(745, 2014080002, 47, '', 0, '50000.00', '0000-00-00 00:00:00', 'XXX', 'TUNDA', '', '2015-03-07 21:42:30', '2015-03-07 21:42:30'),
(746, 2014080002, 48, '', 0, '50000.00', '0000-00-00 00:00:00', 'XXX', 'TUNDA', '', '2015-03-07 21:42:30', '2015-03-07 21:42:30'),
(747, 2014080002, 49, '', 0, '50000.00', '0000-00-00 00:00:00', 'XXX', 'TUNDA', '', '2015-03-07 21:42:30', '2015-03-07 21:42:30'),
(748, 2014080002, 50, '', 0, '50000.00', '0000-00-00 00:00:00', 'XXX', 'TUNDA', '', '2015-03-07 21:42:30', '2015-03-07 21:42:30'),
(749, 2014080002, 51, '', 0, '50000.00', '0000-00-00 00:00:00', 'XXX', 'TUNDA', '', '2015-03-07 21:42:30', '2015-03-07 21:42:30'),
(750, 2014080002, 52, '', 0, '50000.00', '0000-00-00 00:00:00', 'XXX', 'TUNDA', '', '2015-03-07 21:42:30', '2015-03-07 21:42:30'),
(751, 2014080002, 53, '', 0, '50000.00', '0000-00-00 00:00:00', 'XXX', 'TUNDA', '', '2015-03-07 21:42:30', '2015-03-07 21:42:30'),
(752, 2014080002, 54, '', 0, '50000.00', '0000-00-00 00:00:00', 'XXX', 'TUNDA', '', '2015-03-07 21:42:30', '2015-03-07 21:42:30'),
(753, 2014080002, 55, '', 0, '50000.00', '0000-00-00 00:00:00', 'XXX', 'TUNDA', '', '2015-03-07 21:42:30', '2015-03-07 21:42:30'),
(754, 2014080002, 56, '', 0, '50000.00', '0000-00-00 00:00:00', 'XXX', 'TUNDA', '', '2015-03-07 21:42:30', '2015-03-07 21:42:30'),
(755, 2014080002, 57, '', 0, '50000.00', '0000-00-00 00:00:00', 'XXX', 'TUNDA', '', '2015-03-07 21:42:30', '2015-03-07 21:42:30'),
(756, 2014080002, 58, '', 0, '50000.00', '0000-00-00 00:00:00', 'XXX', 'TUNDA', '', '2015-03-07 21:42:30', '2015-03-07 21:42:30'),
(757, 2014080002, 59, '', 0, '50000.00', '0000-00-00 00:00:00', 'XXX', 'TUNDA', '', '2015-03-07 21:42:30', '2015-03-07 21:42:30'),
(758, 2014080002, 60, '', 0, '50000.00', '0000-00-00 00:00:00', 'XXX', 'TUNDA', '', '2015-03-07 21:42:30', '2015-03-07 21:42:30'),
(759, 2014080002, 61, '', 0, '50000.00', '0000-00-00 00:00:00', 'XXX', 'TUNDA', '', '2015-03-07 21:42:30', '2015-03-07 21:42:30'),
(760, 2014080002, 62, '', 0, '50000.00', '0000-00-00 00:00:00', 'XXX', 'TUNDA', '', '2015-03-07 21:42:30', '2015-03-07 21:42:30'),
(761, 2014080002, 63, '', 0, '50000.00', '0000-00-00 00:00:00', 'XXX', 'TUNDA', '', '2015-03-07 21:42:30', '2015-03-07 21:42:30'),
(762, 2014080002, 64, '', 0, '50000.00', '0000-00-00 00:00:00', 'XXX', 'TUNDA', '', '2015-03-07 21:42:31', '2015-03-07 21:42:31'),
(763, 2014080002, 65, '', 0, '50000.00', '0000-00-00 00:00:00', 'XXX', 'TUNDA', '', '2015-03-07 21:42:31', '2015-03-07 21:42:31'),
(764, 2014080002, 66, '', 0, '50000.00', '0000-00-00 00:00:00', 'XXX', 'TUNDA', '', '2015-03-07 21:42:31', '2015-03-07 21:42:31'),
(765, 2014080002, 67, '', 0, '50000.00', '0000-00-00 00:00:00', 'XXX', 'TUNDA', '', '2015-03-07 21:42:31', '2015-03-07 21:42:31'),
(766, 2014080002, 68, '', 0, '50000.00', '0000-00-00 00:00:00', 'XXX', 'TUNDA', '', '2015-03-07 21:42:31', '2015-03-07 21:42:31'),
(767, 2014080002, 69, '', 0, '50000.00', '0000-00-00 00:00:00', 'XXX', 'TUNDA', '', '2015-03-07 21:42:31', '2015-03-07 21:42:31'),
(768, 2014080002, 70, '', 0, '50000.00', '0000-00-00 00:00:00', 'XXX', 'TUNDA', '', '2015-03-07 21:42:31', '2015-03-07 21:42:31'),
(769, 2014080002, 71, '', 0, '50000.00', '0000-00-00 00:00:00', 'XXX', 'TUNDA', '', '2015-03-07 21:42:31', '2015-03-07 21:42:31'),
(770, 2014080002, 72, '', 0, '50000.00', '0000-00-00 00:00:00', 'XXX', 'TUNDA', '', '2015-03-07 21:42:31', '2015-03-07 21:42:31'),
(771, 2014080002, 73, '', 0, '50000.00', '0000-00-00 00:00:00', 'XXX', 'TUNDA', '', '2015-03-07 21:42:31', '2015-03-07 21:42:31'),
(772, 2014080002, 74, '', 0, '50000.00', '0000-00-00 00:00:00', 'XXX', 'TUNDA', '', '2015-03-07 21:42:31', '2015-03-07 21:42:31'),
(773, 2014080002, 75, '', 0, '50000.00', '0000-00-00 00:00:00', 'XXX', 'TUNDA', '', '2015-03-07 21:42:31', '2015-03-07 21:42:31'),
(774, 2014080002, 76, '', 0, '50000.00', '0000-00-00 00:00:00', 'XXX', 'TUNDA', '', '2015-03-07 21:42:31', '2015-03-07 21:42:31'),
(775, 2014080002, 77, '', 0, '50000.00', '0000-00-00 00:00:00', 'XXX', 'TUNDA', '', '2015-03-07 21:42:31', '2015-03-07 21:42:31'),
(776, 2014080002, 78, '', 0, '50000.00', '0000-00-00 00:00:00', 'XXX', 'TUNDA', '', '2015-03-07 21:42:31', '2015-03-07 21:42:31'),
(777, 2014080002, 79, '', 0, '50000.00', '0000-00-00 00:00:00', 'XXX', 'TUNDA', '', '2015-03-07 21:42:31', '2015-03-07 21:42:31'),
(778, 2014080002, 80, '', 0, '50000.00', '0000-00-00 00:00:00', 'XXX', 'TUNDA', '', '2015-03-07 21:42:31', '2015-03-07 21:42:31'),
(779, 2014080002, 81, '', 0, '50000.00', '0000-00-00 00:00:00', 'XXX', 'TUNDA', '', '2015-03-07 21:42:31', '2015-03-07 21:42:31'),
(780, 2014080002, 82, '', 0, '50000.00', '0000-00-00 00:00:00', 'XXX', 'TUNDA', '', '2015-03-07 21:42:31', '2015-03-07 21:42:31'),
(781, 2014080002, 83, '', 0, '50000.00', '0000-00-00 00:00:00', 'XXX', 'TUNDA', '', '2015-03-07 21:42:31', '2015-03-07 21:42:31'),
(782, 2014080002, 84, '', 0, '50000.00', '0000-00-00 00:00:00', 'XXX', 'TUNDA', '', '2015-03-07 21:42:31', '2015-03-07 21:42:31'),
(783, 2014080002, 85, '', 0, '50000.00', '0000-00-00 00:00:00', 'XXX', 'TUNDA', '', '2015-03-07 21:42:31', '2015-03-07 21:42:31'),
(784, 2014080002, 86, '', 0, '50000.00', '0000-00-00 00:00:00', 'XXX', 'TUNDA', '', '2015-03-07 21:42:31', '2015-03-07 21:42:31'),
(785, 2014080002, 87, '', 0, '50000.00', '0000-00-00 00:00:00', 'XXX', 'TUNDA', '', '2015-03-07 21:42:31', '2015-03-07 21:42:31'),
(786, 2014080002, 88, '', 0, '50000.00', '0000-00-00 00:00:00', 'XXX', 'TUNDA', '', '2015-03-07 21:42:31', '2015-03-07 21:42:31'),
(787, 2014080002, 89, '', 0, '50000.00', '0000-00-00 00:00:00', 'XXX', 'TUNDA', '', '2015-03-07 21:42:31', '2015-03-07 21:42:31'),
(788, 2014080002, 90, '', 0, '50000.00', '0000-00-00 00:00:00', 'XXX', 'TUNDA', '', '2015-03-07 21:42:31', '2015-03-07 21:42:31'),
(789, 2014080002, 91, '', 0, '50000.00', '0000-00-00 00:00:00', 'XXX', 'TUNDA', '', '2015-03-07 21:42:31', '2015-03-07 21:42:31'),
(790, 2014080002, 92, '', 0, '50000.00', '0000-00-00 00:00:00', 'XXX', 'TUNDA', '', '2015-03-07 21:42:31', '2015-03-07 21:42:31'),
(791, 2014080002, 93, '', 0, '50000.00', '0000-00-00 00:00:00', 'XXX', 'TUNDA', '', '2015-03-07 21:42:31', '2015-03-07 21:42:31'),
(792, 2014080002, 94, '', 0, '50000.00', '0000-00-00 00:00:00', 'XXX', 'TUNDA', '', '2015-03-07 21:42:31', '2015-03-07 21:42:31'),
(793, 2014080002, 95, '', 0, '50000.00', '0000-00-00 00:00:00', 'XXX', 'TUNDA', '', '2015-03-07 21:42:31', '2015-03-07 21:42:31'),
(794, 2014080002, 96, '', 0, '50000.00', '0000-00-00 00:00:00', 'XXX', 'TUNDA', '', '2015-03-07 21:42:32', '2015-03-07 21:42:32'),
(795, 2014080002, 97, '', 0, '50000.00', '0000-00-00 00:00:00', 'XXX', 'TUNDA', '', '2015-03-07 21:42:32', '2015-03-07 21:42:32'),
(796, 2014080002, 98, '', 0, '50000.00', '0000-00-00 00:00:00', 'XXX', 'TUNDA', '', '2015-03-07 21:42:32', '2015-03-07 21:42:32'),
(797, 2014080002, 99, '', 0, '50000.00', '0000-00-00 00:00:00', 'XXX', 'TUNDA', '', '2015-03-07 21:42:32', '2015-03-07 21:42:32'),
(798, 2014080002, 100, '', 0, '50000.00', '0000-00-00 00:00:00', 'XXX', 'TUNDA', '', '2015-03-07 21:42:32', '2015-03-07 21:42:32'),
(799, 2014080002, 101, '', 0, '50000.00', '0000-00-00 00:00:00', 'XXX', 'TUNDA', '', '2015-03-07 21:42:32', '2015-03-07 21:42:32'),
(800, 2014080002, 102, '', 0, '50000.00', '0000-00-00 00:00:00', 'XXX', 'TUNDA', '', '2015-03-07 21:42:32', '2015-03-07 21:42:32'),
(801, 2014080002, 103, '', 0, '50000.00', '0000-00-00 00:00:00', 'XXX', 'TUNDA', '', '2015-03-07 21:42:32', '2015-03-07 21:42:32'),
(802, 2014080002, 104, '', 0, '50000.00', '0000-00-00 00:00:00', 'XXX', 'TUNDA', '', '2015-03-07 21:42:32', '2015-03-07 21:42:32'),
(803, 2014080002, 105, '', 0, '50000.00', '0000-00-00 00:00:00', 'XXX', 'TUNDA', '', '2015-03-07 21:42:32', '2015-03-07 21:42:32'),
(804, 2014080002, 106, '', 0, '50000.00', '0000-00-00 00:00:00', 'XXX', 'TUNDA', '', '2015-03-07 21:42:32', '2015-03-07 21:42:32'),
(805, 2014080002, 107, '', 0, '50000.00', '0000-00-00 00:00:00', 'XXX', 'TUNDA', '', '2015-03-07 21:42:32', '2015-03-07 21:42:32'),
(806, 2014080002, 108, '', 0, '50000.00', '0000-00-00 00:00:00', 'XXX', 'TUNDA', '', '2015-03-07 21:42:32', '2015-03-07 21:42:32'),
(807, 2014080002, 109, '', 0, '50000.00', '0000-00-00 00:00:00', 'XXX', 'TUNDA', '', '2015-03-07 21:42:32', '2015-03-07 21:42:32'),
(808, 2014080002, 110, '', 0, '50000.00', '0000-00-00 00:00:00', 'XXX', 'TUNDA', '', '2015-03-07 21:42:32', '2015-03-07 21:42:32'),
(809, 2014080002, 111, '', 0, '50000.00', '0000-00-00 00:00:00', 'XXX', 'TUNDA', '', '2015-03-07 21:42:32', '2015-03-07 21:42:32'),
(810, 2014080002, 112, '', 0, '50000.00', '0000-00-00 00:00:00', 'XXX', 'TUNDA', '', '2015-03-07 21:42:32', '2015-03-07 21:42:32'),
(811, 2014080002, 113, '', 0, '50000.00', '0000-00-00 00:00:00', 'XXX', 'TUNDA', '', '2015-03-07 21:42:32', '2015-03-07 21:42:32'),
(812, 2014080002, 114, '', 0, '50000.00', '0000-00-00 00:00:00', 'XXX', 'TUNDA', '', '2015-03-07 21:42:32', '2015-03-07 21:42:32'),
(813, 2014080002, 115, '', 0, '50000.00', '0000-00-00 00:00:00', 'XXX', 'TUNDA', '', '2015-03-07 21:42:32', '2015-03-07 21:42:32'),
(814, 2014080002, 116, '', 0, '50000.00', '0000-00-00 00:00:00', 'XXX', 'TUNDA', '', '2015-03-07 21:42:32', '2015-03-07 21:42:32'),
(815, 2014080002, 117, '', 0, '50000.00', '0000-00-00 00:00:00', 'XXX', 'TUNDA', '', '2015-03-07 21:42:32', '2015-03-07 21:42:32'),
(816, 2014080002, 118, '', 0, '50000.00', '0000-00-00 00:00:00', 'XXX', 'TUNDA', '', '2015-03-07 21:42:32', '2015-03-07 21:42:32'),
(817, 2014080002, 119, '', 0, '50000.00', '0000-00-00 00:00:00', 'XXX', 'TUNDA', '', '2015-03-07 21:42:32', '2015-03-07 21:42:32'),
(818, 2014080002, 120, '', 0, '50000.00', '0000-00-00 00:00:00', 'XXX', 'TUNDA', '', '2015-03-07 21:42:32', '2015-03-07 21:42:32'),
(819, 2014080002, 121, '', 0, '50000.00', '0000-00-00 00:00:00', 'XXX', 'TUNDA', '', '2015-03-07 21:42:32', '2015-03-07 21:42:32'),
(820, 2014080002, 122, '', 0, '50000.00', '0000-00-00 00:00:00', 'XXX', 'TUNDA', '', '2015-03-07 21:42:32', '2015-03-07 21:42:32'),
(821, 2014080002, 123, '', 0, '50000.00', '0000-00-00 00:00:00', 'XXX', 'TUNDA', '', '2015-03-07 21:42:32', '2015-03-07 21:42:32'),
(822, 2014080002, 124, '', 0, '50000.00', '0000-00-00 00:00:00', 'XXX', 'TUNDA', '', '2015-03-07 21:42:32', '2015-03-07 21:42:32'),
(823, 2014080002, 125, '', 0, '50000.00', '0000-00-00 00:00:00', 'XXX', 'TUNDA', '', '2015-03-07 21:42:32', '2015-03-07 21:42:32'),
(824, 2014080002, 126, '', 0, '50000.00', '0000-00-00 00:00:00', 'XXX', 'TUNDA', '', '2015-03-07 21:42:32', '2015-03-07 21:42:32'),
(825, 2014080002, 127, '', 0, '50000.00', '0000-00-00 00:00:00', 'XXX', 'TUNDA', '', '2015-03-07 21:42:32', '2015-03-07 21:42:32'),
(826, 2014080002, 128, '', 0, '50000.00', '0000-00-00 00:00:00', 'XXX', 'TUNDA', '', '2015-03-07 21:42:32', '2015-03-07 21:42:32'),
(827, 2014080002, 129, '', 0, '50000.00', '0000-00-00 00:00:00', 'XXX', 'TUNDA', '', '2015-03-07 21:42:32', '2015-03-07 21:42:32');

-- --------------------------------------------------------

--
-- Table structure for table `manfaats`
--

CREATE TABLE IF NOT EXISTS `manfaats` (
  `id` int(4) NOT NULL AUTO_INCREMENT,
  `id_paket` varchar(5) NOT NULL,
  `bulan` int(4) NOT NULL,
  `manfaat` decimal(18,2) NOT NULL,
  `santunan` decimal(18,2) NOT NULL,
  `tambahan` decimal(18,2) NOT NULL,
  `created_at` timestamp NOT NULL DEFAULT CURRENT_TIMESTAMP ON UPDATE CURRENT_TIMESTAMP,
  `updated_at` timestamp NOT NULL DEFAULT '0000-00-00 00:00:00',
  PRIMARY KEY (`id`),
  UNIQUE KEY `id_paket` (`id_paket`,`bulan`),
  KEY `bulan` (`bulan`)
) ENGINE=InnoDB  DEFAULT CHARSET=latin1 AUTO_INCREMENT=5 ;

--
-- Dumping data for table `manfaats`
--

INSERT INTO `manfaats` (`id`, `id_paket`, `bulan`, `manfaat`, `santunan`, `tambahan`, `created_at`, `updated_at`) VALUES
(1, 'A-50', 1, '37324.00', '0.00', '0.00', '0000-00-00 00:00:00', '0000-00-00 00:00:00'),
(2, 'A-50', 2, '74647.00', '0.00', '0.00', '2015-02-19 07:55:36', '2015-02-19 07:55:36'),
(3, 'A-50', 3, '111971.00', '0.00', '0.00', '2015-02-19 07:56:06', '2015-02-19 07:56:06'),
(4, 'A-50', 4, '149295.00', '0.00', '0.00', '2015-03-02 06:07:13', '2015-03-02 06:07:13');

-- --------------------------------------------------------

--
-- Table structure for table `migrations`
--

CREATE TABLE IF NOT EXISTS `migrations` (
  `migration` varchar(255) COLLATE utf8_unicode_ci NOT NULL,
  `batch` int(11) NOT NULL
) ENGINE=InnoDB DEFAULT CHARSET=utf8 COLLATE=utf8_unicode_ci;

--
-- Dumping data for table `migrations`
--

INSERT INTO `migrations` (`migration`, `batch`) VALUES
('2012_12_06_225921_migration_cartalyst_sentry_install_users', 1),
('2012_12_06_225929_migration_cartalyst_sentry_install_groups', 1),
('2012_12_06_225945_migration_cartalyst_sentry_install_users_groups_pivot', 1),
('2012_12_06_225988_migration_cartalyst_sentry_install_throttle', 1);

-- --------------------------------------------------------

--
-- Table structure for table `pakets`
--

CREATE TABLE IF NOT EXISTS `pakets` (
  `id_paket` varchar(5) NOT NULL,
  `nama_paket` varchar(60) NOT NULL,
  `iuran` decimal(18,2) NOT NULL,
  `premi` decimal(18,2) NOT NULL,
  `operasional` decimal(18,2) NOT NULL,
  `cadangan` decimal(18,2) NOT NULL,
  `created_at` timestamp NOT NULL DEFAULT CURRENT_TIMESTAMP ON UPDATE CURRENT_TIMESTAMP,
  `updated_at` timestamp NOT NULL DEFAULT '0000-00-00 00:00:00',
  PRIMARY KEY (`id_paket`)
) ENGINE=InnoDB DEFAULT CHARSET=latin1;

--
-- Dumping data for table `pakets`
--

INSERT INTO `pakets` (`id_paket`, `nama_paket`, `iuran`, `premi`, `operasional`, `cadangan`, `created_at`, `updated_at`) VALUES
('A-50', 'A-50000', '50000.00', '9200.00', '5000.00', '35800.00', '0000-00-00 00:00:00', '0000-00-00 00:00:00');

-- --------------------------------------------------------

--
-- Table structure for table `pdams`
--

CREATE TABLE IF NOT EXISTS `pdams` (
  `id_pdam` int(4) NOT NULL AUTO_INCREMENT,
  `nama_pdam` varchar(60) NOT NULL,
  `alamat` varchar(255) NOT NULL,
  `telepon` varchar(20) NOT NULL,
  `fax` varchar(20) NOT NULL,
  `created_at` timestamp NOT NULL DEFAULT CURRENT_TIMESTAMP ON UPDATE CURRENT_TIMESTAMP,
  `updated_at` timestamp NOT NULL DEFAULT '0000-00-00 00:00:00',
  PRIMARY KEY (`id_pdam`)
) ENGINE=InnoDB  DEFAULT CHARSET=latin1 AUTO_INCREMENT=3 ;

--
-- Dumping data for table `pdams`
--

INSERT INTO `pdams` (`id_pdam`, `nama_pdam`, `alamat`, `telepon`, `fax`, `created_at`, `updated_at`) VALUES
(1, 'PDAM TIRTA HANDAYANI', 'KABUPATEN GUNUNG KIDUL JL. KI AGENG GIRING 12 WONOSARI. GUNUNG KIDUL - 55931', '0856', '021', '2015-03-02 13:10:00', '2015-03-02 06:10:00'),
(2, 'PDAM KOTA SURAKARTA', 'JL. ADI SUCIPTO NO 143 SURAKARTA -57145', '', '', '0000-00-00 00:00:00', '0000-00-00 00:00:00');

-- --------------------------------------------------------

--
-- Table structure for table `pesertas`
--

CREATE TABLE IF NOT EXISTS `pesertas` (
  `id_peserta` int(8) NOT NULL,
  `nama_peserta` varchar(60) NOT NULL,
  `tempat_lahir` varchar(60) NOT NULL,
  `tanggal_lahir` date NOT NULL,
  `jenis_kelamin` varchar(9) NOT NULL,
  `alamat` varchar(255) NOT NULL,
  `telpon` varchar(20) NOT NULL,
  `handphone` varchar(20) NOT NULL,
  `id_pdam` int(4) NOT NULL,
  `id_paket` varchar(5) NOT NULL,
  `tanggal_masuk` date NOT NULL DEFAULT '0000-00-00',
  `tanggal_berhenti` date NOT NULL DEFAULT '0000-00-00',
  `tanggal_proses` date NOT NULL DEFAULT '0000-00-00',
  `nama_ahli_waris` varchar(60) NOT NULL,
  `id_bank` varchar(3) NOT NULL,
  `nomor_rekening` varchar(20) NOT NULL,
  `atas_nama` varchar(60) NOT NULL,
  `id_status` int(2) NOT NULL,
  `created_at` timestamp NOT NULL DEFAULT CURRENT_TIMESTAMP ON UPDATE CURRENT_TIMESTAMP,
  `updated_at` timestamp NOT NULL DEFAULT '0000-00-00 00:00:00',
  PRIMARY KEY (`id_peserta`),
  KEY `id_pdam` (`id_pdam`),
  KEY `id_paket` (`id_paket`),
  KEY `id_status` (`id_status`),
  KEY `id_bank` (`id_bank`)
) ENGINE=InnoDB DEFAULT CHARSET=latin1;

--
-- Dumping data for table `pesertas`
--

INSERT INTO `pesertas` (`id_peserta`, `nama_peserta`, `tempat_lahir`, `tanggal_lahir`, `jenis_kelamin`, `alamat`, `telpon`, `handphone`, `id_pdam`, `id_paket`, `tanggal_masuk`, `tanggal_berhenti`, `tanggal_proses`, `nama_ahli_waris`, `id_bank`, `nomor_rekening`, `atas_nama`, `id_status`, `created_at`, `updated_at`) VALUES
(2014080001, 'HARUN', 'PURWOREJO', '1989-06-09', 'L', 'PURWOREJO', '085', '085', 1, 'A-50', '2014-08-09', '1970-01-01', '1970-01-01', 'YUSUF', 'BRI', '021', 'HARUN', 6, '2015-03-02 06:24:51', '2015-03-02 06:24:51'),
(2014080002, 'AGUSTINO', 'JAKARTA', '1970-01-01', 'L', 'KP MELAYU CIPINANG MUARA', '0213456789', '08976542244', 1, 'A-50', '2014-08-03', '1970-01-01', '1970-01-01', 'SETIAWAN', 'BRI', '89677777777', 'FIRAUN', 6, '2015-03-07 21:42:28', '2015-03-07 21:42:28'),
(2015010002, 'TOEKO TRIYANTO', 'YOGYAKARTA', '1984-06-19', 'L', 'GRIYA KOTA BEKASI 2 B29/2', '085920527954', '085920527954', 1, 'A-50', '2015-01-19', '1970-01-01', '1970-01-01', 'ADITYA PRATAMA SAPUTRA', 'BRI', '87736545554', 'TOEKO TRIYANTO', 0, '2015-02-23 20:37:48', '2015-02-23 13:37:48'),
(2015010003, 'LINA TRI KUSUMAWATI', 'BANDUNG', '2014-02-12', 'P', 'GRIYA KOTA BEKASI 2', '085920527954', '085920527954', 2, 'A-50', '2014-01-02', '1970-01-01', '1970-01-01', 'ADITYA PRATAMA SAPUTRA', 'BRI', '87736545554', 'TOEKO TRIYANTO', 6, '2015-02-23 20:38:03', '2015-02-23 13:38:03'),
(2015030002, 'ASEP JAENUDIN', 'JAKARTA', '1980-06-19', 'L', 'kp', '087883654211', '087883654211', 1, 'A-50', '2015-03-14', '1970-01-01', '1970-01-01', 'ARDIAN', 'MDR', '4567890', 'MISKUN', 6, '2015-02-23 20:38:20', '2015-02-23 13:38:20'),
(2015030003, 'ASEP JAENUDIN', 'JAKARTA', '1980-06-19', 'L', 'bekasi', '087883654211', '087883654211', 1, 'A-50', '2015-03-14', '1970-01-01', '1970-01-01', 'ARDIAN', 'MDR', '4567890', 'MISKUN', 6, '2015-02-23 20:38:38', '2015-02-23 13:38:38'),
(2015030004, 'LINA TRIKUSUSM', 'JAKARTA', '1988-01-18', 'P', 'GRIYA KOTA BEKASI 2', '087883654211', '087883654211', 1, 'A-50', '2015-03-14', '1970-01-01', '1970-01-01', 'AKMAL IBRAHIM', 'MDR', '123333333333', 'LINA TRIKUSUMAWATI', 6, '2015-02-23 20:38:54', '2015-02-23 13:38:54');

-- --------------------------------------------------------

--
-- Table structure for table `status`
--

CREATE TABLE IF NOT EXISTS `status` (
  `id_status` int(2) NOT NULL,
  `keterangan` varchar(60) NOT NULL,
  `tarif` int(3) NOT NULL,
  `created_at` timestamp NOT NULL DEFAULT CURRENT_TIMESTAMP ON UPDATE CURRENT_TIMESTAMP,
  `updated_at` timestamp NOT NULL DEFAULT '0000-00-00 00:00:00',
  PRIMARY KEY (`id_status`)
) ENGINE=InnoDB DEFAULT CHARSET=latin1;

--
-- Dumping data for table `status`
--

INSERT INTO `status` (`id_status`, `keterangan`, `tarif`, `created_at`, `updated_at`) VALUES
(0, 'AKTIF', 100, '2015-01-13 09:03:07', '0000-00-00 00:00:00'),
(1, 'PENSIUN NORMAL', 100, '2015-01-13 09:03:18', '0000-00-00 00:00:00'),
(2, 'PENSIUN DITUNDA', 40, '2015-01-13 09:03:27', '0000-00-00 00:00:00'),
(3, 'PENSIUN DIPERCEPAT', 40, '2015-01-13 09:03:36', '0000-00-00 00:00:00'),
(4, 'MENINGGAL DUNIA', 100, '2015-01-13 09:03:48', '0000-00-00 00:00:00'),
(5, 'MENINGGAL DUNIA ( BUNUH DIRI )', 100, '2015-01-13 09:04:00', '0000-00-00 00:00:00'),
(6, 'PENDAFTARAN', 0, '2015-01-19 06:51:58', '2015-01-19 06:51:58');

-- --------------------------------------------------------

--
-- Table structure for table `throttle`
--

CREATE TABLE IF NOT EXISTS `throttle` (
  `id` int(10) unsigned NOT NULL AUTO_INCREMENT,
  `user_id` int(10) unsigned DEFAULT NULL,
  `ip_address` varchar(255) COLLATE utf8_unicode_ci DEFAULT NULL,
  `attempts` int(11) NOT NULL DEFAULT '0',
  `suspended` tinyint(1) NOT NULL DEFAULT '0',
  `banned` tinyint(1) NOT NULL DEFAULT '0',
  `last_attempt_at` timestamp NULL DEFAULT NULL,
  `suspended_at` timestamp NULL DEFAULT NULL,
  `banned_at` timestamp NULL DEFAULT NULL,
  PRIMARY KEY (`id`),
  KEY `throttle_user_id_index` (`user_id`)
) ENGINE=InnoDB  DEFAULT CHARSET=utf8 COLLATE=utf8_unicode_ci AUTO_INCREMENT=5 ;

--
-- Dumping data for table `throttle`
--

INSERT INTO `throttle` (`id`, `user_id`, `ip_address`, `attempts`, `suspended`, `banned`, `last_attempt_at`, `suspended_at`, `banned_at`) VALUES
(1, 1, '127.0.0.1', 2, 0, 0, '2015-01-12 21:15:31', NULL, NULL),
(2, 1, '::1', 4, 0, 0, '2015-02-13 18:20:05', NULL, NULL),
(3, 2, '::1', 1, 0, 0, '2015-02-02 06:42:51', NULL, NULL),
(4, 3, '::1', 0, 0, 0, NULL, NULL, NULL);

-- --------------------------------------------------------

--
-- Table structure for table `users`
--

CREATE TABLE IF NOT EXISTS `users` (
  `id` int(10) unsigned NOT NULL AUTO_INCREMENT,
  `email` varchar(255) COLLATE utf8_unicode_ci NOT NULL,
  `password` varchar(255) COLLATE utf8_unicode_ci NOT NULL,
  `permissions` text COLLATE utf8_unicode_ci,
  `activated` tinyint(1) NOT NULL DEFAULT '0',
  `activation_code` varchar(255) COLLATE utf8_unicode_ci DEFAULT NULL,
  `activated_at` timestamp NULL DEFAULT NULL,
  `last_login` timestamp NULL DEFAULT NULL,
  `persist_code` varchar(255) COLLATE utf8_unicode_ci DEFAULT NULL,
  `reset_password_code` varchar(255) COLLATE utf8_unicode_ci DEFAULT NULL,
  `first_name` varchar(255) COLLATE utf8_unicode_ci DEFAULT NULL,
  `last_name` varchar(255) COLLATE utf8_unicode_ci DEFAULT NULL,
  `created_at` timestamp NOT NULL DEFAULT '0000-00-00 00:00:00',
  `updated_at` timestamp NOT NULL DEFAULT '0000-00-00 00:00:00',
  PRIMARY KEY (`id`),
  UNIQUE KEY `users_email_unique` (`email`),
  KEY `users_activation_code_index` (`activation_code`),
  KEY `users_reset_password_code_index` (`reset_password_code`)
) ENGINE=InnoDB  DEFAULT CHARSET=utf8 COLLATE=utf8_unicode_ci AUTO_INCREMENT=4 ;

--
-- Dumping data for table `users`
--

INSERT INTO `users` (`id`, `email`, `password`, `permissions`, `activated`, `activation_code`, `activated_at`, `last_login`, `persist_code`, `reset_password_code`, `first_name`, `last_name`, `created_at`, `updated_at`) VALUES
(3, 'to.eko.triyanto@gmail.com', 'qaCLhR3bRkf0w7C1cc15bf1bf8ad30c462651522ea6ffd6086efacca3d2092936e2abd7fe24ef801', NULL, 1, NULL, NULL, '2015-02-17 08:06:17', 'TqZFjCVrtmSONtxg47af9fe5b389fee6c1dc5e22c05b922034265307999c176b03fa190acc859a63', NULL, 'toeko', 'triyanto', '2015-02-17 08:06:01', '2015-02-17 08:06:17');

-- --------------------------------------------------------

--
-- Table structure for table `users_groups`
--

CREATE TABLE IF NOT EXISTS `users_groups` (
  `user_id` int(10) unsigned NOT NULL,
  `group_id` int(10) unsigned NOT NULL,
  PRIMARY KEY (`user_id`,`group_id`)
) ENGINE=InnoDB DEFAULT CHARSET=utf8 COLLATE=utf8_unicode_ci;

--
-- Dumping data for table `users_groups`
--

INSERT INTO `users_groups` (`user_id`, `group_id`) VALUES
(3, 1);

--
-- Constraints for dumped tables
--

--
-- Constraints for table `acc_journal_details`
--
ALTER TABLE `acc_journal_details`
  ADD CONSTRAINT `acc_journal_details_ibfk_1` FOREIGN KEY (`no_bukti`) REFERENCES `acc_journal_headers` (`no_bukti`);

--
-- Constraints for table `claims`
--
ALTER TABLE `claims`
  ADD CONSTRAINT `claims_ibfk_1` FOREIGN KEY (`id_peserta`) REFERENCES `pesertas` (`id_peserta`),
  ADD CONSTRAINT `claims_ibfk_2` FOREIGN KEY (`id_status`) REFERENCES `status` (`id_status`),
  ADD CONSTRAINT `claims_ibfk_3` FOREIGN KEY (`id_bank`) REFERENCES `banks` (`id_bank`);

--
-- Constraints for table `iurans`
--
ALTER TABLE `iurans`
  ADD CONSTRAINT `iurans_ibfk_1` FOREIGN KEY (`id_peserta`) REFERENCES `pesertas` (`id_peserta`);

--
-- Constraints for table `manfaats`
--
ALTER TABLE `manfaats`
  ADD CONSTRAINT `manfaats_ibfk_1` FOREIGN KEY (`id_paket`) REFERENCES `pakets` (`id_paket`);

--
-- Constraints for table `pesertas`
--
ALTER TABLE `pesertas`
  ADD CONSTRAINT `pesertas_ibfk_1` FOREIGN KEY (`id_pdam`) REFERENCES `pdams` (`id_pdam`),
  ADD CONSTRAINT `pesertas_ibfk_2` FOREIGN KEY (`id_paket`) REFERENCES `pakets` (`id_paket`),
  ADD CONSTRAINT `pesertas_ibfk_3` FOREIGN KEY (`id_status`) REFERENCES `status` (`id_status`),
  ADD CONSTRAINT `pesertas_ibfk_4` FOREIGN KEY (`id_bank`) REFERENCES `banks` (`id_bank`);

/*!40101 SET CHARACTER_SET_CLIENT=@OLD_CHARACTER_SET_CLIENT */;
/*!40101 SET CHARACTER_SET_RESULTS=@OLD_CHARACTER_SET_RESULTS */;
/*!40101 SET COLLATION_CONNECTION=@OLD_COLLATION_CONNECTION */;
